[    2501ms] [INFO] %cDownload the React DevTools for a better development experience: https://react.dev/link/react-devtools font-weight:bold @ http://localhost:4300/_next/static/chunks/ee53c_next_dist_compiled_react-dom_20e176._.js:13948
[    3563ms] [LOG] [Fast Refresh] rebuilding @ http://localhost:4300/_next/static/chunks/ee53c_next_dist_client_e5d7a3._.js:13665
[    4070ms] [LOG] [Fast Refresh] rebuilding @ http://localhost:4300/_next/static/chunks/ee53c_next_dist_client_e5d7a3._.js:13665
[    4503ms] [LOG] [Fast Refresh] rebuilding @ http://localhost:4300/_next/static/chunks/ee53c_next_dist_client_e5d7a3._.js:13665
[    4894ms] [LOG] [Fast Refresh] rebuilding @ http://localhost:4300/_next/static/chunks/ee53c_next_dist_client_e5d7a3._.js:13665
[   12191ms] [WARNING] The resource http://localhost:4300/_next/static/chunks/%5Broot%20of%20the%20server%5D__c7eba6._.css was preloaded using link preload but not used within a few seconds from the window's load event. Please make sure it has an appropriate `as` value and it is preloaded intentionally. @ http://localhost:4300/fr:0
[   16752ms] [LOG] [Fast Refresh] rebuilding @ http://localhost:4300/_next/static/chunks/ee53c_next_dist_client_e5d7a3._.js:13665
[  305766ms] [LOG] [Fast Refresh] rebuilding @ http://localhost:4300/_next/static/chunks/ee53c_next_dist_client_e5d7a3._.js:13665
[  353024ms] [LOG] [Fast Refresh] rebuilding @ http://localhost:4300/_next/static/chunks/ee53c_next_dist_client_e5d7a3._.js:13665
[  402745ms] [LOG] [Fast Refresh] rebuilding @ http://localhost:4300/_next/static/chunks/ee53c_next_dist_client_e5d7a3._.js:13665
[  415046ms] [LOG] [Fast Refresh] rebuilding @ http://localhost:4300/_next/static/chunks/ee53c_next_dist_client_e5d7a3._.js:13665
[  423316ms] [LOG] [Fast Refresh] rebuilding @ http://localhost:4300/_next/static/chunks/ee53c_next_dist_client_e5d7a3._.js:13665
[  423401ms] [LOG] [Fast Refresh] rebuilding @ http://localhost:4300/_next/static/chunks/ee53c_next_dist_client_e5d7a3._.js:13665
[  423488ms] [LOG] [Fast Refresh] rebuilding @ http://localhost:4300/_next/static/chunks/ee53c_next_dist_client_e5d7a3._.js:13665
[  429672ms] [LOG] [Fast Refresh] rebuilding @ http://localhost:4300/_next/static/chunks/ee53c_next_dist_client_e5d7a3._.js:13665
[  435441ms] [LOG] [Fast Refresh] rebuilding @ http://localhost:4300/_next/static/chunks/ee53c_next_dist_client_e5d7a3._.js:13665
[  475233ms] [LOG] [Fast Refresh] rebuilding @ http://localhost:4300/_next/static/chunks/ee53c_next_dist_client_e5d7a3._.js:13665
[  477167ms] [LOG] [Fast Refresh] rebuilding @ http://localhost:4300/_next/static/chunks/ee53c_next_dist_client_e5d7a3._.js:13665
[  479750ms] [LOG] [Fast Refresh] rebuilding @ http://localhost:4300/_next/static/chunks/ee53c_next_dist_client_e5d7a3._.js:13665
[  482331ms] [LOG] [Fast Refresh] rebuilding @ http://localhost:4300/_next/static/chunks/ee53c_next_dist_client_e5d7a3._.js:13665
[  501777ms] [LOG] [Fast Refresh] rebuilding @ http://localhost:4300/_next/static/chunks/ee53c_next_dist_client_e5d7a3._.js:13665
[  535268ms] [LOG] [Fast Refresh] rebuilding @ http://localhost:4300/_next/static/chunks/ee53c_next_dist_client_e5d7a3._.js:13665
[  539116ms] [LOG] [Fast Refresh] rebuilding @ http://localhost:4300/_next/static/chunks/ee53c_next_dist_client_e5d7a3._.js:13665
[  547716ms] [LOG] [Fast Refresh] rebuilding @ http://localhost:4300/_next/static/chunks/ee53c_next_dist_client_e5d7a3._.js:13665
[  660374ms] [LOG] [Fast Refresh] rebuilding @ http://localhost:4300/_next/static/chunks/ee53c_next_dist_client_e5d7a3._.js:13665
[  665805ms] [LOG] [Fast Refresh] rebuilding @ http://localhost:4300/_next/static/chunks/ee53c_next_dist_client_e5d7a3._.js:13665
[  688818ms] [LOG] [Fast Refresh] rebuilding @ http://localhost:4300/_next/static/chunks/ee53c_next_dist_client_e5d7a3._.js:13665
[  691172ms] [LOG] [Fast Refresh] rebuilding @ http://localhost:4300/_next/static/chunks/ee53c_next_dist_client_e5d7a3._.js:13665
[  719548ms] [LOG] [Fast Refresh] rebuilding @ http://localhost:4300/_next/static/chunks/ee53c_next_dist_client_e5d7a3._.js:13665
[  727404ms] [LOG] [Fast Refresh] rebuilding @ http://localhost:4300/_next/static/chunks/ee53c_next_dist_client_e5d7a3._.js:13665
[  727404ms] [LOG] [Fast Refresh] rebuilding @ http://localhost:4300/_next/static/chunks/ee53c_next_dist_client_e5d7a3._.js:13665
[  734199ms] [LOG] [Fast Refresh] rebuilding @ http://localhost:4300/_next/static/chunks/ee53c_next_dist_client_e5d7a3._.js:13665
[  742846ms] [LOG] [Fast Refresh] rebuilding @ http://localhost:4300/_next/static/chunks/ee53c_next_dist_client_e5d7a3._.js:13665
[  742847ms] [LOG] [Fast Refresh] rebuilding @ http://localhost:4300/_next/static/chunks/ee53c_next_dist_client_e5d7a3._.js:13665
[  742848ms] [LOG] [Fast Refresh] rebuilding @ http://localhost:4300/_next/static/chunks/ee53c_next_dist_client_e5d7a3._.js:13665
[  742848ms] [LOG] [Fast Refresh] rebuilding @ http://localhost:4300/_next/static/chunks/ee53c_next_dist_client_e5d7a3._.js:13665
[  754716ms] [LOG] [Fast Refresh] rebuilding @ http://localhost:4300/_next/static/chunks/ee53c_next_dist_client_e5d7a3._.js:13665
[  754717ms] [LOG] [Fast Refresh] rebuilding @ http://localhost:4300/_next/static/chunks/ee53c_next_dist_client_e5d7a3._.js:13665
[  754717ms] [LOG] [Fast Refresh] rebuilding @ http://localhost:4300/_next/static/chunks/ee53c_next_dist_client_e5d7a3._.js:13665
[  806969ms] [LOG] [Fast Refresh] rebuilding @ http://localhost:4300/_next/static/chunks/ee53c_next_dist_client_e5d7a3._.js:13665
[  806970ms] [LOG] [Fast Refresh] rebuilding @ http://localhost:4300/_next/static/chunks/ee53c_next_dist_client_e5d7a3._.js:13665
[  806977ms] [LOG] [Fast Refresh] done in 6ms @ http://localhost:4300/_next/static/chunks/ee53c_next_dist_client_e5d7a3._.js:13492
[  830741ms] [LOG] [Fast Refresh] rebuilding @ http://localhost:4300/_next/static/chunks/ee53c_next_dist_client_e5d7a3._.js:13665
[  830743ms] [LOG] [Fast Refresh] rebuilding @ http://localhost:4300/_next/static/chunks/ee53c_next_dist_client_e5d7a3._.js:13665
[  830744ms] [LOG] [Fast Refresh] rebuilding @ http://localhost:4300/_next/static/chunks/ee53c_next_dist_client_e5d7a3._.js:13665
[  830755ms] [LOG] [Fast Refresh] done in 11ms @ http://localhost:4300/_next/static/chunks/ee53c_next_dist_client_e5d7a3._.js:13492
[  830756ms] [LOG] [Fast Refresh] rebuilding @ http://localhost:4300/_next/static/chunks/ee53c_next_dist_client_e5d7a3._.js:13665
[  830757ms] [LOG] [Fast Refresh] rebuilding @ http://localhost:4300/_next/static/chunks/ee53c_next_dist_client_e5d7a3._.js:13665
[  830757ms] [LOG] [Fast Refresh] rebuilding @ http://localhost:4300/_next/static/chunks/ee53c_next_dist_client_e5d7a3._.js:13665
[  849723ms] [LOG] [Fast Refresh] rebuilding @ http://localhost:4300/_next/static/chunks/ee53c_next_dist_client_e5d7a3._.js:13665
[  849724ms] [LOG] [Fast Refresh] rebuilding @ http://localhost:4300/_next/static/chunks/ee53c_next_dist_client_e5d7a3._.js:13665
[  849724ms] [LOG] [Fast Refresh] rebuilding @ http://localhost:4300/_next/static/chunks/ee53c_next_dist_client_e5d7a3._.js:13665
[  849729ms] [LOG] [Fast Refresh] rebuilding @ http://localhost:4300/_next/static/chunks/ee53c_next_dist_client_e5d7a3._.js:13665
[  849729ms] [LOG] [Fast Refresh] rebuilding @ http://localhost:4300/_next/static/chunks/ee53c_next_dist_client_e5d7a3._.js:13665
[  849730ms] [LOG] [Fast Refresh] rebuilding @ http://localhost:4300/_next/static/chunks/ee53c_next_dist_client_e5d7a3._.js:13665
[  849730ms] [LOG] [Fast Refresh] rebuilding @ http://localhost:4300/_next/static/chunks/ee53c_next_dist_client_e5d7a3._.js:13665
[  849731ms] [LOG] [Fast Refresh] rebuilding @ http://localhost:4300/_next/static/chunks/ee53c_next_dist_client_e5d7a3._.js:13665
[  849731ms] [LOG] [Fast Refresh] rebuilding @ http://localhost:4300/_next/static/chunks/ee53c_next_dist_client_e5d7a3._.js:13665
[  849739ms] [LOG] [Fast Refresh] rebuilding @ http://localhost:4300/_next/static/chunks/ee53c_next_dist_client_e5d7a3._.js:13665
[  849739ms] [LOG] [Fast Refresh] rebuilding @ http://localhost:4300/_next/static/chunks/ee53c_next_dist_client_e5d7a3._.js:13665
[  849739ms] [LOG] [Fast Refresh] rebuilding @ http://localhost:4300/_next/static/chunks/ee53c_next_dist_client_e5d7a3._.js:13665
[  849739ms] [LOG] [Fast Refresh] rebuilding @ http://localhost:4300/_next/static/chunks/ee53c_next_dist_client_e5d7a3._.js:13665
[  849740ms] [LOG] [Fast Refresh] rebuilding @ http://localhost:4300/_next/static/chunks/ee53c_next_dist_client_e5d7a3._.js:13665
[  849740ms] [LOG] [Fast Refresh] rebuilding @ http://localhost:4300/_next/static/chunks/ee53c_next_dist_client_e5d7a3._.js:13665
[  867540ms] [LOG] [Fast Refresh] rebuilding @ http://localhost:4300/_next/static/chunks/ee53c_next_dist_client_e5d7a3._.js:13665
[  867550ms] [ERROR] [Turbopack HMR] Expected module to match pattern: [project]/apps/website/src/i18n/en.json (json) @ http://localhost:4300/_next/static/chunks/ee53c_next_dist_client_e5d7a3._.js:993
[  867551ms] [ERROR] [Turbopack HMR] Expected module to match pattern: [project]/apps/website/src/i18n/fr.json (json) @ http://localhost:4300/_next/static/chunks/ee53c_next_dist_client_e5d7a3._.js:993
[  867557ms] [LOG] [Fast Refresh] done in 17ms @ http://localhost:4300/_next/static/chunks/ee53c_next_dist_client_e5d7a3._.js:13492
[  884854ms] [LOG] [Fast Refresh] rebuilding @ http://localhost:4300/_next/static/chunks/ee53c_next_dist_client_e5d7a3._.js:13665
[  884854ms] [LOG] [Fast Refresh] rebuilding @ http://localhost:4300/_next/static/chunks/ee53c_next_dist_client_e5d7a3._.js:13665
[  884854ms] [LOG] [Fast Refresh] rebuilding @ http://localhost:4300/_next/static/chunks/ee53c_next_dist_client_e5d7a3._.js:13665
[  884855ms] [LOG] [Fast Refresh] rebuilding @ http://localhost:4300/_next/static/chunks/ee53c_next_dist_client_e5d7a3._.js:13665
[  884855ms] [LOG] [Fast Refresh] rebuilding @ http://localhost:4300/_next/static/chunks/ee53c_next_dist_client_e5d7a3._.js:13665
[  884855ms] [LOG] [Fast Refresh] rebuilding @ http://localhost:4300/_next/static/chunks/ee53c_next_dist_client_e5d7a3._.js:13665
[  884856ms] [LOG] [Fast Refresh] rebuilding @ http://localhost:4300/_next/static/chunks/ee53c_next_dist_client_e5d7a3._.js:13665
[  884856ms] [LOG] [Fast Refresh] rebuilding @ http://localhost:4300/_next/static/chunks/ee53c_next_dist_client_e5d7a3._.js:13665
[  884857ms] [LOG] [Fast Refresh] rebuilding @ http://localhost:4300/_next/static/chunks/ee53c_next_dist_client_e5d7a3._.js:13665
[  884857ms] [LOG] [Fast Refresh] rebuilding @ http://localhost:4300/_next/static/chunks/ee53c_next_dist_client_e5d7a3._.js:13665
[  884857ms] [LOG] [Fast Refresh] rebuilding @ http://localhost:4300/_next/static/chunks/ee53c_next_dist_client_e5d7a3._.js:13665
[  884858ms] [LOG] [Fast Refresh] rebuilding @ http://localhost:4300/_next/static/chunks/ee53c_next_dist_client_e5d7a3._.js:13665
[  884858ms] [LOG] [Fast Refresh] rebuilding @ http://localhost:4300/_next/static/chunks/ee53c_next_dist_client_e5d7a3._.js:13665
[  884858ms] [LOG] [Fast Refresh] rebuilding @ http://localhost:4300/_next/static/chunks/ee53c_next_dist_client_e5d7a3._.js:13665
[  884859ms] [LOG] [Fast Refresh] rebuilding @ http://localhost:4300/_next/static/chunks/ee53c_next_dist_client_e5d7a3._.js:13665
[  884859ms] [LOG] [Fast Refresh] rebuilding @ http://localhost:4300/_next/static/chunks/ee53c_next_dist_client_e5d7a3._.js:13665
[  884859ms] [LOG] [Fast Refresh] rebuilding @ http://localhost:4300/_next/static/chunks/ee53c_next_dist_client_e5d7a3._.js:13665
[  884860ms] [LOG] [Fast Refresh] rebuilding @ http://localhost:4300/_next/static/chunks/ee53c_next_dist_client_e5d7a3._.js:13665
[  884861ms] [LOG] [Fast Refresh] rebuilding @ http://localhost:4300/_next/static/chunks/ee53c_next_dist_client_e5d7a3._.js:13665
[  885839ms] [LOG] [Fast Refresh] rebuilding @ http://localhost:4300/_next/static/chunks/ee53c_next_dist_client_e5d7a3._.js:13665
[  887963ms] [LOG] [Fast Refresh] rebuilding @ http://localhost:4300/_next/static/chunks/ee53c_next_dist_client_e5d7a3._.js:13665
[  900783ms] [LOG] [Fast Refresh] rebuilding @ http://localhost:4300/_next/static/chunks/ee53c_next_dist_client_e5d7a3._.js:13665
[  900791ms] [LOG] [Fast Refresh] done in 8ms @ http://localhost:4300/_next/static/chunks/ee53c_next_dist_client_e5d7a3._.js:13492
[  900994ms] [LOG] [Fast Refresh] done in 211ms @ http://localhost:4300/_next/static/chunks/ee53c_next_dist_client_e5d7a3._.js:13492
[  901002ms] [LOG] [Fast Refresh] rebuilding @ http://localhost:4300/_next/static/chunks/ee53c_next_dist_client_e5d7a3._.js:13665
[  901004ms] [LOG] [Fast Refresh] rebuilding @ http://localhost:4300/_next/static/chunks/ee53c_next_dist_client_e5d7a3._.js:13665
[  901005ms] [LOG] [Fast Refresh] rebuilding @ http://localhost:4300/_next/static/chunks/ee53c_next_dist_client_e5d7a3._.js:13665
[  901008ms] [LOG] [Fast Refresh] rebuilding @ http://localhost:4300/_next/static/chunks/ee53c_next_dist_client_e5d7a3._.js:13665
[  901009ms] [LOG] [Fast Refresh] rebuilding @ http://localhost:4300/_next/static/chunks/ee53c_next_dist_client_e5d7a3._.js:13665
[  901010ms] [LOG] [Fast Refresh] rebuilding @ http://localhost:4300/_next/static/chunks/ee53c_next_dist_client_e5d7a3._.js:13665
[  901011ms] [LOG] [Fast Refresh] rebuilding @ http://localhost:4300/_next/static/chunks/ee53c_next_dist_client_e5d7a3._.js:13665
[  901012ms] [LOG] [Fast Refresh] rebuilding @ http://localhost:4300/_next/static/chunks/ee53c_next_dist_client_e5d7a3._.js:13665
[  901012ms] [LOG] [Fast Refresh] rebuilding @ http://localhost:4300/_next/static/chunks/ee53c_next_dist_client_e5d7a3._.js:13665
[  901013ms] [LOG] [Fast Refresh] rebuilding @ http://localhost:4300/_next/static/chunks/ee53c_next_dist_client_e5d7a3._.js:13665
[  901013ms] [LOG] [Fast Refresh] rebuilding @ http://localhost:4300/_next/static/chunks/ee53c_next_dist_client_e5d7a3._.js:13665
[  901014ms] [LOG] [Fast Refresh] rebuilding @ http://localhost:4300/_next/static/chunks/ee53c_next_dist_client_e5d7a3._.js:13665
[  901015ms] [LOG] [Fast Refresh] rebuilding @ http://localhost:4300/_next/static/chunks/ee53c_next_dist_client_e5d7a3._.js:13665
[  901016ms] [LOG] [Fast Refresh] rebuilding @ http://localhost:4300/_next/static/chunks/ee53c_next_dist_client_e5d7a3._.js:13665
[  901017ms] [LOG] [Fast Refresh] rebuilding @ http://localhost:4300/_next/static/chunks/ee53c_next_dist_client_e5d7a3._.js:13665
[  901018ms] [LOG] [Fast Refresh] rebuilding @ http://localhost:4300/_next/static/chunks/ee53c_next_dist_client_e5d7a3._.js:13665
[  901019ms] [LOG] [Fast Refresh] rebuilding @ http://localhost:4300/_next/static/chunks/ee53c_next_dist_client_e5d7a3._.js:13665
[  901019ms] [LOG] [Fast Refresh] rebuilding @ http://localhost:4300/_next/static/chunks/ee53c_next_dist_client_e5d7a3._.js:13665
[  901020ms] [LOG] [Fast Refresh] rebuilding @ http://localhost:4300/_next/static/chunks/ee53c_next_dist_client_e5d7a3._.js:13665
[  901111ms] [LOG] [Fast Refresh] rebuilding @ http://localhost:4300/_next/static/chunks/ee53c_next_dist_client_e5d7a3._.js:13665
[  901282ms] [LOG] [Fast Refresh] rebuilding @ http://localhost:4300/_next/static/chunks/ee53c_next_dist_client_e5d7a3._.js:13665
[  901448ms] [LOG] [Fast Refresh] rebuilding @ http://localhost:4300/_next/static/chunks/ee53c_next_dist_client_e5d7a3._.js:13665
[  901690ms] [LOG] [Fast Refresh] rebuilding @ http://localhost:4300/_next/static/chunks/ee53c_next_dist_client_e5d7a3._.js:13665
[  902015ms] [LOG] [Fast Refresh] rebuilding @ http://localhost:4300/_next/static/chunks/ee53c_next_dist_client_e5d7a3._.js:13665
[  902394ms] [LOG] [Fast Refresh] rebuilding @ http://localhost:4300/_next/static/chunks/ee53c_next_dist_client_e5d7a3._.js:13665
[  902463ms] [LOG] [Fast Refresh] rebuilding @ http://localhost:4300/_next/static/chunks/ee53c_next_dist_client_e5d7a3._.js:13665
[  902613ms] [LOG] [Fast Refresh] rebuilding @ http://localhost:4300/_next/static/chunks/ee53c_next_dist_client_e5d7a3._.js:13665
[  902771ms] [LOG] [Fast Refresh] rebuilding @ http://localhost:4300/_next/static/chunks/ee53c_next_dist_client_e5d7a3._.js:13665
[  902833ms] [LOG] [Fast Refresh] rebuilding @ http://localhost:4300/_next/static/chunks/ee53c_next_dist_client_e5d7a3._.js:13665
[  903235ms] [LOG] [Fast Refresh] rebuilding @ http://localhost:4300/_next/static/chunks/ee53c_next_dist_client_e5d7a3._.js:13665
[  903357ms] [LOG] [Fast Refresh] rebuilding @ http://localhost:4300/_next/static/chunks/ee53c_next_dist_client_e5d7a3._.js:13665
[  903518ms] [LOG] [Fast Refresh] rebuilding @ http://localhost:4300/_next/static/chunks/ee53c_next_dist_client_e5d7a3._.js:13665
[  931673ms] [INFO] %cDownload the React DevTools for a better development experience: https://react.dev/link/react-devtools font-weight:bold @ http://localhost:4300/_next/static/chunks/ee53c_next_dist_compiled_react-dom_20e176._.js:13948
[  972530ms] [ERROR] Failed to load resource: the server responded with a status of 404 (Not Found) @ http://localhost:4300/sequences/hero/0017.webp:0
[  972533ms] [ERROR] Failed to load resource: the server responded with a status of 404 (Not Found) @ http://localhost:4300/sequences/hero/0001.webp:0
[  972534ms] [ERROR] Failed to load resource: the server responded with a status of 404 (Not Found) @ http://localhost:4300/sequences/hero/0033.webp:0
[  972534ms] [ERROR] Failed to load resource: the server responded with a status of 404 (Not Found) @ http://localhost:4300/sequences/hero/0049.webp:0
[  972535ms] [ERROR] Failed to load resource: the server responded with a status of 404 (Not Found) @ http://localhost:4300/sequences/hero/0065.webp:0
[  972536ms] [ERROR] Failed to load resource: the server responded with a status of 404 (Not Found) @ http://localhost:4300/sequences/hero/0081.webp:0
[  972541ms] [LOG] [Fast Refresh] rebuilding @ http://localhost:4300/_next/static/chunks/ee53c_next_dist_client_e5d7a3._.js:13665
[  972542ms] [LOG] [Fast Refresh] rebuilding @ http://localhost:4300/_next/static/chunks/ee53c_next_dist_client_e5d7a3._.js:13665
[  972542ms] [LOG] [Fast Refresh] rebuilding @ http://localhost:4300/_next/static/chunks/ee53c_next_dist_client_e5d7a3._.js:13665
[  972542ms] [LOG] [Fast Refresh] rebuilding @ http://localhost:4300/_next/static/chunks/ee53c_next_dist_client_e5d7a3._.js:13665
[  972542ms] [LOG] [Fast Refresh] rebuilding @ http://localhost:4300/_next/static/chunks/ee53c_next_dist_client_e5d7a3._.js:13665
[  973610ms] [LOG] [Fast Refresh] rebuilding @ http://localhost:4300/_next/static/chunks/ee53c_next_dist_client_e5d7a3._.js:13665
[  973612ms] [LOG] [Fast Refresh] rebuilding @ http://localhost:4300/_next/static/chunks/ee53c_next_dist_client_e5d7a3._.js:13665
[  973614ms] [LOG] [Fast Refresh] rebuilding @ http://localhost:4300/_next/static/chunks/ee53c_next_dist_client_e5d7a3._.js:13665
[  973630ms] [LOG] [Fast Refresh] rebuilding @ http://localhost:4300/_next/static/chunks/ee53c_next_dist_client_e5d7a3._.js:13665
[  973681ms] [LOG] [Fast Refresh] rebuilding @ http://localhost:4300/_next/static/chunks/ee53c_next_dist_client_e5d7a3._.js:13665
[  973687ms] [LOG] [Fast Refresh] rebuilding @ http://localhost:4300/_next/static/chunks/ee53c_next_dist_client_e5d7a3._.js:13665
[  973689ms] [LOG] [Fast Refresh] rebuilding @ http://localhost:4300/_next/static/chunks/ee53c_next_dist_client_e5d7a3._.js:13665
[  973690ms] [LOG] [Fast Refresh] rebuilding @ http://localhost:4300/_next/static/chunks/ee53c_next_dist_client_e5d7a3._.js:13665
[  973694ms] [LOG] [Fast Refresh] rebuilding @ http://localhost:4300/_next/static/chunks/ee53c_next_dist_client_e5d7a3._.js:13665
[  973695ms] [LOG] [Fast Refresh] rebuilding @ http://localhost:4300/_next/static/chunks/ee53c_next_dist_client_e5d7a3._.js:13665
[  973696ms] [LOG] [Fast Refresh] rebuilding @ http://localhost:4300/_next/static/chunks/ee53c_next_dist_client_e5d7a3._.js:13665
[  973699ms] [LOG] [Fast Refresh] rebuilding @ http://localhost:4300/_next/static/chunks/ee53c_next_dist_client_e5d7a3._.js:13665
[  973704ms] [LOG] [Fast Refresh] rebuilding @ http://localhost:4300/_next/static/chunks/ee53c_next_dist_client_e5d7a3._.js:13665
[  973715ms] [LOG] [Fast Refresh] rebuilding @ http://localhost:4300/_next/static/chunks/ee53c_next_dist_client_e5d7a3._.js:13665
[  973725ms] [LOG] [Fast Refresh] rebuilding @ http://localhost:4300/_next/static/chunks/ee53c_next_dist_client_e5d7a3._.js:13665
[  973775ms] [LOG] [Fast Refresh] rebuilding @ http://localhost:4300/_next/static/chunks/ee53c_next_dist_client_e5d7a3._.js:13665
[  976034ms] [ERROR] Failed to load resource: the server responded with a status of 404 (Not Found) @ http://localhost:4300/sequences/hero/0097.webp:0
[  976037ms] [LOG] [Fast Refresh] rebuilding @ http://localhost:4300/_next/static/chunks/ee53c_next_dist_client_e5d7a3._.js:13665
[  976039ms] [LOG] [Fast Refresh] rebuilding @ http://localhost:4300/_next/static/chunks/ee53c_next_dist_client_e5d7a3._.js:13665
[  976039ms] [LOG] [Fast Refresh] rebuilding @ http://localhost:4300/_next/static/chunks/ee53c_next_dist_client_e5d7a3._.js:13665
[  976040ms] [LOG] [Fast Refresh] rebuilding @ http://localhost:4300/_next/static/chunks/ee53c_next_dist_client_e5d7a3._.js:13665
[  976040ms] [LOG] [Fast Refresh] rebuilding @ http://localhost:4300/_next/static/chunks/ee53c_next_dist_client_e5d7a3._.js:13665
[  976042ms] [LOG] [Fast Refresh] rebuilding @ http://localhost:4300/_next/static/chunks/ee53c_next_dist_client_e5d7a3._.js:13665
[  976043ms] [LOG] [Fast Refresh] rebuilding @ http://localhost:4300/_next/static/chunks/ee53c_next_dist_client_e5d7a3._.js:13665
[  976044ms] [LOG] [Fast Refresh] rebuilding @ http://localhost:4300/_next/static/chunks/ee53c_next_dist_client_e5d7a3._.js:13665
[  976045ms] [LOG] [Fast Refresh] rebuilding @ http://localhost:4300/_next/static/chunks/ee53c_next_dist_client_e5d7a3._.js:13665
[  976046ms] [LOG] [Fast Refresh] rebuilding @ http://localhost:4300/_next/static/chunks/ee53c_next_dist_client_e5d7a3._.js:13665
[  976048ms] [LOG] [Fast Refresh] rebuilding @ http://localhost:4300/_next/static/chunks/ee53c_next_dist_client_e5d7a3._.js:13665
[  976049ms] [LOG] [Fast Refresh] rebuilding @ http://localhost:4300/_next/static/chunks/ee53c_next_dist_client_e5d7a3._.js:13665
[  976049ms] [LOG] [Fast Refresh] rebuilding @ http://localhost:4300/_next/static/chunks/ee53c_next_dist_client_e5d7a3._.js:13665
[  976049ms] [LOG] [Fast Refresh] rebuilding @ http://localhost:4300/_next/static/chunks/ee53c_next_dist_client_e5d7a3._.js:13665
[  976051ms] [LOG] [Fast Refresh] rebuilding @ http://localhost:4300/_next/static/chunks/ee53c_next_dist_client_e5d7a3._.js:13665
[  976059ms] [LOG] [Fast Refresh] rebuilding @ http://localhost:4300/_next/static/chunks/ee53c_next_dist_client_e5d7a3._.js:13665
[  976060ms] [LOG] [Fast Refresh] rebuilding @ http://localhost:4300/_next/static/chunks/ee53c_next_dist_client_e5d7a3._.js:13665
[  976061ms] [LOG] [Fast Refresh] rebuilding @ http://localhost:4300/_next/static/chunks/ee53c_next_dist_client_e5d7a3._.js:13665
[  976061ms] [LOG] [Fast Refresh] rebuilding @ http://localhost:4300/_next/static/chunks/ee53c_next_dist_client_e5d7a3._.js:13665
[  976062ms] [LOG] [Fast Refresh] rebuilding @ http://localhost:4300/_next/static/chunks/ee53c_next_dist_client_e5d7a3._.js:13665
[  976063ms] [LOG] [Fast Refresh] rebuilding @ http://localhost:4300/_next/static/chunks/ee53c_next_dist_client_e5d7a3._.js:13665
[  976063ms] [LOG] [Fast Refresh] rebuilding @ http://localhost:4300/_next/static/chunks/ee53c_next_dist_client_e5d7a3._.js:13665
[  979974ms] [LOG] [Fast Refresh] rebuilding @ http://localhost:4300/_next/static/chunks/ee53c_next_dist_client_e5d7a3._.js:13665
[  979976ms] [LOG] [Fast Refresh] rebuilding @ http://localhost:4300/_next/static/chunks/ee53c_next_dist_client_e5d7a3._.js:13665
[  979979ms] [LOG] [Fast Refresh] rebuilding @ http://localhost:4300/_next/static/chunks/ee53c_next_dist_client_e5d7a3._.js:13665
[  979979ms] [LOG] [Fast Refresh] rebuilding @ http://localhost:4300/_next/static/chunks/ee53c_next_dist_client_e5d7a3._.js:13665
[  979980ms] [LOG] [Fast Refresh] rebuilding @ http://localhost:4300/_next/static/chunks/ee53c_next_dist_client_e5d7a3._.js:13665
[  979980ms] [LOG] [Fast Refresh] rebuilding @ http://localhost:4300/_next/static/chunks/ee53c_next_dist_client_e5d7a3._.js:13665
[  979981ms] [LOG] [Fast Refresh] rebuilding @ http://localhost:4300/_next/static/chunks/ee53c_next_dist_client_e5d7a3._.js:13665
[  979981ms] [LOG] [Fast Refresh] rebuilding @ http://localhost:4300/_next/static/chunks/ee53c_next_dist_client_e5d7a3._.js:13665
[  979982ms] [LOG] [Fast Refresh] rebuilding @ http://localhost:4300/_next/static/chunks/ee53c_next_dist_client_e5d7a3._.js:13665
[  979983ms] [LOG] [Fast Refresh] rebuilding @ http://localhost:4300/_next/static/chunks/ee53c_next_dist_client_e5d7a3._.js:13665
[  979989ms] [LOG] [Fast Refresh] rebuilding @ http://localhost:4300/_next/static/chunks/ee53c_next_dist_client_e5d7a3._.js:13665
[  979990ms] [LOG] [Fast Refresh] rebuilding @ http://localhost:4300/_next/static/chunks/ee53c_next_dist_client_e5d7a3._.js:13665
[  979991ms] [LOG] [Fast Refresh] rebuilding @ http://localhost:4300/_next/static/chunks/ee53c_next_dist_client_e5d7a3._.js:13665
[  979991ms] [LOG] [Fast Refresh] rebuilding @ http://localhost:4300/_next/static/chunks/ee53c_next_dist_client_e5d7a3._.js:13665
[  979992ms] [LOG] [Fast Refresh] rebuilding @ http://localhost:4300/_next/static/chunks/ee53c_next_dist_client_e5d7a3._.js:13665
[  979993ms] [LOG] [Fast Refresh] rebuilding @ http://localhost:4300/_next/static/chunks/ee53c_next_dist_client_e5d7a3._.js:13665
[  979993ms] [LOG] [Fast Refresh] rebuilding @ http://localhost:4300/_next/static/chunks/ee53c_next_dist_client_e5d7a3._.js:13665
[  979994ms] [LOG] [Fast Refresh] rebuilding @ http://localhost:4300/_next/static/chunks/ee53c_next_dist_client_e5d7a3._.js:13665
[  979995ms] [LOG] [Fast Refresh] rebuilding @ http://localhost:4300/_next/static/chunks/ee53c_next_dist_client_e5d7a3._.js:13665
[  979996ms] [LOG] [Fast Refresh] rebuilding @ http://localhost:4300/_next/static/chunks/ee53c_next_dist_client_e5d7a3._.js:13665
[  979997ms] [LOG] [Fast Refresh] rebuilding @ http://localhost:4300/_next/static/chunks/ee53c_next_dist_client_e5d7a3._.js:13665
[  980006ms] [LOG] [Fast Refresh] rebuilding @ http://localhost:4300/_next/static/chunks/ee53c_next_dist_client_e5d7a3._.js:13665
[  980006ms] [LOG] [Fast Refresh] rebuilding @ http://localhost:4300/_next/static/chunks/ee53c_next_dist_client_e5d7a3._.js:13665
[  980007ms] [LOG] [Fast Refresh] rebuilding @ http://localhost:4300/_next/static/chunks/ee53c_next_dist_client_e5d7a3._.js:13665
[  980024ms] [LOG] [Fast Refresh] rebuilding @ http://localhost:4300/_next/static/chunks/ee53c_next_dist_client_e5d7a3._.js:13665
[  980025ms] [LOG] [Fast Refresh] rebuilding @ http://localhost:4300/_next/static/chunks/ee53c_next_dist_client_e5d7a3._.js:13665
[  980580ms] [ERROR] Failed to load resource: the server responded with a status of 404 (Not Found) @ http://localhost:4300/sequences/hero/0009.webp:0
[  980592ms] [ERROR] Failed to load resource: the server responded with a status of 404 (Not Found) @ http://localhost:4300/sequences/hero/0113.webp:0
[  980607ms] [ERROR] Failed to load resource: the server responded with a status of 404 (Not Found) @ http://localhost:4300/sequences/hero/0129.webp:0
[  980630ms] [ERROR] Failed to load resource: the server responded with a status of 404 (Not Found) @ http://localhost:4300/sequences/hero/0145.webp:0
[  980633ms] [ERROR] Failed to load resource: the server responded with a status of 404 (Not Found) @ http://localhost:4300/sequences/hero/0025.webp:0
[  980636ms] [ERROR] Failed to load resource: the server responded with a status of 404 (Not Found) @ http://localhost:4300/sequences/hero/0041.webp:0
[  981892ms] [LOG] [Fast Refresh] rebuilding @ http://localhost:4300/_next/static/chunks/ee53c_next_dist_client_e5d7a3._.js:13665
[  983145ms] [LOG] [Fast Refresh] rebuilding @ http://localhost:4300/_next/static/chunks/ee53c_next_dist_client_e5d7a3._.js:13665
[  983154ms] [LOG] [Fast Refresh] rebuilding @ http://localhost:4300/_next/static/chunks/ee53c_next_dist_client_e5d7a3._.js:13665
[  983159ms] [LOG] [Fast Refresh] rebuilding @ http://localhost:4300/_next/static/chunks/ee53c_next_dist_client_e5d7a3._.js:13665
[  983162ms] [LOG] [Fast Refresh] rebuilding @ http://localhost:4300/_next/static/chunks/ee53c_next_dist_client_e5d7a3._.js:13665
[  983482ms] [LOG] [Fast Refresh] rebuilding @ http://localhost:4300/_next/static/chunks/ee53c_next_dist_client_e5d7a3._.js:13665
[  983994ms] [LOG] [Fast Refresh] rebuilding @ http://localhost:4300/_next/static/chunks/ee53c_next_dist_client_e5d7a3._.js:13665
[  983996ms] [LOG] [Fast Refresh] rebuilding @ http://localhost:4300/_next/static/chunks/ee53c_next_dist_client_e5d7a3._.js:13665
[  987904ms] [LOG] [Fast Refresh] rebuilding @ http://localhost:4300/_next/static/chunks/ee53c_next_dist_client_e5d7a3._.js:13665
[  988225ms] [LOG] [Fast Refresh] rebuilding @ http://localhost:4300/_next/static/chunks/ee53c_next_dist_client_e5d7a3._.js:13665
[  988225ms] [LOG] [Fast Refresh] rebuilding @ http://localhost:4300/_next/static/chunks/ee53c_next_dist_client_e5d7a3._.js:13665
[  988226ms] [LOG] [Fast Refresh] rebuilding @ http://localhost:4300/_next/static/chunks/ee53c_next_dist_client_e5d7a3._.js:13665
[  988231ms] [LOG] [Fast Refresh] rebuilding @ http://localhost:4300/_next/static/chunks/ee53c_next_dist_client_e5d7a3._.js:13665
[  988306ms] [LOG] [Fast Refresh] rebuilding @ http://localhost:4300/_next/static/chunks/ee53c_next_dist_client_e5d7a3._.js:13665
[  988347ms] [ERROR] Failed to load resource: the server responded with a status of 404 (Not Found) @ http://localhost:4300/sequences/hero/0057.webp:0
[  988358ms] [ERROR] Failed to load resource: the server responded with a status of 404 (Not Found) @ http://localhost:4300/sequences/hero/0073.webp:0
[  988373ms] [ERROR] Failed to load resource: the server responded with a status of 404 (Not Found) @ http://localhost:4300/sequences/hero/0089.webp:0
[  988395ms] [LOG] [Fast Refresh] rebuilding @ http://localhost:4300/_next/static/chunks/ee53c_next_dist_client_e5d7a3._.js:13665
[  994594ms] [ERROR] Failed to load resource: the server responded with a status of 404 (Not Found) @ http://localhost:4300/sequences/hero/0105.webp:0
[  994595ms] [ERROR] Failed to load resource: the server responded with a status of 404 (Not Found) @ http://localhost:4300/sequences/hero/0021.webp:0
[  994596ms] [ERROR] Failed to load resource: the server responded with a status of 404 (Not Found) @ http://localhost:4300/sequences/hero/0005.webp:0
[  994597ms] [ERROR] Failed to load resource: the server responded with a status of 404 (Not Found) @ http://localhost:4300/sequences/hero/0121.webp:0
[  994597ms] [ERROR] Failed to load resource: the server responded with a status of 404 (Not Found) @ http://localhost:4300/sequences/hero/0137.webp:0
[  994598ms] [ERROR] Failed to load resource: the server responded with a status of 404 (Not Found) @ http://localhost:4300/sequences/hero/0013.webp:0
[  994605ms] [LOG] [Fast Refresh] rebuilding @ http://localhost:4300/_next/static/chunks/ee53c_next_dist_client_e5d7a3._.js:13665
[  994606ms] [LOG] [Fast Refresh] rebuilding @ http://localhost:4300/_next/static/chunks/ee53c_next_dist_client_e5d7a3._.js:13665
[  994606ms] [LOG] [Fast Refresh] rebuilding @ http://localhost:4300/_next/static/chunks/ee53c_next_dist_client_e5d7a3._.js:13665
[  994606ms] [LOG] [Fast Refresh] rebuilding @ http://localhost:4300/_next/static/chunks/ee53c_next_dist_client_e5d7a3._.js:13665
[  994607ms] [LOG] [Fast Refresh] rebuilding @ http://localhost:4300/_next/static/chunks/ee53c_next_dist_client_e5d7a3._.js:13665
[  994607ms] [LOG] [Fast Refresh] rebuilding @ http://localhost:4300/_next/static/chunks/ee53c_next_dist_client_e5d7a3._.js:13665
[  994607ms] [LOG] [Fast Refresh] rebuilding @ http://localhost:4300/_next/static/chunks/ee53c_next_dist_client_e5d7a3._.js:13665
[  994607ms] [LOG] [Fast Refresh] rebuilding @ http://localhost:4300/_next/static/chunks/ee53c_next_dist_client_e5d7a3._.js:13665
[  994608ms] [LOG] [Fast Refresh] rebuilding @ http://localhost:4300/_next/static/chunks/ee53c_next_dist_client_e5d7a3._.js:13665
[  994608ms] [LOG] [Fast Refresh] rebuilding @ http://localhost:4300/_next/static/chunks/ee53c_next_dist_client_e5d7a3._.js:13665
[  994608ms] [LOG] [Fast Refresh] rebuilding @ http://localhost:4300/_next/static/chunks/ee53c_next_dist_client_e5d7a3._.js:13665
[  994608ms] [LOG] [Fast Refresh] rebuilding @ http://localhost:4300/_next/static/chunks/ee53c_next_dist_client_e5d7a3._.js:13665
[  994609ms] [LOG] [Fast Refresh] rebuilding @ http://localhost:4300/_next/static/chunks/ee53c_next_dist_client_e5d7a3._.js:13665
[  994609ms] [LOG] [Fast Refresh] rebuilding @ http://localhost:4300/_next/static/chunks/ee53c_next_dist_client_e5d7a3._.js:13665
[  994609ms] [LOG] [Fast Refresh] rebuilding @ http://localhost:4300/_next/static/chunks/ee53c_next_dist_client_e5d7a3._.js:13665
[  994609ms] [LOG] [Fast Refresh] rebuilding @ http://localhost:4300/_next/static/chunks/ee53c_next_dist_client_e5d7a3._.js:13665
[  994610ms] [LOG] [Fast Refresh] rebuilding @ http://localhost:4300/_next/static/chunks/ee53c_next_dist_client_e5d7a3._.js:13665
[ 1000590ms] [LOG] [Fast Refresh] rebuilding @ http://localhost:4300/_next/static/chunks/ee53c_next_dist_client_e5d7a3._.js:13665
[ 1000753ms] [LOG] [Fast Refresh] rebuilding @ http://localhost:4300/_next/static/chunks/ee53c_next_dist_client_e5d7a3._.js:13665
[ 1000830ms] [LOG] [Fast Refresh] rebuilding @ http://localhost:4300/_next/static/chunks/ee53c_next_dist_client_e5d7a3._.js:13665
[ 1000912ms] [LOG] [Fast Refresh] rebuilding @ http://localhost:4300/_next/static/chunks/ee53c_next_dist_client_e5d7a3._.js:13665
[ 1001041ms] [LOG] [Fast Refresh] rebuilding @ http://localhost:4300/_next/static/chunks/ee53c_next_dist_client_e5d7a3._.js:13665
[ 1001146ms] [LOG] [Fast Refresh] rebuilding @ http://localhost:4300/_next/static/chunks/ee53c_next_dist_client_e5d7a3._.js:13665
[ 1001202ms] [LOG] [Fast Refresh] rebuilding @ http://localhost:4300/_next/static/chunks/ee53c_next_dist_client_e5d7a3._.js:13665
[ 1001306ms] [LOG] [Fast Refresh] rebuilding @ http://localhost:4300/_next/static/chunks/ee53c_next_dist_client_e5d7a3._.js:13665
[ 1001442ms] [LOG] [Fast Refresh] rebuilding @ http://localhost:4300/_next/static/chunks/ee53c_next_dist_client_e5d7a3._.js:13665
[ 1005235ms] [ERROR] Failed to load resource: the server responded with a status of 404 (Not Found) @ http://localhost:4300/sequences/hero/0061.webp:0
[ 1005243ms] [ERROR] Failed to load resource: the server responded with a status of 404 (Not Found) @ http://localhost:4300/sequences/hero/0053.webp:0
[ 1005720ms] [ERROR] Failed to load resource: the server responded with a status of 404 (Not Found) @ http://localhost:4300/sequences/hero/0069.webp:0
[ 1005792ms] [ERROR] Failed to load resource: the server responded with a status of 404 (Not Found) @ http://localhost:4300/sequences/hero/0037.webp:0
[ 1005795ms] [ERROR] Failed to load resource: the server responded with a status of 404 (Not Found) @ http://localhost:4300/sequences/hero/0029.webp:0
[ 1005802ms] [ERROR] Failed to load resource: the server responded with a status of 404 (Not Found) @ http://localhost:4300/sequences/hero/0045.webp:0
[ 1007335ms] [LOG] [Fast Refresh] rebuilding @ http://localhost:4300/_next/static/chunks/ee53c_next_dist_client_e5d7a3._.js:13665
[ 1008185ms] [ERROR] Failed to load resource: the server responded with a status of 404 (Not Found) @ http://localhost:4300/sequences/hero/0077.webp:0
[ 1008203ms] [ERROR] Failed to load resource: the server responded with a status of 404 (Not Found) @ http://localhost:4300/sequences/hero/0085.webp:0
[ 1009716ms] [ERROR] Failed to load resource: the server responded with a status of 404 (Not Found) @ http://localhost:4300/sequences/hero/0093.webp:0
[ 1009992ms] [ERROR] Failed to load resource: the server responded with a status of 404 (Not Found) @ http://localhost:4300/sequences/hero/0101.webp:0
[ 1009999ms] [ERROR] Failed to load resource: the server responded with a status of 404 (Not Found) @ http://localhost:4300/sequences/hero/0109.webp:0
[ 1011022ms] [ERROR] Failed to load resource: the server responded with a status of 404 (Not Found) @ http://localhost:4300/sequences/hero/0117.webp:0
[ 1011029ms] [LOG] [Fast Refresh] rebuilding @ http://localhost:4300/_next/static/chunks/ee53c_next_dist_client_e5d7a3._.js:13665
[ 1011411ms] [LOG] [Fast Refresh] rebuilding @ http://localhost:4300/_next/static/chunks/ee53c_next_dist_client_e5d7a3._.js:13665
[ 1011426ms] [LOG] [Fast Refresh] rebuilding @ http://localhost:4300/_next/static/chunks/ee53c_next_dist_client_e5d7a3._.js:13665
[ 1011436ms] [LOG] [Fast Refresh] rebuilding @ http://localhost:4300/_next/static/chunks/ee53c_next_dist_client_e5d7a3._.js:13665
[ 1011592ms] [LOG] [Fast Refresh] rebuilding @ http://localhost:4300/_next/static/chunks/ee53c_next_dist_client_e5d7a3._.js:13665
[ 1011721ms] [LOG] [Fast Refresh] rebuilding @ http://localhost:4300/_next/static/chunks/ee53c_next_dist_client_e5d7a3._.js:13665
[ 1011736ms] [LOG] [Fast Refresh] rebuilding @ http://localhost:4300/_next/static/chunks/ee53c_next_dist_client_e5d7a3._.js:13665
[ 1011745ms] [LOG] [Fast Refresh] rebuilding @ http://localhost:4300/_next/static/chunks/ee53c_next_dist_client_e5d7a3._.js:13665
[ 1011851ms] [LOG] [Fast Refresh] rebuilding @ http://localhost:4300/_next/static/chunks/ee53c_next_dist_client_e5d7a3._.js:13665
[ 1012493ms] [ERROR] Failed to load resource: the server responded with a status of 404 (Not Found) @ http://localhost:4300/sequences/hero/0125.webp:0
[ 1014461ms] [ERROR] Failed to load resource: the server responded with a status of 404 (Not Found) @ http://localhost:4300/sequences/hero/0133.webp:0
[ 1014686ms] [LOG] [Fast Refresh] rebuilding @ http://localhost:4300/_next/static/chunks/ee53c_next_dist_client_e5d7a3._.js:13665
[ 1014719ms] [LOG] [Fast Refresh] rebuilding @ http://localhost:4300/_next/static/chunks/ee53c_next_dist_client_e5d7a3._.js:13665
[ 1014724ms] [LOG] [Fast Refresh] rebuilding @ http://localhost:4300/_next/static/chunks/ee53c_next_dist_client_e5d7a3._.js:13665
[ 1014727ms] [LOG] [Fast Refresh] rebuilding @ http://localhost:4300/_next/static/chunks/ee53c_next_dist_client_e5d7a3._.js:13665
[ 1014729ms] [LOG] [Fast Refresh] rebuilding @ http://localhost:4300/_next/static/chunks/ee53c_next_dist_client_e5d7a3._.js:13665
[ 1014745ms] [LOG] [Fast Refresh] rebuilding @ http://localhost:4300/_next/static/chunks/ee53c_next_dist_client_e5d7a3._.js:13665
[ 1015824ms] [ERROR] Failed to load resource: the server responded with a status of 404 (Not Found) @ http://localhost:4300/sequences/hero/0007.webp:0
[ 1016107ms] [ERROR] Failed to load resource: the server responded with a status of 404 (Not Found) @ http://localhost:4300/sequences/hero/0149.webp:0
[ 1016122ms] [ERROR] Failed to load resource: the server responded with a status of 404 (Not Found) @ http://localhost:4300/sequences/hero/0003.webp:0
[ 1016143ms] [ERROR] Failed to load resource: the server responded with a status of 404 (Not Found) @ http://localhost:4300/sequences/hero/0141.webp:0
[ 1016176ms] [LOG] [Fast Refresh] rebuilding @ http://localhost:4300/_next/static/chunks/ee53c_next_dist_client_e5d7a3._.js:13665
[ 1016240ms] [LOG] [Fast Refresh] rebuilding @ http://localhost:4300/_next/static/chunks/ee53c_next_dist_client_e5d7a3._.js:13665
[ 1016242ms] [LOG] [Fast Refresh] rebuilding @ http://localhost:4300/_next/static/chunks/ee53c_next_dist_client_e5d7a3._.js:13665
[ 1016250ms] [LOG] [Fast Refresh] rebuilding @ http://localhost:4300/_next/static/chunks/ee53c_next_dist_client_e5d7a3._.js:13665
[ 1016254ms] [LOG] [Fast Refresh] rebuilding @ http://localhost:4300/_next/static/chunks/ee53c_next_dist_client_e5d7a3._.js:13665
[ 1016255ms] [LOG] [Fast Refresh] rebuilding @ http://localhost:4300/_next/static/chunks/ee53c_next_dist_client_e5d7a3._.js:13665
[ 1016258ms] [LOG] [Fast Refresh] rebuilding @ http://localhost:4300/_next/static/chunks/ee53c_next_dist_client_e5d7a3._.js:13665
[ 1016258ms] [LOG] [Fast Refresh] rebuilding @ http://localhost:4300/_next/static/chunks/ee53c_next_dist_client_e5d7a3._.js:13665
[ 1016259ms] [LOG] [Fast Refresh] rebuilding @ http://localhost:4300/_next/static/chunks/ee53c_next_dist_client_e5d7a3._.js:13665
[ 1016259ms] [LOG] [Fast Refresh] rebuilding @ http://localhost:4300/_next/static/chunks/ee53c_next_dist_client_e5d7a3._.js:13665
[ 1016262ms] [LOG] [Fast Refresh] rebuilding @ http://localhost:4300/_next/static/chunks/ee53c_next_dist_client_e5d7a3._.js:13665
[ 1016277ms] [LOG] [Fast Refresh] rebuilding @ http://localhost:4300/_next/static/chunks/ee53c_next_dist_client_e5d7a3._.js:13665
[ 1016308ms] [LOG] [Fast Refresh] rebuilding @ http://localhost:4300/_next/static/chunks/ee53c_next_dist_client_e5d7a3._.js:13665
[ 1016308ms] [LOG] [Fast Refresh] rebuilding @ http://localhost:4300/_next/static/chunks/ee53c_next_dist_client_e5d7a3._.js:13665
[ 1016310ms] [LOG] [Fast Refresh] rebuilding @ http://localhost:4300/_next/static/chunks/ee53c_next_dist_client_e5d7a3._.js:13665
[ 1018586ms] [LOG] [Fast Refresh] rebuilding @ http://localhost:4300/_next/static/chunks/ee53c_next_dist_client_e5d7a3._.js:13665
[ 1018605ms] [LOG] [Fast Refresh] rebuilding @ http://localhost:4300/_next/static/chunks/ee53c_next_dist_client_e5d7a3._.js:13665
[ 1018657ms] [LOG] [Fast Refresh] rebuilding @ http://localhost:4300/_next/static/chunks/ee53c_next_dist_client_e5d7a3._.js:13665
[ 1018677ms] [LOG] [Fast Refresh] rebuilding @ http://localhost:4300/_next/static/chunks/ee53c_next_dist_client_e5d7a3._.js:13665
[ 1018744ms] [LOG] [Fast Refresh] rebuilding @ http://localhost:4300/_next/static/chunks/ee53c_next_dist_client_e5d7a3._.js:13665
[ 1018753ms] [LOG] [Fast Refresh] rebuilding @ http://localhost:4300/_next/static/chunks/ee53c_next_dist_client_e5d7a3._.js:13665
[ 1018761ms] [LOG] [Fast Refresh] rebuilding @ http://localhost:4300/_next/static/chunks/ee53c_next_dist_client_e5d7a3._.js:13665
[ 1018769ms] [ERROR] Failed to load resource: the server responded with a status of 404 (Not Found) @ http://localhost:4300/sequences/hero/0011.webp:0
[ 1018816ms] [ERROR] Failed to load resource: the server responded with a status of 404 (Not Found) @ http://localhost:4300/sequences/hero/0015.webp:0
[ 1018861ms] [LOG] [Fast Refresh] rebuilding @ http://localhost:4300/_next/static/chunks/ee53c_next_dist_client_e5d7a3._.js:13665
[ 1018861ms] [LOG] [Fast Refresh] rebuilding @ http://localhost:4300/_next/static/chunks/ee53c_next_dist_client_e5d7a3._.js:13665
[ 1018862ms] [LOG] [Fast Refresh] rebuilding @ http://localhost:4300/_next/static/chunks/ee53c_next_dist_client_e5d7a3._.js:13665
[ 1018862ms] [LOG] [Fast Refresh] rebuilding @ http://localhost:4300/_next/static/chunks/ee53c_next_dist_client_e5d7a3._.js:13665
[ 1018865ms] [LOG] [Fast Refresh] rebuilding @ http://localhost:4300/_next/static/chunks/ee53c_next_dist_client_e5d7a3._.js:13665
[ 1018865ms] [LOG] [Fast Refresh] rebuilding @ http://localhost:4300/_next/static/chunks/ee53c_next_dist_client_e5d7a3._.js:13665
[ 1018866ms] [LOG] [Fast Refresh] rebuilding @ http://localhost:4300/_next/static/chunks/ee53c_next_dist_client_e5d7a3._.js:13665
[ 1018866ms] [LOG] [Fast Refresh] rebuilding @ http://localhost:4300/_next/static/chunks/ee53c_next_dist_client_e5d7a3._.js:13665
[ 1018869ms] [LOG] [Fast Refresh] rebuilding @ http://localhost:4300/_next/static/chunks/ee53c_next_dist_client_e5d7a3._.js:13665
[ 1018871ms] [LOG] [Fast Refresh] rebuilding @ http://localhost:4300/_next/static/chunks/ee53c_next_dist_client_e5d7a3._.js:13665
[ 1018877ms] [LOG] [Fast Refresh] rebuilding @ http://localhost:4300/_next/static/chunks/ee53c_next_dist_client_e5d7a3._.js:13665
[ 1018886ms] [LOG] [Fast Refresh] rebuilding @ http://localhost:4300/_next/static/chunks/ee53c_next_dist_client_e5d7a3._.js:13665
[ 1018900ms] [LOG] [Fast Refresh] rebuilding @ http://localhost:4300/_next/static/chunks/ee53c_next_dist_client_e5d7a3._.js:13665
[ 1018901ms] [LOG] [Fast Refresh] rebuilding @ http://localhost:4300/_next/static/chunks/ee53c_next_dist_client_e5d7a3._.js:13665
[ 1018901ms] [LOG] [Fast Refresh] rebuilding @ http://localhost:4300/_next/static/chunks/ee53c_next_dist_client_e5d7a3._.js:13665
[ 1018931ms] [LOG] [Fast Refresh] rebuilding @ http://localhost:4300/_next/static/chunks/ee53c_next_dist_client_e5d7a3._.js:13665
[ 1018931ms] [LOG] [Fast Refresh] rebuilding @ http://localhost:4300/_next/static/chunks/ee53c_next_dist_client_e5d7a3._.js:13665
[ 1018931ms] [LOG] [Fast Refresh] rebuilding @ http://localhost:4300/_next/static/chunks/ee53c_next_dist_client_e5d7a3._.js:13665
[ 1024133ms] [LOG] [Fast Refresh] rebuilding @ http://localhost:4300/_next/static/chunks/ee53c_next_dist_client_e5d7a3._.js:13665
[ 1024190ms] [LOG] [Fast Refresh] rebuilding @ http://localhost:4300/_next/static/chunks/ee53c_next_dist_client_e5d7a3._.js:13665
[ 1024194ms] [LOG] [Fast Refresh] rebuilding @ http://localhost:4300/_next/static/chunks/ee53c_next_dist_client_e5d7a3._.js:13665
[ 1024216ms] [LOG] [Fast Refresh] rebuilding @ http://localhost:4300/_next/static/chunks/ee53c_next_dist_client_e5d7a3._.js:13665
[ 1024259ms] [LOG] [Fast Refresh] rebuilding @ http://localhost:4300/_next/static/chunks/ee53c_next_dist_client_e5d7a3._.js:13665
[ 1024262ms] [LOG] [Fast Refresh] rebuilding @ http://localhost:4300/_next/static/chunks/ee53c_next_dist_client_e5d7a3._.js:13665
[ 1024265ms] [LOG] [Fast Refresh] rebuilding @ http://localhost:4300/_next/static/chunks/ee53c_next_dist_client_e5d7a3._.js:13665
[ 1024267ms] [LOG] [Fast Refresh] rebuilding @ http://localhost:4300/_next/static/chunks/ee53c_next_dist_client_e5d7a3._.js:13665
[ 1024268ms] [LOG] [Fast Refresh] rebuilding @ http://localhost:4300/_next/static/chunks/ee53c_next_dist_client_e5d7a3._.js:13665
[ 1024285ms] [LOG] [Fast Refresh] rebuilding @ http://localhost:4300/_next/static/chunks/ee53c_next_dist_client_e5d7a3._.js:13665
[ 1024285ms] [LOG] [Fast Refresh] rebuilding @ http://localhost:4300/_next/static/chunks/ee53c_next_dist_client_e5d7a3._.js:13665
[ 1024290ms] [LOG] [Fast Refresh] rebuilding @ http://localhost:4300/_next/static/chunks/ee53c_next_dist_client_e5d7a3._.js:13665
[ 1024291ms] [LOG] [Fast Refresh] rebuilding @ http://localhost:4300/_next/static/chunks/ee53c_next_dist_client_e5d7a3._.js:13665
[ 1024292ms] [LOG] [Fast Refresh] rebuilding @ http://localhost:4300/_next/static/chunks/ee53c_next_dist_client_e5d7a3._.js:13665
[ 1024334ms] [LOG] [Fast Refresh] rebuilding @ http://localhost:4300/_next/static/chunks/ee53c_next_dist_client_e5d7a3._.js:13665
[ 1024336ms] [LOG] [Fast Refresh] rebuilding @ http://localhost:4300/_next/static/chunks/ee53c_next_dist_client_e5d7a3._.js:13665
[ 1024336ms] [LOG] [Fast Refresh] rebuilding @ http://localhost:4300/_next/static/chunks/ee53c_next_dist_client_e5d7a3._.js:13665
[ 1024337ms] [LOG] [Fast Refresh] rebuilding @ http://localhost:4300/_next/static/chunks/ee53c_next_dist_client_e5d7a3._.js:13665
[ 1024338ms] [LOG] [Fast Refresh] rebuilding @ http://localhost:4300/_next/static/chunks/ee53c_next_dist_client_e5d7a3._.js:13665
[ 1024340ms] [LOG] [Fast Refresh] rebuilding @ http://localhost:4300/_next/static/chunks/ee53c_next_dist_client_e5d7a3._.js:13665
[ 1024342ms] [LOG] [Fast Refresh] rebuilding @ http://localhost:4300/_next/static/chunks/ee53c_next_dist_client_e5d7a3._.js:13665
[ 1024342ms] [LOG] [Fast Refresh] rebuilding @ http://localhost:4300/_next/static/chunks/ee53c_next_dist_client_e5d7a3._.js:13665
[ 1024343ms] [LOG] [Fast Refresh] rebuilding @ http://localhost:4300/_next/static/chunks/ee53c_next_dist_client_e5d7a3._.js:13665
[ 1024344ms] [LOG] [Fast Refresh] rebuilding @ http://localhost:4300/_next/static/chunks/ee53c_next_dist_client_e5d7a3._.js:13665
[ 1024654ms] [ERROR] Failed to load resource: the server responded with a status of 404 (Not Found) @ http://localhost:4300/sequences/hero/0019.webp:0
[ 1024742ms] [ERROR] Failed to load resource: the server responded with a status of 404 (Not Found) @ http://localhost:4300/sequences/hero/0023.webp:0
[ 1024751ms] [ERROR] Failed to load resource: the server responded with a status of 404 (Not Found) @ http://localhost:4300/sequences/hero/0027.webp:0
[ 1024755ms] [ERROR] Failed to load resource: the server responded with a status of 404 (Not Found) @ http://localhost:4300/sequences/hero/0031.webp:0
[ 1024761ms] [ERROR] Failed to load resource: the server responded with a status of 404 (Not Found) @ http://localhost:4300/sequences/hero/0035.webp:0
[ 1024776ms] [ERROR] Failed to load resource: the server responded with a status of 404 (Not Found) @ http://localhost:4300/sequences/hero/0039.webp:0
[ 1024793ms] [LOG] [Fast Refresh] rebuilding @ http://localhost:4300/_next/static/chunks/ee53c_next_dist_client_e5d7a3._.js:13665
[ 1030221ms] [LOG] [Fast Refresh] rebuilding @ http://localhost:4300/_next/static/chunks/ee53c_next_dist_client_e5d7a3._.js:13665
[ 1030222ms] [LOG] [Fast Refresh] rebuilding @ http://localhost:4300/_next/static/chunks/ee53c_next_dist_client_e5d7a3._.js:13665
[ 1030222ms] [ERROR] Failed to load resource: the server responded with a status of 404 (Not Found) @ http://localhost:4300/sequences/hero/0059.webp:0
[ 1030223ms] [ERROR] Failed to load resource: the server responded with a status of 404 (Not Found) @ http://localhost:4300/sequences/hero/0043.webp:0
[ 1030223ms] [ERROR] Failed to load resource: the server responded with a status of 404 (Not Found) @ http://localhost:4300/sequences/hero/0055.webp:0
[ 1030224ms] [ERROR] Failed to load resource: the server responded with a status of 404 (Not Found) @ http://localhost:4300/sequences/hero/0063.webp:0
[ 1030224ms] [ERROR] Failed to load resource: the server responded with a status of 404 (Not Found) @ http://localhost:4300/sequences/hero/0047.webp:0
[ 1030225ms] [ERROR] Failed to load resource: the server responded with a status of 404 (Not Found) @ http://localhost:4300/sequences/hero/0051.webp:0
[ 1030226ms] [LOG] [Fast Refresh] rebuilding @ http://localhost:4300/_next/static/chunks/ee53c_next_dist_client_e5d7a3._.js:13665
[ 1030226ms] [LOG] [Fast Refresh] rebuilding @ http://localhost:4300/_next/static/chunks/ee53c_next_dist_client_e5d7a3._.js:13665
[ 1030226ms] [LOG] [Fast Refresh] rebuilding @ http://localhost:4300/_next/static/chunks/ee53c_next_dist_client_e5d7a3._.js:13665
[ 1030226ms] [LOG] [Fast Refresh] rebuilding @ http://localhost:4300/_next/static/chunks/ee53c_next_dist_client_e5d7a3._.js:13665
[ 1030227ms] [LOG] [Fast Refresh] rebuilding @ http://localhost:4300/_next/static/chunks/ee53c_next_dist_client_e5d7a3._.js:13665
[ 1030227ms] [LOG] [Fast Refresh] rebuilding @ http://localhost:4300/_next/static/chunks/ee53c_next_dist_client_e5d7a3._.js:13665
[ 1030227ms] [LOG] [Fast Refresh] rebuilding @ http://localhost:4300/_next/static/chunks/ee53c_next_dist_client_e5d7a3._.js:13665
[ 1034422ms] [LOG] [Fast Refresh] rebuilding @ http://localhost:4300/_next/static/chunks/ee53c_next_dist_client_e5d7a3._.js:13665
[ 1034422ms] [ERROR] Failed to load resource: the server responded with a status of 404 (Not Found) @ http://localhost:4300/sequences/hero/0067.webp:0
[ 1034423ms] [LOG] [Fast Refresh] rebuilding @ http://localhost:4300/_next/static/chunks/ee53c_next_dist_client_e5d7a3._.js:13665
[ 1034424ms] [LOG] [Fast Refresh] rebuilding @ http://localhost:4300/_next/static/chunks/ee53c_next_dist_client_e5d7a3._.js:13665
[ 1034425ms] [LOG] [Fast Refresh] rebuilding @ http://localhost:4300/_next/static/chunks/ee53c_next_dist_client_e5d7a3._.js:13665
[ 1034706ms] [LOG] [Fast Refresh] rebuilding @ http://localhost:4300/_next/static/chunks/ee53c_next_dist_client_e5d7a3._.js:13665
[ 1036713ms] [LOG] [Fast Refresh] rebuilding @ http://localhost:4300/_next/static/chunks/ee53c_next_dist_client_e5d7a3._.js:13665
[ 1036716ms] [LOG] [Fast Refresh] rebuilding @ http://localhost:4300/_next/static/chunks/ee53c_next_dist_client_e5d7a3._.js:13665
[ 1036718ms] [LOG] [Fast Refresh] rebuilding @ http://localhost:4300/_next/static/chunks/ee53c_next_dist_client_e5d7a3._.js:13665
[ 1036722ms] [LOG] [Fast Refresh] rebuilding @ http://localhost:4300/_next/static/chunks/ee53c_next_dist_client_e5d7a3._.js:13665
[ 1037487ms] [LOG] [Fast Refresh] rebuilding @ http://localhost:4300/_next/static/chunks/ee53c_next_dist_client_e5d7a3._.js:13665
[ 1037492ms] [LOG] [Fast Refresh] rebuilding @ http://localhost:4300/_next/static/chunks/ee53c_next_dist_client_e5d7a3._.js:13665
[ 1044302ms] [ERROR] Failed to load resource: the server responded with a status of 404 (Not Found) @ http://localhost:4300/sequences/hero/0071.webp:0
[ 1044346ms] [ERROR] Failed to load resource: the server responded with a status of 404 (Not Found) @ http://localhost:4300/sequences/hero/0075.webp:0
[ 1044350ms] [ERROR] Failed to load resource: the server responded with a status of 404 (Not Found) @ http://localhost:4300/sequences/hero/0079.webp:0
[ 1044352ms] [ERROR] Failed to load resource: the server responded with a status of 404 (Not Found) @ http://localhost:4300/sequences/hero/0083.webp:0
[ 1044365ms] [ERROR] Failed to load resource: the server responded with a status of 404 (Not Found) @ http://localhost:4300/sequences/hero/0087.webp:0
[ 1044366ms] [ERROR] Failed to load resource: the server responded with a status of 404 (Not Found) @ http://localhost:4300/sequences/hero/0091.webp:0
[ 1054159ms] [ERROR] Failed to load resource: the server responded with a status of 404 (Not Found) @ http://localhost:4300/sequences/hero/0099.webp:0
[ 1054412ms] [ERROR] Failed to load resource: the server responded with a status of 404 (Not Found) @ http://localhost:4300/sequences/hero/0107.webp:0
[ 1054597ms] [ERROR] Failed to load resource: the server responded with a status of 404 (Not Found) @ http://localhost:4300/sequences/hero/0111.webp:0
[ 1054735ms] [ERROR] Failed to load resource: the server responded with a status of 404 (Not Found) @ http://localhost:4300/sequences/hero/0103.webp:0
[ 1057746ms] [ERROR] Failed to load resource: the server responded with a status of 404 (Not Found) @ http://localhost:4300/sequences/hero/0095.webp:0
[ 1057865ms] [ERROR] Failed to load resource: the server responded with a status of 404 (Not Found) @ http://localhost:4300/sequences/hero/0115.webp:0
[ 1063470ms] [LOG] [Fast Refresh] rebuilding @ http://localhost:4300/_next/static/chunks/ee53c_next_dist_client_e5d7a3._.js:13665
[ 1063473ms] [LOG] [Fast Refresh] rebuilding @ http://localhost:4300/_next/static/chunks/ee53c_next_dist_client_e5d7a3._.js:13665
[ 1063473ms] [LOG] [Fast Refresh] rebuilding @ http://localhost:4300/_next/static/chunks/ee53c_next_dist_client_e5d7a3._.js:13665
[ 1063474ms] [LOG] [Fast Refresh] rebuilding @ http://localhost:4300/_next/static/chunks/ee53c_next_dist_client_e5d7a3._.js:13665
[ 1063474ms] [LOG] [Fast Refresh] rebuilding @ http://localhost:4300/_next/static/chunks/ee53c_next_dist_client_e5d7a3._.js:13665
[ 1063475ms] [LOG] [Fast Refresh] rebuilding @ http://localhost:4300/_next/static/chunks/ee53c_next_dist_client_e5d7a3._.js:13665
[ 1063475ms] [LOG] [Fast Refresh] rebuilding @ http://localhost:4300/_next/static/chunks/ee53c_next_dist_client_e5d7a3._.js:13665
[ 1063475ms] [LOG] [Fast Refresh] rebuilding @ http://localhost:4300/_next/static/chunks/ee53c_next_dist_client_e5d7a3._.js:13665
[ 1063476ms] [LOG] [Fast Refresh] rebuilding @ http://localhost:4300/_next/static/chunks/ee53c_next_dist_client_e5d7a3._.js:13665
[ 1063476ms] [LOG] [Fast Refresh] rebuilding @ http://localhost:4300/_next/static/chunks/ee53c_next_dist_client_e5d7a3._.js:13665
[ 1063476ms] [LOG] [Fast Refresh] rebuilding @ http://localhost:4300/_next/static/chunks/ee53c_next_dist_client_e5d7a3._.js:13665
[ 1063477ms] [LOG] [Fast Refresh] rebuilding @ http://localhost:4300/_next/static/chunks/ee53c_next_dist_client_e5d7a3._.js:13665
[ 1063478ms] [LOG] [Fast Refresh] rebuilding @ http://localhost:4300/_next/static/chunks/ee53c_next_dist_client_e5d7a3._.js:13665
[ 1063478ms] [LOG] [Fast Refresh] rebuilding @ http://localhost:4300/_next/static/chunks/ee53c_next_dist_client_e5d7a3._.js:13665
[ 1063479ms] [LOG] [Fast Refresh] rebuilding @ http://localhost:4300/_next/static/chunks/ee53c_next_dist_client_e5d7a3._.js:13665
[ 1063479ms] [LOG] [Fast Refresh] rebuilding @ http://localhost:4300/_next/static/chunks/ee53c_next_dist_client_e5d7a3._.js:13665
[ 1063480ms] [LOG] [Fast Refresh] rebuilding @ http://localhost:4300/_next/static/chunks/ee53c_next_dist_client_e5d7a3._.js:13665
[ 1063480ms] [LOG] [Fast Refresh] rebuilding @ http://localhost:4300/_next/static/chunks/ee53c_next_dist_client_e5d7a3._.js:13665
[ 1063480ms] [LOG] [Fast Refresh] rebuilding @ http://localhost:4300/_next/static/chunks/ee53c_next_dist_client_e5d7a3._.js:13665
[ 1063481ms] [LOG] [Fast Refresh] rebuilding @ http://localhost:4300/_next/static/chunks/ee53c_next_dist_client_e5d7a3._.js:13665
[ 1063481ms] [LOG] [Fast Refresh] rebuilding @ http://localhost:4300/_next/static/chunks/ee53c_next_dist_client_e5d7a3._.js:13665
[ 1063485ms] [LOG] [Fast Refresh] rebuilding @ http://localhost:4300/_next/static/chunks/ee53c_next_dist_client_e5d7a3._.js:13665
[ 1063485ms] [LOG] [Fast Refresh] rebuilding @ http://localhost:4300/_next/static/chunks/ee53c_next_dist_client_e5d7a3._.js:13665
[ 1063486ms] [LOG] [Fast Refresh] rebuilding @ http://localhost:4300/_next/static/chunks/ee53c_next_dist_client_e5d7a3._.js:13665
[ 1063486ms] [LOG] [Fast Refresh] rebuilding @ http://localhost:4300/_next/static/chunks/ee53c_next_dist_client_e5d7a3._.js:13665
[ 1068221ms] [ERROR] Failed to load resource: the server responded with a status of 404 (Not Found) @ http://localhost:4300/sequences/hero/0131.webp:0
[ 1068221ms] [ERROR] Failed to load resource: the server responded with a status of 404 (Not Found) @ http://localhost:4300/sequences/hero/0135.webp:0
[ 1068222ms] [ERROR] Failed to load resource: the server responded with a status of 404 (Not Found) @ http://localhost:4300/sequences/hero/0119.webp:0
[ 1068222ms] [ERROR] Failed to load resource: the server responded with a status of 404 (Not Found) @ http://localhost:4300/sequences/hero/0139.webp:0
[ 1068223ms] [ERROR] Failed to load resource: the server responded with a status of 404 (Not Found) @ http://localhost:4300/sequences/hero/0127.webp:0
[ 1068224ms] [ERROR] Failed to load resource: the server responded with a status of 404 (Not Found) @ http://localhost:4300/sequences/hero/0123.webp:0
[ 1068227ms] [LOG] [Fast Refresh] rebuilding @ http://localhost:4300/_next/static/chunks/ee53c_next_dist_client_e5d7a3._.js:13665
[ 1068227ms] [LOG] [Fast Refresh] rebuilding @ http://localhost:4300/_next/static/chunks/ee53c_next_dist_client_e5d7a3._.js:13665
[ 1068228ms] [LOG] [Fast Refresh] rebuilding @ http://localhost:4300/_next/static/chunks/ee53c_next_dist_client_e5d7a3._.js:13665
[ 1068229ms] [LOG] [Fast Refresh] rebuilding @ http://localhost:4300/_next/static/chunks/ee53c_next_dist_client_e5d7a3._.js:13665
[ 1068230ms] [LOG] [Fast Refresh] rebuilding @ http://localhost:4300/_next/static/chunks/ee53c_next_dist_client_e5d7a3._.js:13665
[ 1068231ms] [LOG] [Fast Refresh] rebuilding @ http://localhost:4300/_next/static/chunks/ee53c_next_dist_client_e5d7a3._.js:13665
[ 1068232ms] [LOG] [Fast Refresh] rebuilding @ http://localhost:4300/_next/static/chunks/ee53c_next_dist_client_e5d7a3._.js:13665
[ 1068232ms] [LOG] [Fast Refresh] rebuilding @ http://localhost:4300/_next/static/chunks/ee53c_next_dist_client_e5d7a3._.js:13665
[ 1068232ms] [LOG] [Fast Refresh] rebuilding @ http://localhost:4300/_next/static/chunks/ee53c_next_dist_client_e5d7a3._.js:13665
[ 1068235ms] [LOG] [Fast Refresh] rebuilding @ http://localhost:4300/_next/static/chunks/ee53c_next_dist_client_e5d7a3._.js:13665
[ 1068236ms] [LOG] [Fast Refresh] rebuilding @ http://localhost:4300/_next/static/chunks/ee53c_next_dist_client_e5d7a3._.js:13665
[ 1068236ms] [LOG] [Fast Refresh] rebuilding @ http://localhost:4300/_next/static/chunks/ee53c_next_dist_client_e5d7a3._.js:13665
[ 1068237ms] [LOG] [Fast Refresh] rebuilding @ http://localhost:4300/_next/static/chunks/ee53c_next_dist_client_e5d7a3._.js:13665
[ 1068237ms] [LOG] [Fast Refresh] rebuilding @ http://localhost:4300/_next/static/chunks/ee53c_next_dist_client_e5d7a3._.js:13665
[ 1068237ms] [LOG] [Fast Refresh] rebuilding @ http://localhost:4300/_next/static/chunks/ee53c_next_dist_client_e5d7a3._.js:13665
[ 1068238ms] [LOG] [Fast Refresh] rebuilding @ http://localhost:4300/_next/static/chunks/ee53c_next_dist_client_e5d7a3._.js:13665
[ 1068238ms] [LOG] [Fast Refresh] rebuilding @ http://localhost:4300/_next/static/chunks/ee53c_next_dist_client_e5d7a3._.js:13665
[ 1068238ms] [LOG] [Fast Refresh] rebuilding @ http://localhost:4300/_next/static/chunks/ee53c_next_dist_client_e5d7a3._.js:13665
[ 1068238ms] [LOG] [Fast Refresh] rebuilding @ http://localhost:4300/_next/static/chunks/ee53c_next_dist_client_e5d7a3._.js:13665
[ 1068239ms] [LOG] [Fast Refresh] rebuilding @ http://localhost:4300/_next/static/chunks/ee53c_next_dist_client_e5d7a3._.js:13665
[ 1068239ms] [LOG] [Fast Refresh] rebuilding @ http://localhost:4300/_next/static/chunks/ee53c_next_dist_client_e5d7a3._.js:13665
[ 1068239ms] [LOG] [Fast Refresh] rebuilding @ http://localhost:4300/_next/static/chunks/ee53c_next_dist_client_e5d7a3._.js:13665
[ 1068240ms] [LOG] [Fast Refresh] rebuilding @ http://localhost:4300/_next/static/chunks/ee53c_next_dist_client_e5d7a3._.js:13665
[ 1068240ms] [LOG] [Fast Refresh] rebuilding @ http://localhost:4300/_next/static/chunks/ee53c_next_dist_client_e5d7a3._.js:13665
[ 1082473ms] [ERROR] Failed to load resource: the server responded with a status of 404 (Not Found) @ http://localhost:4300/sequences/hero/0006.webp:0
[ 1082474ms] [ERROR] Failed to load resource: the server responded with a status of 404 (Not Found) @ http://localhost:4300/sequences/hero/0004.webp:0
[ 1082474ms] [ERROR] Failed to load resource: the server responded with a status of 404 (Not Found) @ http://localhost:4300/sequences/hero/0147.webp:0
[ 1082475ms] [ERROR] Failed to load resource: the server responded with a status of 404 (Not Found) @ http://localhost:4300/sequences/hero/0008.webp:0
[ 1082476ms] [ERROR] Failed to load resource: the server responded with a status of 404 (Not Found) @ http://localhost:4300/sequences/hero/0002.webp:0
[ 1082477ms] [ERROR] Failed to load resource: the server responded with a status of 404 (Not Found) @ http://localhost:4300/sequences/hero/0143.webp:0
[ 1082480ms] [LOG] [Fast Refresh] rebuilding @ http://localhost:4300/_next/static/chunks/ee53c_next_dist_client_e5d7a3._.js:13665
[ 1088399ms] [ERROR] Failed to load resource: the server responded with a status of 404 (Not Found) @ http://localhost:4300/sequences/hero/0010.webp:0
[ 1093270ms] [LOG] [Fast Refresh] rebuilding @ http://localhost:4300/_next/static/chunks/ee53c_next_dist_client_e5d7a3._.js:13665
[ 1093277ms] [LOG] [Fast Refresh] rebuilding @ http://localhost:4300/_next/static/chunks/ee53c_next_dist_client_e5d7a3._.js:13665
[ 1093287ms] [LOG] [Fast Refresh] rebuilding @ http://localhost:4300/_next/static/chunks/ee53c_next_dist_client_e5d7a3._.js:13665
[ 1093294ms] [LOG] [Fast Refresh] rebuilding @ http://localhost:4300/_next/static/chunks/ee53c_next_dist_client_e5d7a3._.js:13665
[ 1093302ms] [LOG] [Fast Refresh] rebuilding @ http://localhost:4300/_next/static/chunks/ee53c_next_dist_client_e5d7a3._.js:13665
[ 1093308ms] [LOG] [Fast Refresh] rebuilding @ http://localhost:4300/_next/static/chunks/ee53c_next_dist_client_e5d7a3._.js:13665
[ 1093312ms] [LOG] [Fast Refresh] rebuilding @ http://localhost:4300/_next/static/chunks/ee53c_next_dist_client_e5d7a3._.js:13665
[ 1093316ms] [LOG] [Fast Refresh] rebuilding @ http://localhost:4300/_next/static/chunks/ee53c_next_dist_client_e5d7a3._.js:13665
[ 1093326ms] [LOG] [Fast Refresh] rebuilding @ http://localhost:4300/_next/static/chunks/ee53c_next_dist_client_e5d7a3._.js:13665
[ 1093331ms] [LOG] [Fast Refresh] rebuilding @ http://localhost:4300/_next/static/chunks/ee53c_next_dist_client_e5d7a3._.js:13665
[ 1093335ms] [LOG] [Fast Refresh] rebuilding @ http://localhost:4300/_next/static/chunks/ee53c_next_dist_client_e5d7a3._.js:13665
[ 1093346ms] [LOG] [Fast Refresh] rebuilding @ http://localhost:4300/_next/static/chunks/ee53c_next_dist_client_e5d7a3._.js:13665
[ 1093349ms] [LOG] [Fast Refresh] rebuilding @ http://localhost:4300/_next/static/chunks/ee53c_next_dist_client_e5d7a3._.js:13665
[ 1093361ms] [LOG] [Fast Refresh] rebuilding @ http://localhost:4300/_next/static/chunks/ee53c_next_dist_client_e5d7a3._.js:13665
[ 1093362ms] [LOG] [Fast Refresh] rebuilding @ http://localhost:4300/_next/static/chunks/ee53c_next_dist_client_e5d7a3._.js:13665
[ 1093364ms] [LOG] [Fast Refresh] rebuilding @ http://localhost:4300/_next/static/chunks/ee53c_next_dist_client_e5d7a3._.js:13665
[ 1093365ms] [LOG] [Fast Refresh] rebuilding @ http://localhost:4300/_next/static/chunks/ee53c_next_dist_client_e5d7a3._.js:13665
[ 1093366ms] [LOG] [Fast Refresh] rebuilding @ http://localhost:4300/_next/static/chunks/ee53c_next_dist_client_e5d7a3._.js:13665
[ 1103853ms] [ERROR] Failed to load resource: the server responded with a status of 404 (Not Found) @ http://localhost:4300/sequences/hero/0016.webp:0
[ 1103854ms] [ERROR] Failed to load resource: the server responded with a status of 404 (Not Found) @ http://localhost:4300/sequences/hero/0012.webp:0
[ 1103854ms] [ERROR] Failed to load resource: the server responded with a status of 404 (Not Found) @ http://localhost:4300/sequences/hero/0014.webp:0
[ 1103855ms] [ERROR] Failed to load resource: the server responded with a status of 404 (Not Found) @ http://localhost:4300/sequences/hero/0018.webp:0
[ 1103855ms] [ERROR] Failed to load resource: the server responded with a status of 404 (Not Found) @ http://localhost:4300/sequences/hero/0020.webp:0
[ 1103856ms] [ERROR] Failed to load resource: the server responded with a status of 404 (Not Found) @ http://localhost:4300/sequences/hero/0022.webp:0
[ 1103859ms] [LOG] [Fast Refresh] rebuilding @ http://localhost:4300/_next/static/chunks/ee53c_next_dist_client_e5d7a3._.js:13665
[ 1103861ms] [LOG] [Fast Refresh] rebuilding @ http://localhost:4300/_next/static/chunks/ee53c_next_dist_client_e5d7a3._.js:13665
[ 1103861ms] [LOG] [Fast Refresh] rebuilding @ http://localhost:4300/_next/static/chunks/ee53c_next_dist_client_e5d7a3._.js:13665
[ 1103862ms] [LOG] [Fast Refresh] rebuilding @ http://localhost:4300/_next/static/chunks/ee53c_next_dist_client_e5d7a3._.js:13665
[ 1103862ms] [LOG] [Fast Refresh] rebuilding @ http://localhost:4300/_next/static/chunks/ee53c_next_dist_client_e5d7a3._.js:13665
[ 1103862ms] [LOG] [Fast Refresh] rebuilding @ http://localhost:4300/_next/static/chunks/ee53c_next_dist_client_e5d7a3._.js:13665
[ 1103863ms] [LOG] [Fast Refresh] rebuilding @ http://localhost:4300/_next/static/chunks/ee53c_next_dist_client_e5d7a3._.js:13665
[ 1103864ms] [LOG] [Fast Refresh] rebuilding @ http://localhost:4300/_next/static/chunks/ee53c_next_dist_client_e5d7a3._.js:13665
[ 1103865ms] [LOG] [Fast Refresh] rebuilding @ http://localhost:4300/_next/static/chunks/ee53c_next_dist_client_e5d7a3._.js:13665
[ 1103865ms] [LOG] [Fast Refresh] rebuilding @ http://localhost:4300/_next/static/chunks/ee53c_next_dist_client_e5d7a3._.js:13665
[ 1103865ms] [LOG] [Fast Refresh] rebuilding @ http://localhost:4300/_next/static/chunks/ee53c_next_dist_client_e5d7a3._.js:13665
[ 1103866ms] [LOG] [Fast Refresh] rebuilding @ http://localhost:4300/_next/static/chunks/ee53c_next_dist_client_e5d7a3._.js:13665
[ 1103866ms] [LOG] [Fast Refresh] rebuilding @ http://localhost:4300/_next/static/chunks/ee53c_next_dist_client_e5d7a3._.js:13665
[ 1103948ms] [LOG] [Fast Refresh] rebuilding @ http://localhost:4300/_next/static/chunks/ee53c_next_dist_client_e5d7a3._.js:13665
[ 1104028ms] [LOG] [Fast Refresh] rebuilding @ http://localhost:4300/_next/static/chunks/ee53c_next_dist_client_e5d7a3._.js:13665
[ 1104083ms] [LOG] [Fast Refresh] rebuilding @ http://localhost:4300/_next/static/chunks/ee53c_next_dist_client_e5d7a3._.js:13665
[ 1104279ms] [LOG] [Fast Refresh] rebuilding @ http://localhost:4300/_next/static/chunks/ee53c_next_dist_client_e5d7a3._.js:13665
[ 1104405ms] [LOG] [Fast Refresh] rebuilding @ http://localhost:4300/_next/static/chunks/ee53c_next_dist_client_e5d7a3._.js:13665
[ 1104446ms] [LOG] [Fast Refresh] rebuilding @ http://localhost:4300/_next/static/chunks/ee53c_next_dist_client_e5d7a3._.js:13665
[ 1109784ms] [ERROR] Failed to load resource: the server responded with a status of 404 (Not Found) @ http://localhost:4300/sequences/hero/0032.webp:0
[ 1109784ms] [ERROR] Failed to load resource: the server responded with a status of 404 (Not Found) @ http://localhost:4300/sequences/hero/0028.webp:0
[ 1109785ms] [ERROR] Failed to load resource: the server responded with a status of 404 (Not Found) @ http://localhost:4300/sequences/hero/0030.webp:0
[ 1109785ms] [ERROR] Failed to load resource: the server responded with a status of 404 (Not Found) @ http://localhost:4300/sequences/hero/0024.webp:0
[ 1109786ms] [ERROR] Failed to load resource: the server responded with a status of 404 (Not Found) @ http://localhost:4300/sequences/hero/0034.webp:0
[ 1109787ms] [ERROR] Failed to load resource: the server responded with a status of 404 (Not Found) @ http://localhost:4300/sequences/hero/0026.webp:0
[ 1109789ms] [LOG] [Fast Refresh] rebuilding @ http://localhost:4300/_next/static/chunks/ee53c_next_dist_client_e5d7a3._.js:13665
[ 1109790ms] [LOG] [Fast Refresh] rebuilding @ http://localhost:4300/_next/static/chunks/ee53c_next_dist_client_e5d7a3._.js:13665
[ 1109790ms] [LOG] [Fast Refresh] rebuilding @ http://localhost:4300/_next/static/chunks/ee53c_next_dist_client_e5d7a3._.js:13665
[ 1109791ms] [LOG] [Fast Refresh] rebuilding @ http://localhost:4300/_next/static/chunks/ee53c_next_dist_client_e5d7a3._.js:13665
[ 1109791ms] [LOG] [Fast Refresh] rebuilding @ http://localhost:4300/_next/static/chunks/ee53c_next_dist_client_e5d7a3._.js:13665
[ 1109791ms] [LOG] [Fast Refresh] rebuilding @ http://localhost:4300/_next/static/chunks/ee53c_next_dist_client_e5d7a3._.js:13665
[ 1109791ms] [LOG] [Fast Refresh] rebuilding @ http://localhost:4300/_next/static/chunks/ee53c_next_dist_client_e5d7a3._.js:13665
[ 1109959ms] [LOG] [Fast Refresh] rebuilding @ http://localhost:4300/_next/static/chunks/ee53c_next_dist_client_e5d7a3._.js:13665
[ 1110019ms] [LOG] [Fast Refresh] rebuilding @ http://localhost:4300/_next/static/chunks/ee53c_next_dist_client_e5d7a3._.js:13665
[ 1110077ms] [LOG] [Fast Refresh] rebuilding @ http://localhost:4300/_next/static/chunks/ee53c_next_dist_client_e5d7a3._.js:13665
[ 1110214ms] [LOG] [Fast Refresh] rebuilding @ http://localhost:4300/_next/static/chunks/ee53c_next_dist_client_e5d7a3._.js:13665
[ 1110324ms] [LOG] [Fast Refresh] rebuilding @ http://localhost:4300/_next/static/chunks/ee53c_next_dist_client_e5d7a3._.js:13665
[ 1110532ms] [LOG] [Fast Refresh] rebuilding @ http://localhost:4300/_next/static/chunks/ee53c_next_dist_client_e5d7a3._.js:13665
[ 1110586ms] [LOG] [Fast Refresh] rebuilding @ http://localhost:4300/_next/static/chunks/ee53c_next_dist_client_e5d7a3._.js:13665
[ 1110701ms] [LOG] [Fast Refresh] rebuilding @ http://localhost:4300/_next/static/chunks/ee53c_next_dist_client_e5d7a3._.js:13665
[ 1110751ms] [LOG] [Fast Refresh] rebuilding @ http://localhost:4300/_next/static/chunks/ee53c_next_dist_client_e5d7a3._.js:13665
[ 1110796ms] [LOG] [Fast Refresh] rebuilding @ http://localhost:4300/_next/static/chunks/ee53c_next_dist_client_e5d7a3._.js:13665
[ 1110866ms] [LOG] [Fast Refresh] rebuilding @ http://localhost:4300/_next/static/chunks/ee53c_next_dist_client_e5d7a3._.js:13665
[ 1110933ms] [LOG] [Fast Refresh] rebuilding @ http://localhost:4300/_next/static/chunks/ee53c_next_dist_client_e5d7a3._.js:13665
[ 1110980ms] [LOG] [Fast Refresh] rebuilding @ http://localhost:4300/_next/static/chunks/ee53c_next_dist_client_e5d7a3._.js:13665
[ 1111181ms] [LOG] [Fast Refresh] rebuilding @ http://localhost:4300/_next/static/chunks/ee53c_next_dist_client_e5d7a3._.js:13665
[ 1111249ms] [LOG] [Fast Refresh] rebuilding @ http://localhost:4300/_next/static/chunks/ee53c_next_dist_client_e5d7a3._.js:13665
[ 1114197ms] [ERROR] Failed to load resource: the server responded with a status of 404 (Not Found) @ http://localhost:4300/sequences/hero/0042.webp:0
[ 1120399ms] [ERROR] Failed to load resource: the server responded with a status of 404 (Not Found) @ http://localhost:4300/sequences/hero/0036.webp:0
[ 1120406ms] [ERROR] Failed to load resource: the server responded with a status of 404 (Not Found) @ http://localhost:4300/sequences/hero/0038.webp:0
[ 1120408ms] [ERROR] Failed to load resource: the server responded with a status of 404 (Not Found) @ http://localhost:4300/sequences/hero/0046.webp:0
[ 1120412ms] [ERROR] Failed to load resource: the server responded with a status of 404 (Not Found) @ http://localhost:4300/sequences/hero/0044.webp:0
[ 1120415ms] [ERROR] Failed to load resource: the server responded with a status of 404 (Not Found) @ http://localhost:4300/sequences/hero/0040.webp:0
[ 1120446ms] [LOG] [Fast Refresh] rebuilding @ http://localhost:4300/_next/static/chunks/ee53c_next_dist_client_e5d7a3._.js:13665
[ 1120526ms] [LOG] [Fast Refresh] rebuilding @ http://localhost:4300/_next/static/chunks/ee53c_next_dist_client_e5d7a3._.js:13665
[ 1120546ms] [LOG] [Fast Refresh] rebuilding @ http://localhost:4300/_next/static/chunks/ee53c_next_dist_client_e5d7a3._.js:13665
[ 1120550ms] [LOG] [Fast Refresh] rebuilding @ http://localhost:4300/_next/static/chunks/ee53c_next_dist_client_e5d7a3._.js:13665
[ 1120557ms] [LOG] [Fast Refresh] rebuilding @ http://localhost:4300/_next/static/chunks/ee53c_next_dist_client_e5d7a3._.js:13665
[ 1120661ms] [LOG] [Fast Refresh] rebuilding @ http://localhost:4300/_next/static/chunks/ee53c_next_dist_client_e5d7a3._.js:13665
[ 1122310ms] [LOG] [Fast Refresh] rebuilding @ http://localhost:4300/_next/static/chunks/ee53c_next_dist_client_e5d7a3._.js:13665
[ 1122336ms] [LOG] [Fast Refresh] rebuilding @ http://localhost:4300/_next/static/chunks/ee53c_next_dist_client_e5d7a3._.js:13665
[ 1122397ms] [LOG] [Fast Refresh] rebuilding @ http://localhost:4300/_next/static/chunks/ee53c_next_dist_client_e5d7a3._.js:13665
[ 1122423ms] [LOG] [Fast Refresh] rebuilding @ http://localhost:4300/_next/static/chunks/ee53c_next_dist_client_e5d7a3._.js:13665
[ 1122468ms] [LOG] [Fast Refresh] rebuilding @ http://localhost:4300/_next/static/chunks/ee53c_next_dist_client_e5d7a3._.js:13665
[ 1122485ms] [LOG] [Fast Refresh] rebuilding @ http://localhost:4300/_next/static/chunks/ee53c_next_dist_client_e5d7a3._.js:13665
[ 1122522ms] [LOG] [Fast Refresh] rebuilding @ http://localhost:4300/_next/static/chunks/ee53c_next_dist_client_e5d7a3._.js:13665
[ 1122528ms] [LOG] [Fast Refresh] rebuilding @ http://localhost:4300/_next/static/chunks/ee53c_next_dist_client_e5d7a3._.js:13665
[ 1125827ms] [ERROR] Failed to load resource: the server responded with a status of 404 (Not Found) @ http://localhost:4300/sequences/hero/0050.webp:0
[ 1125986ms] [ERROR] Failed to load resource: the server responded with a status of 404 (Not Found) @ http://localhost:4300/sequences/hero/0056.webp:0
[ 1127721ms] [ERROR] Failed to load resource: the server responded with a status of 404 (Not Found) @ http://localhost:4300/sequences/hero/0048.webp:0
[ 1127816ms] [ERROR] Failed to load resource: the server responded with a status of 404 (Not Found) @ http://localhost:4300/sequences/hero/0058.webp:0
[ 1127838ms] [ERROR] Failed to load resource: the server responded with a status of 404 (Not Found) @ http://localhost:4300/sequences/hero/0054.webp:0
[ 1127883ms] [ERROR] Failed to load resource: the server responded with a status of 404 (Not Found) @ http://localhost:4300/sequences/hero/0052.webp:0
[ 1135909ms] [ERROR] Failed to load resource: the server responded with a status of 404 (Not Found) @ http://localhost:4300/sequences/hero/0060.webp:0
[ 1135910ms] [ERROR] Failed to load resource: the server responded with a status of 404 (Not Found) @ http://localhost:4300/sequences/hero/0064.webp:0
[ 1135911ms] [ERROR] Failed to load resource: the server responded with a status of 404 (Not Found) @ http://localhost:4300/sequences/hero/0068.webp:0
[ 1135911ms] [ERROR] Failed to load resource: the server responded with a status of 404 (Not Found) @ http://localhost:4300/sequences/hero/0062.webp:0
[ 1135912ms] [ERROR] Failed to load resource: the server responded with a status of 404 (Not Found) @ http://localhost:4300/sequences/hero/0066.webp:0
[ 1135913ms] [ERROR] Failed to load resource: the server responded with a status of 404 (Not Found) @ http://localhost:4300/sequences/hero/0070.webp:0
[ 1135915ms] [LOG] [Fast Refresh] rebuilding @ http://localhost:4300/_next/static/chunks/ee53c_next_dist_client_e5d7a3._.js:13665
[ 1135919ms] [LOG] [Fast Refresh] rebuilding @ http://localhost:4300/_next/static/chunks/ee53c_next_dist_client_e5d7a3._.js:13665
[ 1135920ms] [LOG] [Fast Refresh] rebuilding @ http://localhost:4300/_next/static/chunks/ee53c_next_dist_client_e5d7a3._.js:13665
[ 1135921ms] [LOG] [Fast Refresh] rebuilding @ http://localhost:4300/_next/static/chunks/ee53c_next_dist_client_e5d7a3._.js:13665
[ 1135922ms] [LOG] [Fast Refresh] rebuilding @ http://localhost:4300/_next/static/chunks/ee53c_next_dist_client_e5d7a3._.js:13665
[ 1135923ms] [LOG] [Fast Refresh] rebuilding @ http://localhost:4300/_next/static/chunks/ee53c_next_dist_client_e5d7a3._.js:13665
[ 1135924ms] [LOG] [Fast Refresh] rebuilding @ http://localhost:4300/_next/static/chunks/ee53c_next_dist_client_e5d7a3._.js:13665
[ 1135925ms] [LOG] [Fast Refresh] rebuilding @ http://localhost:4300/_next/static/chunks/ee53c_next_dist_client_e5d7a3._.js:13665
[ 1135927ms] [LOG] [Fast Refresh] rebuilding @ http://localhost:4300/_next/static/chunks/ee53c_next_dist_client_e5d7a3._.js:13665
[ 1135929ms] [LOG] [Fast Refresh] rebuilding @ http://localhost:4300/_next/static/chunks/ee53c_next_dist_client_e5d7a3._.js:13665
[ 1135932ms] [LOG] [Fast Refresh] rebuilding @ http://localhost:4300/_next/static/chunks/ee53c_next_dist_client_e5d7a3._.js:13665
[ 1135932ms] [LOG] [Fast Refresh] rebuilding @ http://localhost:4300/_next/static/chunks/ee53c_next_dist_client_e5d7a3._.js:13665
[ 1135933ms] [LOG] [Fast Refresh] rebuilding @ http://localhost:4300/_next/static/chunks/ee53c_next_dist_client_e5d7a3._.js:13665
[ 1135934ms] [LOG] [Fast Refresh] rebuilding @ http://localhost:4300/_next/static/chunks/ee53c_next_dist_client_e5d7a3._.js:13665
[ 1135979ms] [LOG] [Fast Refresh] rebuilding @ http://localhost:4300/_next/static/chunks/ee53c_next_dist_client_e5d7a3._.js:13665
[ 1136174ms] [LOG] [Fast Refresh] rebuilding @ http://localhost:4300/_next/static/chunks/ee53c_next_dist_client_e5d7a3._.js:13665
[ 1136402ms] [LOG] [Fast Refresh] rebuilding @ http://localhost:4300/_next/static/chunks/ee53c_next_dist_client_e5d7a3._.js:13665
[ 1141847ms] [ERROR] Failed to load resource: the server responded with a status of 404 (Not Found) @ http://localhost:4300/sequences/hero/0076.webp:0
[ 1141847ms] [ERROR] Failed to load resource: the server responded with a status of 404 (Not Found) @ http://localhost:4300/sequences/hero/0082.webp:0
[ 1141848ms] [ERROR] Failed to load resource: the server responded with a status of 404 (Not Found) @ http://localhost:4300/sequences/hero/0080.webp:0
[ 1141849ms] [ERROR] Failed to load resource: the server responded with a status of 404 (Not Found) @ http://localhost:4300/sequences/hero/0074.webp:0
[ 1141849ms] [ERROR] Failed to load resource: the server responded with a status of 404 (Not Found) @ http://localhost:4300/sequences/hero/0072.webp:0
[ 1141850ms] [ERROR] Failed to load resource: the server responded with a status of 404 (Not Found) @ http://localhost:4300/sequences/hero/0078.webp:0
[ 1141854ms] [LOG] [Fast Refresh] rebuilding @ http://localhost:4300/_next/static/chunks/ee53c_next_dist_client_e5d7a3._.js:13665
[ 1141854ms] [LOG] [Fast Refresh] rebuilding @ http://localhost:4300/_next/static/chunks/ee53c_next_dist_client_e5d7a3._.js:13665
[ 1141855ms] [LOG] [Fast Refresh] rebuilding @ http://localhost:4300/_next/static/chunks/ee53c_next_dist_client_e5d7a3._.js:13665
[ 1141855ms] [LOG] [Fast Refresh] rebuilding @ http://localhost:4300/_next/static/chunks/ee53c_next_dist_client_e5d7a3._.js:13665
[ 1141855ms] [LOG] [Fast Refresh] rebuilding @ http://localhost:4300/_next/static/chunks/ee53c_next_dist_client_e5d7a3._.js:13665
[ 1141856ms] [LOG] [Fast Refresh] rebuilding @ http://localhost:4300/_next/static/chunks/ee53c_next_dist_client_e5d7a3._.js:13665
[ 1141857ms] [LOG] [Fast Refresh] rebuilding @ http://localhost:4300/_next/static/chunks/ee53c_next_dist_client_e5d7a3._.js:13665
[ 1141858ms] [LOG] [Fast Refresh] rebuilding @ http://localhost:4300/_next/static/chunks/ee53c_next_dist_client_e5d7a3._.js:13665
[ 1141902ms] [LOG] [Fast Refresh] rebuilding @ http://localhost:4300/_next/static/chunks/ee53c_next_dist_client_e5d7a3._.js:13665
[ 1141978ms] [LOG] [Fast Refresh] rebuilding @ http://localhost:4300/_next/static/chunks/ee53c_next_dist_client_e5d7a3._.js:13665
[ 1142080ms] [LOG] [Fast Refresh] rebuilding @ http://localhost:4300/_next/static/chunks/ee53c_next_dist_client_e5d7a3._.js:13665
[ 1142145ms] [LOG] [Fast Refresh] rebuilding @ http://localhost:4300/_next/static/chunks/ee53c_next_dist_client_e5d7a3._.js:13665
[ 1142211ms] [LOG] [Fast Refresh] rebuilding @ http://localhost:4300/_next/static/chunks/ee53c_next_dist_client_e5d7a3._.js:13665
[ 1142312ms] [LOG] [Fast Refresh] rebuilding @ http://localhost:4300/_next/static/chunks/ee53c_next_dist_client_e5d7a3._.js:13665
[ 1142390ms] [LOG] [Fast Refresh] rebuilding @ http://localhost:4300/_next/static/chunks/ee53c_next_dist_client_e5d7a3._.js:13665
[ 1144847ms] [ERROR] Failed to load resource: the server responded with a status of 404 (Not Found) @ http://localhost:4300/sequences/hero/0090.webp:0
[ 1144848ms] [ERROR] Failed to load resource: the server responded with a status of 404 (Not Found) @ http://localhost:4300/sequences/hero/0086.webp:0
[ 1144848ms] [ERROR] Failed to load resource: the server responded with a status of 404 (Not Found) @ http://localhost:4300/sequences/hero/0084.webp:0
[ 1144849ms] [ERROR] Failed to load resource: the server responded with a status of 404 (Not Found) @ http://localhost:4300/sequences/hero/0088.webp:0
[ 1144849ms] [ERROR] Failed to load resource: the server responded with a status of 404 (Not Found) @ http://localhost:4300/sequences/hero/0094.webp:0
[ 1144850ms] [ERROR] Failed to load resource: the server responded with a status of 404 (Not Found) @ http://localhost:4300/sequences/hero/0092.webp:0
[ 1152033ms] [ERROR] Failed to load resource: the server responded with a status of 404 (Not Found) @ http://localhost:4300/sequences/hero/0096.webp:0
[ 1152282ms] [ERROR] Failed to load resource: the server responded with a status of 404 (Not Found) @ http://localhost:4300/sequences/hero/0098.webp:0
[ 1152295ms] [ERROR] Failed to load resource: the server responded with a status of 404 (Not Found) @ http://localhost:4300/sequences/hero/0100.webp:0
[ 1152405ms] [ERROR] Failed to load resource: the server responded with a status of 404 (Not Found) @ http://localhost:4300/sequences/hero/0102.webp:0
[ 1152748ms] [ERROR] Failed to load resource: the server responded with a status of 404 (Not Found) @ http://localhost:4300/sequences/hero/0104.webp:0
[ 1152748ms] [ERROR] Failed to load resource: the server responded with a status of 404 (Not Found) @ http://localhost:4300/sequences/hero/0106.webp:0
[ 1152749ms] [LOG] [Fast Refresh] rebuilding @ http://localhost:4300/_next/static/chunks/ee53c_next_dist_client_e5d7a3._.js:13665
[ 1152749ms] [LOG] [Fast Refresh] rebuilding @ http://localhost:4300/_next/static/chunks/ee53c_next_dist_client_e5d7a3._.js:13665
[ 1152751ms] [LOG] [Fast Refresh] rebuilding @ http://localhost:4300/_next/static/chunks/ee53c_next_dist_client_e5d7a3._.js:13665
[ 1152754ms] [LOG] [Fast Refresh] rebuilding @ http://localhost:4300/_next/static/chunks/ee53c_next_dist_client_e5d7a3._.js:13665
[ 1152754ms] [LOG] [Fast Refresh] rebuilding @ http://localhost:4300/_next/static/chunks/ee53c_next_dist_client_e5d7a3._.js:13665
[ 1152754ms] [LOG] [Fast Refresh] rebuilding @ http://localhost:4300/_next/static/chunks/ee53c_next_dist_client_e5d7a3._.js:13665
[ 1152755ms] [LOG] [Fast Refresh] rebuilding @ http://localhost:4300/_next/static/chunks/ee53c_next_dist_client_e5d7a3._.js:13665
[ 1152756ms] [LOG] [Fast Refresh] rebuilding @ http://localhost:4300/_next/static/chunks/ee53c_next_dist_client_e5d7a3._.js:13665
[ 1152773ms] [LOG] [Fast Refresh] rebuilding @ http://localhost:4300/_next/static/chunks/ee53c_next_dist_client_e5d7a3._.js:13665
[ 1152774ms] [LOG] [Fast Refresh] rebuilding @ http://localhost:4300/_next/static/chunks/ee53c_next_dist_client_e5d7a3._.js:13665
[ 1152775ms] [LOG] [Fast Refresh] rebuilding @ http://localhost:4300/_next/static/chunks/ee53c_next_dist_client_e5d7a3._.js:13665
[ 1152778ms] [LOG] [Fast Refresh] rebuilding @ http://localhost:4300/_next/static/chunks/ee53c_next_dist_client_e5d7a3._.js:13665
[ 1152779ms] [LOG] [Fast Refresh] rebuilding @ http://localhost:4300/_next/static/chunks/ee53c_next_dist_client_e5d7a3._.js:13665
[ 1152779ms] [LOG] [Fast Refresh] rebuilding @ http://localhost:4300/_next/static/chunks/ee53c_next_dist_client_e5d7a3._.js:13665
[ 1152781ms] [LOG] [Fast Refresh] rebuilding @ http://localhost:4300/_next/static/chunks/ee53c_next_dist_client_e5d7a3._.js:13665
[ 1152782ms] [LOG] [Fast Refresh] rebuilding @ http://localhost:4300/_next/static/chunks/ee53c_next_dist_client_e5d7a3._.js:13665
[ 1152783ms] [LOG] [Fast Refresh] rebuilding @ http://localhost:4300/_next/static/chunks/ee53c_next_dist_client_e5d7a3._.js:13665
[ 1152784ms] [LOG] [Fast Refresh] rebuilding @ http://localhost:4300/_next/static/chunks/ee53c_next_dist_client_e5d7a3._.js:13665
[ 1152784ms] [LOG] [Fast Refresh] rebuilding @ http://localhost:4300/_next/static/chunks/ee53c_next_dist_client_e5d7a3._.js:13665
[ 1152784ms] [LOG] [Fast Refresh] rebuilding @ http://localhost:4300/_next/static/chunks/ee53c_next_dist_client_e5d7a3._.js:13665
[ 1152791ms] [LOG] [Fast Refresh] rebuilding @ http://localhost:4300/_next/static/chunks/ee53c_next_dist_client_e5d7a3._.js:13665
[ 1152791ms] [LOG] [Fast Refresh] rebuilding @ http://localhost:4300/_next/static/chunks/ee53c_next_dist_client_e5d7a3._.js:13665
[ 1152806ms] [LOG] [Fast Refresh] rebuilding @ http://localhost:4300/_next/static/chunks/ee53c_next_dist_client_e5d7a3._.js:13665
[ 1152807ms] [LOG] [Fast Refresh] rebuilding @ http://localhost:4300/_next/static/chunks/ee53c_next_dist_client_e5d7a3._.js:13665
[ 1152895ms] [LOG] [Fast Refresh] rebuilding @ http://localhost:4300/_next/static/chunks/ee53c_next_dist_client_e5d7a3._.js:13665
[ 1152896ms] [LOG] [Fast Refresh] rebuilding @ http://localhost:4300/_next/static/chunks/ee53c_next_dist_client_e5d7a3._.js:13665
[ 1152897ms] [LOG] [Fast Refresh] rebuilding @ http://localhost:4300/_next/static/chunks/ee53c_next_dist_client_e5d7a3._.js:13665
[ 1152899ms] [LOG] [Fast Refresh] rebuilding @ http://localhost:4300/_next/static/chunks/ee53c_next_dist_client_e5d7a3._.js:13665
[ 1152900ms] [LOG] [Fast Refresh] rebuilding @ http://localhost:4300/_next/static/chunks/ee53c_next_dist_client_e5d7a3._.js:13665
[ 1152901ms] [LOG] [Fast Refresh] rebuilding @ http://localhost:4300/_next/static/chunks/ee53c_next_dist_client_e5d7a3._.js:13665
[ 1152904ms] [LOG] [Fast Refresh] rebuilding @ http://localhost:4300/_next/static/chunks/ee53c_next_dist_client_e5d7a3._.js:13665
[ 1152904ms] [LOG] [Fast Refresh] rebuilding @ http://localhost:4300/_next/static/chunks/ee53c_next_dist_client_e5d7a3._.js:13665
[ 1152905ms] [LOG] [Fast Refresh] rebuilding @ http://localhost:4300/_next/static/chunks/ee53c_next_dist_client_e5d7a3._.js:13665
[ 1155537ms] [ERROR] Failed to load resource: the server responded with a status of 404 (Not Found) @ http://localhost:4300/sequences/hero/0108.webp:0
[ 1155547ms] [ERROR] Failed to load resource: the server responded with a status of 404 (Not Found) @ http://localhost:4300/sequences/hero/0110.webp:0
[ 1155678ms] [ERROR] Failed to load resource: the server responded with a status of 404 (Not Found) @ http://localhost:4300/sequences/hero/0114.webp:0
[ 1155681ms] [ERROR] Failed to load resource: the server responded with a status of 404 (Not Found) @ http://localhost:4300/sequences/hero/0112.webp:0
[ 1155817ms] [LOG] [Fast Refresh] rebuilding @ http://localhost:4300/_next/static/chunks/ee53c_next_dist_client_e5d7a3._.js:13665
[ 1155823ms] [LOG] [Fast Refresh] rebuilding @ http://localhost:4300/_next/static/chunks/ee53c_next_dist_client_e5d7a3._.js:13665
[ 1155827ms] [LOG] [Fast Refresh] rebuilding @ http://localhost:4300/_next/static/chunks/ee53c_next_dist_client_e5d7a3._.js:13665
[ 1155860ms] [ERROR] Failed to load resource: the server responded with a status of 404 (Not Found) @ http://localhost:4300/sequences/hero/0116.webp:0
[ 1155873ms] [ERROR] Failed to load resource: the server responded with a status of 404 (Not Found) @ http://localhost:4300/sequences/hero/0118.webp:0
[ 1155888ms] [LOG] [Fast Refresh] rebuilding @ http://localhost:4300/_next/static/chunks/ee53c_next_dist_client_e5d7a3._.js:13665
[ 1155893ms] [LOG] [Fast Refresh] rebuilding @ http://localhost:4300/_next/static/chunks/ee53c_next_dist_client_e5d7a3._.js:13665
[ 1155897ms] [LOG] [Fast Refresh] rebuilding @ http://localhost:4300/_next/static/chunks/ee53c_next_dist_client_e5d7a3._.js:13665
[ 1155900ms] [LOG] [Fast Refresh] rebuilding @ http://localhost:4300/_next/static/chunks/ee53c_next_dist_client_e5d7a3._.js:13665
[ 1155920ms] [LOG] [Fast Refresh] rebuilding @ http://localhost:4300/_next/static/chunks/ee53c_next_dist_client_e5d7a3._.js:13665
[ 1155933ms] [LOG] [Fast Refresh] rebuilding @ http://localhost:4300/_next/static/chunks/ee53c_next_dist_client_e5d7a3._.js:13665
[ 1155940ms] [LOG] [Fast Refresh] rebuilding @ http://localhost:4300/_next/static/chunks/ee53c_next_dist_client_e5d7a3._.js:13665
[ 1155959ms] [LOG] [Fast Refresh] rebuilding @ http://localhost:4300/_next/static/chunks/ee53c_next_dist_client_e5d7a3._.js:13665
[ 1155967ms] [LOG] [Fast Refresh] rebuilding @ http://localhost:4300/_next/static/chunks/ee53c_next_dist_client_e5d7a3._.js:13665
[ 1155997ms] [LOG] [Fast Refresh] rebuilding @ http://localhost:4300/_next/static/chunks/ee53c_next_dist_client_e5d7a3._.js:13665
[ 1156026ms] [LOG] [Fast Refresh] rebuilding @ http://localhost:4300/_next/static/chunks/ee53c_next_dist_client_e5d7a3._.js:13665
[ 1156157ms] [LOG] [Fast Refresh] rebuilding @ http://localhost:4300/_next/static/chunks/ee53c_next_dist_client_e5d7a3._.js:13665
[ 1156264ms] [LOG] [Fast Refresh] rebuilding @ http://localhost:4300/_next/static/chunks/ee53c_next_dist_client_e5d7a3._.js:13665
[ 1156538ms] [LOG] [Fast Refresh] rebuilding @ http://localhost:4300/_next/static/chunks/ee53c_next_dist_client_e5d7a3._.js:13665
[ 1156543ms] [LOG] [Fast Refresh] rebuilding @ http://localhost:4300/_next/static/chunks/ee53c_next_dist_client_e5d7a3._.js:13665
[ 1156550ms] [LOG] [Fast Refresh] rebuilding @ http://localhost:4300/_next/static/chunks/ee53c_next_dist_client_e5d7a3._.js:13665
[ 1156578ms] [LOG] [Fast Refresh] rebuilding @ http://localhost:4300/_next/static/chunks/ee53c_next_dist_client_e5d7a3._.js:13665
[ 1157107ms] [LOG] [Fast Refresh] rebuilding @ http://localhost:4300/_next/static/chunks/ee53c_next_dist_client_e5d7a3._.js:13665
[ 1157116ms] [LOG] [Fast Refresh] rebuilding @ http://localhost:4300/_next/static/chunks/ee53c_next_dist_client_e5d7a3._.js:13665
[ 1157180ms] [LOG] [Fast Refresh] rebuilding @ http://localhost:4300/_next/static/chunks/ee53c_next_dist_client_e5d7a3._.js:13665
[ 1157181ms] [LOG] [Fast Refresh] rebuilding @ http://localhost:4300/_next/static/chunks/ee53c_next_dist_client_e5d7a3._.js:13665
[ 1157182ms] [LOG] [Fast Refresh] rebuilding @ http://localhost:4300/_next/static/chunks/ee53c_next_dist_client_e5d7a3._.js:13665
[ 1159417ms] [ERROR] Failed to load resource: the server responded with a status of 404 (Not Found) @ http://localhost:4300/sequences/hero/0120.webp:0
[ 1159421ms] [ERROR] Failed to load resource: the server responded with a status of 404 (Not Found) @ http://localhost:4300/sequences/hero/0122.webp:0
[ 1159423ms] [ERROR] Failed to load resource: the server responded with a status of 404 (Not Found) @ http://localhost:4300/sequences/hero/0124.webp:0
[ 1159424ms] [ERROR] Failed to load resource: the server responded with a status of 404 (Not Found) @ http://localhost:4300/sequences/hero/0126.webp:0
[ 1159441ms] [ERROR] Failed to load resource: the server responded with a status of 404 (Not Found) @ http://localhost:4300/sequences/hero/0128.webp:0
[ 1159445ms] [ERROR] Failed to load resource: the server responded with a status of 404 (Not Found) @ http://localhost:4300/sequences/hero/0130.webp:0
[ 1159447ms] [LOG] [Fast Refresh] rebuilding @ http://localhost:4300/_next/static/chunks/ee53c_next_dist_client_e5d7a3._.js:13665
[ 1159459ms] [LOG] [Fast Refresh] rebuilding @ http://localhost:4300/_next/static/chunks/ee53c_next_dist_client_e5d7a3._.js:13665
[ 1159462ms] [LOG] [Fast Refresh] rebuilding @ http://localhost:4300/_next/static/chunks/ee53c_next_dist_client_e5d7a3._.js:13665
[ 1159463ms] [LOG] [Fast Refresh] rebuilding @ http://localhost:4300/_next/static/chunks/ee53c_next_dist_client_e5d7a3._.js:13665
[ 1159463ms] [LOG] [Fast Refresh] rebuilding @ http://localhost:4300/_next/static/chunks/ee53c_next_dist_client_e5d7a3._.js:13665
[ 1159465ms] [LOG] [Fast Refresh] rebuilding @ http://localhost:4300/_next/static/chunks/ee53c_next_dist_client_e5d7a3._.js:13665
[ 1159466ms] [LOG] [Fast Refresh] rebuilding @ http://localhost:4300/_next/static/chunks/ee53c_next_dist_client_e5d7a3._.js:13665
[ 1159466ms] [LOG] [Fast Refresh] rebuilding @ http://localhost:4300/_next/static/chunks/ee53c_next_dist_client_e5d7a3._.js:13665
[ 1159468ms] [LOG] [Fast Refresh] rebuilding @ http://localhost:4300/_next/static/chunks/ee53c_next_dist_client_e5d7a3._.js:13665
[ 1159470ms] [LOG] [Fast Refresh] rebuilding @ http://localhost:4300/_next/static/chunks/ee53c_next_dist_client_e5d7a3._.js:13665
[ 1159471ms] [LOG] [Fast Refresh] rebuilding @ http://localhost:4300/_next/static/chunks/ee53c_next_dist_client_e5d7a3._.js:13665
[ 1159471ms] [LOG] [Fast Refresh] rebuilding @ http://localhost:4300/_next/static/chunks/ee53c_next_dist_client_e5d7a3._.js:13665
[ 1159472ms] [LOG] [Fast Refresh] rebuilding @ http://localhost:4300/_next/static/chunks/ee53c_next_dist_client_e5d7a3._.js:13665
[ 1159474ms] [LOG] [Fast Refresh] rebuilding @ http://localhost:4300/_next/static/chunks/ee53c_next_dist_client_e5d7a3._.js:13665
[ 1159474ms] [LOG] [Fast Refresh] rebuilding @ http://localhost:4300/_next/static/chunks/ee53c_next_dist_client_e5d7a3._.js:13665
[ 1159475ms] [LOG] [Fast Refresh] rebuilding @ http://localhost:4300/_next/static/chunks/ee53c_next_dist_client_e5d7a3._.js:13665
[ 1159477ms] [LOG] [Fast Refresh] rebuilding @ http://localhost:4300/_next/static/chunks/ee53c_next_dist_client_e5d7a3._.js:13665
[ 1171534ms] [ERROR] Failed to load resource: the server responded with a status of 404 (Not Found) @ http://localhost:4300/sequences/hero/0132.webp:0
[ 1171536ms] [LOG] [Fast Refresh] rebuilding @ http://localhost:4300/_next/static/chunks/ee53c_next_dist_client_e5d7a3._.js:13665
[ 1171538ms] [LOG] [Fast Refresh] rebuilding @ http://localhost:4300/_next/static/chunks/ee53c_next_dist_client_e5d7a3._.js:13665
[ 1171539ms] [LOG] [Fast Refresh] rebuilding @ http://localhost:4300/_next/static/chunks/ee53c_next_dist_client_e5d7a3._.js:13665
[ 1178661ms] [LOG] [Fast Refresh] rebuilding @ http://localhost:4300/_next/static/chunks/ee53c_next_dist_client_e5d7a3._.js:13665
[ 1178661ms] [LOG] [Fast Refresh] rebuilding @ http://localhost:4300/_next/static/chunks/ee53c_next_dist_client_e5d7a3._.js:13665
[ 1178663ms] [LOG] [Fast Refresh] rebuilding @ http://localhost:4300/_next/static/chunks/ee53c_next_dist_client_e5d7a3._.js:13665
[ 1178664ms] [LOG] [Fast Refresh] rebuilding @ http://localhost:4300/_next/static/chunks/ee53c_next_dist_client_e5d7a3._.js:13665
[ 1178665ms] [ERROR] Failed to load resource: the server responded with a status of 404 (Not Found) @ http://localhost:4300/sequences/hero/0134.webp:0
[ 1178666ms] [LOG] [Fast Refresh] rebuilding @ http://localhost:4300/_next/static/chunks/ee53c_next_dist_client_e5d7a3._.js:13665
[ 1178667ms] [LOG] [Fast Refresh] rebuilding @ http://localhost:4300/_next/static/chunks/ee53c_next_dist_client_e5d7a3._.js:13665
[ 1178689ms] [LOG] [Fast Refresh] rebuilding @ http://localhost:4300/_next/static/chunks/ee53c_next_dist_client_e5d7a3._.js:13665
[ 1178690ms] [ERROR] Failed to load resource: the server responded with a status of 404 (Not Found) @ http://localhost:4300/sequences/hero/0136.webp:0
[ 1178691ms] [LOG] [Fast Refresh] rebuilding @ http://localhost:4300/_next/static/chunks/ee53c_next_dist_client_e5d7a3._.js:13665
[ 1178691ms] [LOG] [Fast Refresh] rebuilding @ http://localhost:4300/_next/static/chunks/ee53c_next_dist_client_e5d7a3._.js:13665
[ 1178691ms] [LOG] [Fast Refresh] rebuilding @ http://localhost:4300/_next/static/chunks/ee53c_next_dist_client_e5d7a3._.js:13665
[ 1178693ms] [LOG] [Fast Refresh] rebuilding @ http://localhost:4300/_next/static/chunks/ee53c_next_dist_client_e5d7a3._.js:13665
[ 1192910ms] [ERROR] Failed to load resource: the server responded with a status of 404 (Not Found) @ http://localhost:4300/sequences/hero/0142.webp:0
[ 1192911ms] [ERROR] Failed to load resource: the server responded with a status of 404 (Not Found) @ http://localhost:4300/sequences/hero/0138.webp:0
[ 1192912ms] [ERROR] Failed to load resource: the server responded with a status of 404 (Not Found) @ http://localhost:4300/sequences/hero/0148.webp:0
[ 1192912ms] [ERROR] Failed to load resource: the server responded with a status of 404 (Not Found) @ http://localhost:4300/sequences/hero/0144.webp:0
[ 1192913ms] [ERROR] Failed to load resource: the server responded with a status of 404 (Not Found) @ http://localhost:4300/sequences/hero/0140.webp:0
[ 1192913ms] [ERROR] Failed to load resource: the server responded with a status of 404 (Not Found) @ http://localhost:4300/sequences/hero/0146.webp:0
[ 1192915ms] [LOG] [Fast Refresh] rebuilding @ http://localhost:4300/_next/static/chunks/ee53c_next_dist_client_e5d7a3._.js:13665
[ 1192916ms] [LOG] [Fast Refresh] rebuilding @ http://localhost:4300/_next/static/chunks/ee53c_next_dist_client_e5d7a3._.js:13665
[ 1192916ms] [LOG] [Fast Refresh] rebuilding @ http://localhost:4300/_next/static/chunks/ee53c_next_dist_client_e5d7a3._.js:13665
[ 1192917ms] [LOG] [Fast Refresh] rebuilding @ http://localhost:4300/_next/static/chunks/ee53c_next_dist_client_e5d7a3._.js:13665
[ 1192917ms] [LOG] [Fast Refresh] rebuilding @ http://localhost:4300/_next/static/chunks/ee53c_next_dist_client_e5d7a3._.js:13665
[ 1192917ms] [LOG] [Fast Refresh] rebuilding @ http://localhost:4300/_next/static/chunks/ee53c_next_dist_client_e5d7a3._.js:13665
[ 1192917ms] [LOG] [Fast Refresh] rebuilding @ http://localhost:4300/_next/static/chunks/ee53c_next_dist_client_e5d7a3._.js:13665
[ 1192918ms] [LOG] [Fast Refresh] rebuilding @ http://localhost:4300/_next/static/chunks/ee53c_next_dist_client_e5d7a3._.js:13665
[ 1192918ms] [LOG] [Fast Refresh] rebuilding @ http://localhost:4300/_next/static/chunks/ee53c_next_dist_client_e5d7a3._.js:13665
[ 1192918ms] [LOG] [Fast Refresh] rebuilding @ http://localhost:4300/_next/static/chunks/ee53c_next_dist_client_e5d7a3._.js:13665
[ 1192919ms] [LOG] [Fast Refresh] rebuilding @ http://localhost:4300/_next/static/chunks/ee53c_next_dist_client_e5d7a3._.js:13665
[ 1192919ms] [LOG] [Fast Refresh] rebuilding @ http://localhost:4300/_next/static/chunks/ee53c_next_dist_client_e5d7a3._.js:13665
[ 1198847ms] [ERROR] Failed to load resource: the server responded with a status of 404 (Not Found) @ http://localhost:4300/sequences/hero/0150.webp:0
[ 1198851ms] [LOG] [Fast Refresh] rebuilding @ http://localhost:4300/_next/static/chunks/ee53c_next_dist_client_e5d7a3._.js:13665
[ 1198851ms] [LOG] [Fast Refresh] rebuilding @ http://localhost:4300/_next/static/chunks/ee53c_next_dist_client_e5d7a3._.js:13665
[ 1198851ms] [LOG] [Fast Refresh] rebuilding @ http://localhost:4300/_next/static/chunks/ee53c_next_dist_client_e5d7a3._.js:13665
[ 1198852ms] [LOG] [Fast Refresh] rebuilding @ http://localhost:4300/_next/static/chunks/ee53c_next_dist_client_e5d7a3._.js:13665
[ 1201858ms] [WARNING] The resource http://localhost:4300/_next/static/chunks/%5Broot%20of%20the%20server%5D__c7eba6._.css was preloaded using link preload but not used within a few seconds from the window's load event. Please make sure it has an appropriate `as` value and it is preloaded intentionally. @ http://localhost:4300/fr:0
[ 1307909ms] [LOG] [Fast Refresh] rebuilding @ http://localhost:4300/_next/static/chunks/ee53c_next_dist_client_e5d7a3._.js:13665
[ 1329475ms] [LOG] [Fast Refresh] rebuilding @ http://localhost:4300/_next/static/chunks/ee53c_next_dist_client_e5d7a3._.js:13665
[ 1331849ms] [LOG] [Fast Refresh] rebuilding @ http://localhost:4300/_next/static/chunks/ee53c_next_dist_client_e5d7a3._.js:13665
[ 1356954ms] [LOG] [Fast Refresh] rebuilding @ http://localhost:4300/_next/static/chunks/ee53c_next_dist_client_e5d7a3._.js:13665
[ 1357046ms] [LOG] [Fast Refresh] rebuilding @ http://localhost:4300/_next/static/chunks/ee53c_next_dist_client_e5d7a3._.js:13665
[ 1398792ms] [LOG] [Fast Refresh] rebuilding @ http://localhost:4300/_next/static/chunks/ee53c_next_dist_client_e5d7a3._.js:13665
[ 1399029ms] [LOG] [Fast Refresh] done in 237ms @ http://localhost:4300/_next/static/chunks/ee53c_next_dist_client_e5d7a3._.js:13492
[ 1417862ms] [LOG] [Fast Refresh] rebuilding @ http://localhost:4300/_next/static/chunks/ee53c_next_dist_client_e5d7a3._.js:13665
[ 1426861ms] [LOG] [Fast Refresh] rebuilding @ http://localhost:4300/_next/static/chunks/ee53c_next_dist_client_e5d7a3._.js:13665
[ 1426863ms] [LOG] [Fast Refresh] rebuilding @ http://localhost:4300/_next/static/chunks/ee53c_next_dist_client_e5d7a3._.js:13665
[ 1426863ms] [LOG] [Fast Refresh] rebuilding @ http://localhost:4300/_next/static/chunks/ee53c_next_dist_client_e5d7a3._.js:13665
[ 1426864ms] [LOG] [Fast Refresh] rebuilding @ http://localhost:4300/_next/static/chunks/ee53c_next_dist_client_e5d7a3._.js:13665
[ 1426864ms] [LOG] [Fast Refresh] rebuilding @ http://localhost:4300/_next/static/chunks/ee53c_next_dist_client_e5d7a3._.js:13665
[ 1426865ms] [LOG] [Fast Refresh] rebuilding @ http://localhost:4300/_next/static/chunks/ee53c_next_dist_client_e5d7a3._.js:13665
[ 1426866ms] [LOG] [Fast Refresh] rebuilding @ http://localhost:4300/_next/static/chunks/ee53c_next_dist_client_e5d7a3._.js:13665
[ 1426866ms] [LOG] [Fast Refresh] rebuilding @ http://localhost:4300/_next/static/chunks/ee53c_next_dist_client_e5d7a3._.js:13665
[ 1426867ms] [LOG] [Fast Refresh] rebuilding @ http://localhost:4300/_next/static/chunks/ee53c_next_dist_client_e5d7a3._.js:13665
[ 1426867ms] [LOG] [Fast Refresh] rebuilding @ http://localhost:4300/_next/static/chunks/ee53c_next_dist_client_e5d7a3._.js:13665
[ 1426868ms] [LOG] [Fast Refresh] rebuilding @ http://localhost:4300/_next/static/chunks/ee53c_next_dist_client_e5d7a3._.js:13665
[ 1426868ms] [LOG] [Fast Refresh] rebuilding @ http://localhost:4300/_next/static/chunks/ee53c_next_dist_client_e5d7a3._.js:13665
[ 1426868ms] [LOG] [Fast Refresh] rebuilding @ http://localhost:4300/_next/static/chunks/ee53c_next_dist_client_e5d7a3._.js:13665
[ 1426869ms] [LOG] [Fast Refresh] rebuilding @ http://localhost:4300/_next/static/chunks/ee53c_next_dist_client_e5d7a3._.js:13665
[ 1426869ms] [LOG] [Fast Refresh] rebuilding @ http://localhost:4300/_next/static/chunks/ee53c_next_dist_client_e5d7a3._.js:13665
[ 1452993ms] [LOG] [Fast Refresh] rebuilding @ http://localhost:4300/_next/static/chunks/ee53c_next_dist_client_e5d7a3._.js:13665
[ 1452993ms] [LOG] [Fast Refresh] rebuilding @ http://localhost:4300/_next/static/chunks/ee53c_next_dist_client_e5d7a3._.js:13665
[ 1452993ms] [LOG] [Fast Refresh] rebuilding @ http://localhost:4300/_next/static/chunks/ee53c_next_dist_client_e5d7a3._.js:13665
[ 1452994ms] [LOG] [Fast Refresh] rebuilding @ http://localhost:4300/_next/static/chunks/ee53c_next_dist_client_e5d7a3._.js:13665
[ 1452994ms] [LOG] [Fast Refresh] rebuilding @ http://localhost:4300/_next/static/chunks/ee53c_next_dist_client_e5d7a3._.js:13665
[ 1452994ms] [LOG] [Fast Refresh] rebuilding @ http://localhost:4300/_next/static/chunks/ee53c_next_dist_client_e5d7a3._.js:13665
[ 1452995ms] [LOG] [Fast Refresh] rebuilding @ http://localhost:4300/_next/static/chunks/ee53c_next_dist_client_e5d7a3._.js:13665
[ 1452995ms] [LOG] [Fast Refresh] rebuilding @ http://localhost:4300/_next/static/chunks/ee53c_next_dist_client_e5d7a3._.js:13665
[ 1452995ms] [LOG] [Fast Refresh] rebuilding @ http://localhost:4300/_next/static/chunks/ee53c_next_dist_client_e5d7a3._.js:13665
[ 1457725ms] [ERROR] [Turbopack HMR] Expected module to match pattern: [project]/apps/website/src/i18n/en.json (json) @ http://localhost:4300/_next/static/chunks/ee53c_next_dist_client_e5d7a3._.js:993
[ 1457730ms] [ERROR] [Turbopack HMR] Expected module to match pattern: [project]/apps/website/src/i18n/fr.json (json) @ http://localhost:4300/_next/static/chunks/ee53c_next_dist_client_e5d7a3._.js:993
[ 1457739ms] [LOG] [Fast Refresh] done in 4743ms @ http://localhost:4300/_next/static/chunks/ee53c_next_dist_client_e5d7a3._.js:13492
[ 1462497ms] [LOG] [Fast Refresh] rebuilding @ http://localhost:4300/_next/static/chunks/ee53c_next_dist_client_e5d7a3._.js:13665
[ 1462498ms] [LOG] [Fast Refresh] rebuilding @ http://localhost:4300/_next/static/chunks/ee53c_next_dist_client_e5d7a3._.js:13665
[ 1462498ms] [LOG] [Fast Refresh] rebuilding @ http://localhost:4300/_next/static/chunks/ee53c_next_dist_client_e5d7a3._.js:13665
[ 1462499ms] [LOG] [Fast Refresh] rebuilding @ http://localhost:4300/_next/static/chunks/ee53c_next_dist_client_e5d7a3._.js:13665
[ 1462501ms] [LOG] [Fast Refresh] rebuilding @ http://localhost:4300/_next/static/chunks/ee53c_next_dist_client_e5d7a3._.js:13665
[ 1462502ms] [LOG] [Fast Refresh] rebuilding @ http://localhost:4300/_next/static/chunks/ee53c_next_dist_client_e5d7a3._.js:13665
[ 1462503ms] [LOG] [Fast Refresh] rebuilding @ http://localhost:4300/_next/static/chunks/ee53c_next_dist_client_e5d7a3._.js:13665
[ 1462504ms] [LOG] [Fast Refresh] rebuilding @ http://localhost:4300/_next/static/chunks/ee53c_next_dist_client_e5d7a3._.js:13665
[ 1462505ms] [LOG] [Fast Refresh] rebuilding @ http://localhost:4300/_next/static/chunks/ee53c_next_dist_client_e5d7a3._.js:13665
[ 1462506ms] [LOG] [Fast Refresh] rebuilding @ http://localhost:4300/_next/static/chunks/ee53c_next_dist_client_e5d7a3._.js:13665
[ 1462507ms] [LOG] [Fast Refresh] rebuilding @ http://localhost:4300/_next/static/chunks/ee53c_next_dist_client_e5d7a3._.js:13665
[ 1465440ms] [LOG] [Fast Refresh] rebuilding @ http://localhost:4300/_next/static/chunks/ee53c_next_dist_client_e5d7a3._.js:13665
[ 1466771ms] [LOG] [Fast Refresh] rebuilding @ http://localhost:4300/_next/static/chunks/ee53c_next_dist_client_e5d7a3._.js:13665
[ 1468150ms] [LOG] [Fast Refresh] rebuilding @ http://localhost:4300/_next/static/chunks/ee53c_next_dist_client_e5d7a3._.js:13665
[ 1468160ms] [LOG] [Fast Refresh] rebuilding @ http://localhost:4300/_next/static/chunks/ee53c_next_dist_client_e5d7a3._.js:13665
[ 1468170ms] [LOG] [Fast Refresh] rebuilding @ http://localhost:4300/_next/static/chunks/ee53c_next_dist_client_e5d7a3._.js:13665
[ 1468183ms] [LOG] [Fast Refresh] rebuilding @ http://localhost:4300/_next/static/chunks/ee53c_next_dist_client_e5d7a3._.js:13665
[ 1468735ms] [LOG] [Fast Refresh] rebuilding @ http://localhost:4300/_next/static/chunks/ee53c_next_dist_client_e5d7a3._.js:13665
[ 1469849ms] [LOG] [Fast Refresh] rebuilding @ http://localhost:4300/_next/static/chunks/ee53c_next_dist_client_e5d7a3._.js:13665
[ 1475539ms] [LOG] [Fast Refresh] rebuilding @ http://localhost:4300/_next/static/chunks/ee53c_next_dist_client_e5d7a3._.js:13665
[ 1475540ms] [LOG] [Fast Refresh] rebuilding @ http://localhost:4300/_next/static/chunks/ee53c_next_dist_client_e5d7a3._.js:13665
[ 1475540ms] [LOG] [Fast Refresh] rebuilding @ http://localhost:4300/_next/static/chunks/ee53c_next_dist_client_e5d7a3._.js:13665
[ 1475540ms] [LOG] [Fast Refresh] rebuilding @ http://localhost:4300/_next/static/chunks/ee53c_next_dist_client_e5d7a3._.js:13665
[ 1475540ms] [LOG] [Fast Refresh] rebuilding @ http://localhost:4300/_next/static/chunks/ee53c_next_dist_client_e5d7a3._.js:13665
[ 1475540ms] [LOG] [Fast Refresh] rebuilding @ http://localhost:4300/_next/static/chunks/ee53c_next_dist_client_e5d7a3._.js:13665
[ 1475541ms] [LOG] [Fast Refresh] rebuilding @ http://localhost:4300/_next/static/chunks/ee53c_next_dist_client_e5d7a3._.js:13665
[ 1475541ms] [LOG] [Fast Refresh] rebuilding @ http://localhost:4300/_next/static/chunks/ee53c_next_dist_client_e5d7a3._.js:13665
[ 1475542ms] [LOG] [Fast Refresh] rebuilding @ http://localhost:4300/_next/static/chunks/ee53c_next_dist_client_e5d7a3._.js:13665
[ 1475545ms] [LOG] [Fast Refresh] rebuilding @ http://localhost:4300/_next/static/chunks/ee53c_next_dist_client_e5d7a3._.js:13665
[ 1475555ms] [LOG] [Fast Refresh] rebuilding @ http://localhost:4300/_next/static/chunks/ee53c_next_dist_client_e5d7a3._.js:13665
[ 1475555ms] [LOG] [Fast Refresh] rebuilding @ http://localhost:4300/_next/static/chunks/ee53c_next_dist_client_e5d7a3._.js:13665
[ 1504044ms] [LOG] [Fast Refresh] rebuilding @ http://localhost:4300/_next/static/chunks/ee53c_next_dist_client_e5d7a3._.js:13665
[ 1504045ms] [LOG] [Fast Refresh] rebuilding @ http://localhost:4300/_next/static/chunks/ee53c_next_dist_client_e5d7a3._.js:13665
[ 1504047ms] [LOG] [Fast Refresh] rebuilding @ http://localhost:4300/_next/static/chunks/ee53c_next_dist_client_e5d7a3._.js:13665
[ 1504048ms] [LOG] [Fast Refresh] rebuilding @ http://localhost:4300/_next/static/chunks/ee53c_next_dist_client_e5d7a3._.js:13665
[ 1504049ms] [LOG] [Fast Refresh] rebuilding @ http://localhost:4300/_next/static/chunks/ee53c_next_dist_client_e5d7a3._.js:13665
[ 1504050ms] [LOG] [Fast Refresh] rebuilding @ http://localhost:4300/_next/static/chunks/ee53c_next_dist_client_e5d7a3._.js:13665
[ 1505741ms] [LOG] [Fast Refresh] rebuilding @ http://localhost:4300/_next/static/chunks/ee53c_next_dist_client_e5d7a3._.js:13665
[ 1505759ms] [LOG] [Fast Refresh] rebuilding @ http://localhost:4300/_next/static/chunks/ee53c_next_dist_client_e5d7a3._.js:13665
[ 1505767ms] [LOG] [Fast Refresh] rebuilding @ http://localhost:4300/_next/static/chunks/ee53c_next_dist_client_e5d7a3._.js:13665
[ 1505777ms] [LOG] [Fast Refresh] rebuilding @ http://localhost:4300/_next/static/chunks/ee53c_next_dist_client_e5d7a3._.js:13665
[ 1505784ms] [LOG] [Fast Refresh] rebuilding @ http://localhost:4300/_next/static/chunks/ee53c_next_dist_client_e5d7a3._.js:13665
[ 1505800ms] [LOG] [Fast Refresh] rebuilding @ http://localhost:4300/_next/static/chunks/ee53c_next_dist_client_e5d7a3._.js:13665
[ 1505854ms] [LOG] [Fast Refresh] rebuilding @ http://localhost:4300/_next/static/chunks/ee53c_next_dist_client_e5d7a3._.js:13665
[ 1505861ms] [LOG] [Fast Refresh] rebuilding @ http://localhost:4300/_next/static/chunks/ee53c_next_dist_client_e5d7a3._.js:13665
[ 1505879ms] [LOG] [Fast Refresh] rebuilding @ http://localhost:4300/_next/static/chunks/ee53c_next_dist_client_e5d7a3._.js:13665
[ 1506019ms] [LOG] [Fast Refresh] rebuilding @ http://localhost:4300/_next/static/chunks/ee53c_next_dist_client_e5d7a3._.js:13665
[ 1506036ms] [LOG] [Fast Refresh] rebuilding @ http://localhost:4300/_next/static/chunks/ee53c_next_dist_client_e5d7a3._.js:13665
[ 1506044ms] [LOG] [Fast Refresh] rebuilding @ http://localhost:4300/_next/static/chunks/ee53c_next_dist_client_e5d7a3._.js:13665
[ 1506063ms] [LOG] [Fast Refresh] rebuilding @ http://localhost:4300/_next/static/chunks/ee53c_next_dist_client_e5d7a3._.js:13665
[ 1506074ms] [LOG] [Fast Refresh] rebuilding @ http://localhost:4300/_next/static/chunks/ee53c_next_dist_client_e5d7a3._.js:13665
[ 1506079ms] [LOG] [Fast Refresh] rebuilding @ http://localhost:4300/_next/static/chunks/ee53c_next_dist_client_e5d7a3._.js:13665
[ 1506095ms] [LOG] [Fast Refresh] rebuilding @ http://localhost:4300/_next/static/chunks/ee53c_next_dist_client_e5d7a3._.js:13665
[ 1506103ms] [LOG] [Fast Refresh] rebuilding @ http://localhost:4300/_next/static/chunks/ee53c_next_dist_client_e5d7a3._.js:13665
[ 1506118ms] [LOG] [Fast Refresh] rebuilding @ http://localhost:4300/_next/static/chunks/ee53c_next_dist_client_e5d7a3._.js:13665
[ 1506158ms] [LOG] [Fast Refresh] rebuilding @ http://localhost:4300/_next/static/chunks/ee53c_next_dist_client_e5d7a3._.js:13665
[ 1506168ms] [LOG] [Fast Refresh] rebuilding @ http://localhost:4300/_next/static/chunks/ee53c_next_dist_client_e5d7a3._.js:13665
[ 1506178ms] [LOG] [Fast Refresh] rebuilding @ http://localhost:4300/_next/static/chunks/ee53c_next_dist_client_e5d7a3._.js:13665
[ 1506230ms] [LOG] [Fast Refresh] done in 51ms @ http://localhost:4300/_next/static/chunks/ee53c_next_dist_client_e5d7a3._.js:13492
[ 1506265ms] [LOG] [Fast Refresh] rebuilding @ http://localhost:4300/_next/static/chunks/ee53c_next_dist_client_e5d7a3._.js:13665
[ 1506268ms] [LOG] [Fast Refresh] rebuilding @ http://localhost:4300/_next/static/chunks/ee53c_next_dist_client_e5d7a3._.js:13665
[ 1506280ms] [LOG] [Fast Refresh] rebuilding @ http://localhost:4300/_next/static/chunks/ee53c_next_dist_client_e5d7a3._.js:13665
[ 1506306ms] [LOG] [Fast Refresh] rebuilding @ http://localhost:4300/_next/static/chunks/ee53c_next_dist_client_e5d7a3._.js:13665
[ 1506319ms] [LOG] [Fast Refresh] rebuilding @ http://localhost:4300/_next/static/chunks/ee53c_next_dist_client_e5d7a3._.js:13665
[ 1506324ms] [LOG] [Fast Refresh] rebuilding @ http://localhost:4300/_next/static/chunks/ee53c_next_dist_client_e5d7a3._.js:13665
[ 1506328ms] [LOG] [Fast Refresh] rebuilding @ http://localhost:4300/_next/static/chunks/ee53c_next_dist_client_e5d7a3._.js:13665
[ 1506341ms] [LOG] [Fast Refresh] rebuilding @ http://localhost:4300/_next/static/chunks/ee53c_next_dist_client_e5d7a3._.js:13665
[ 1506351ms] [LOG] [Fast Refresh] rebuilding @ http://localhost:4300/_next/static/chunks/ee53c_next_dist_client_e5d7a3._.js:13665
[ 1506359ms] [LOG] [Fast Refresh] rebuilding @ http://localhost:4300/_next/static/chunks/ee53c_next_dist_client_e5d7a3._.js:13665
[ 1506370ms] [LOG] [Fast Refresh] rebuilding @ http://localhost:4300/_next/static/chunks/ee53c_next_dist_client_e5d7a3._.js:13665
[ 1506598ms] [LOG] [Fast Refresh] rebuilding @ http://localhost:4300/_next/static/chunks/ee53c_next_dist_client_e5d7a3._.js:13665
[ 1506604ms] [LOG] [Fast Refresh] rebuilding @ http://localhost:4300/_next/static/chunks/ee53c_next_dist_client_e5d7a3._.js:13665
[ 1506617ms] [LOG] [Fast Refresh] rebuilding @ http://localhost:4300/_next/static/chunks/ee53c_next_dist_client_e5d7a3._.js:13665
[ 1506620ms] [LOG] [Fast Refresh] rebuilding @ http://localhost:4300/_next/static/chunks/ee53c_next_dist_client_e5d7a3._.js:13665
[ 1506811ms] [LOG] [Fast Refresh] rebuilding @ http://localhost:4300/_next/static/chunks/ee53c_next_dist_client_e5d7a3._.js:13665
[ 1506813ms] [LOG] [Fast Refresh] rebuilding @ http://localhost:4300/_next/static/chunks/ee53c_next_dist_client_e5d7a3._.js:13665
[ 1506814ms] [LOG] [Fast Refresh] rebuilding @ http://localhost:4300/_next/static/chunks/ee53c_next_dist_client_e5d7a3._.js:13665
[ 1506815ms] [LOG] [Fast Refresh] rebuilding @ http://localhost:4300/_next/static/chunks/ee53c_next_dist_client_e5d7a3._.js:13665
[ 1506829ms] [LOG] [Fast Refresh] rebuilding @ http://localhost:4300/_next/static/chunks/ee53c_next_dist_client_e5d7a3._.js:13665
[ 1515923ms] [LOG] [Fast Refresh] rebuilding @ http://localhost:4300/_next/static/chunks/ee53c_next_dist_client_e5d7a3._.js:13665
[ 1515926ms] [LOG] [Fast Refresh] rebuilding @ http://localhost:4300/_next/static/chunks/ee53c_next_dist_client_e5d7a3._.js:13665
[ 1515927ms] [LOG] [Fast Refresh] rebuilding @ http://localhost:4300/_next/static/chunks/ee53c_next_dist_client_e5d7a3._.js:13665
[ 1515929ms] [LOG] [Fast Refresh] rebuilding @ http://localhost:4300/_next/static/chunks/ee53c_next_dist_client_e5d7a3._.js:13665
[ 1515930ms] [LOG] [Fast Refresh] rebuilding @ http://localhost:4300/_next/static/chunks/ee53c_next_dist_client_e5d7a3._.js:13665
[ 1515930ms] [LOG] [Fast Refresh] rebuilding @ http://localhost:4300/_next/static/chunks/ee53c_next_dist_client_e5d7a3._.js:13665
[ 1515931ms] [LOG] [Fast Refresh] rebuilding @ http://localhost:4300/_next/static/chunks/ee53c_next_dist_client_e5d7a3._.js:13665
[ 1515931ms] [LOG] [Fast Refresh] rebuilding @ http://localhost:4300/_next/static/chunks/ee53c_next_dist_client_e5d7a3._.js:13665
[ 1515932ms] [LOG] [Fast Refresh] rebuilding @ http://localhost:4300/_next/static/chunks/ee53c_next_dist_client_e5d7a3._.js:13665
[ 1515933ms] [LOG] [Fast Refresh] rebuilding @ http://localhost:4300/_next/static/chunks/ee53c_next_dist_client_e5d7a3._.js:13665
[ 1515934ms] [LOG] [Fast Refresh] rebuilding @ http://localhost:4300/_next/static/chunks/ee53c_next_dist_client_e5d7a3._.js:13665
[ 1530175ms] [LOG] [Fast Refresh] rebuilding @ http://localhost:4300/_next/static/chunks/ee53c_next_dist_client_e5d7a3._.js:13665
[ 1530175ms] [LOG] [Fast Refresh] rebuilding @ http://localhost:4300/_next/static/chunks/ee53c_next_dist_client_e5d7a3._.js:13665
[ 1530176ms] [LOG] [Fast Refresh] rebuilding @ http://localhost:4300/_next/static/chunks/ee53c_next_dist_client_e5d7a3._.js:13665
[ 1530176ms] [LOG] [Fast Refresh] rebuilding @ http://localhost:4300/_next/static/chunks/ee53c_next_dist_client_e5d7a3._.js:13665
[ 1530177ms] [LOG] [Fast Refresh] rebuilding @ http://localhost:4300/_next/static/chunks/ee53c_next_dist_client_e5d7a3._.js:13665
[ 1530177ms] [LOG] [Fast Refresh] rebuilding @ http://localhost:4300/_next/static/chunks/ee53c_next_dist_client_e5d7a3._.js:13665
[ 1530177ms] [LOG] [Fast Refresh] rebuilding @ http://localhost:4300/_next/static/chunks/ee53c_next_dist_client_e5d7a3._.js:13665
[ 1530178ms] [LOG] [Fast Refresh] rebuilding @ http://localhost:4300/_next/static/chunks/ee53c_next_dist_client_e5d7a3._.js:13665
[ 1530178ms] [LOG] [Fast Refresh] rebuilding @ http://localhost:4300/_next/static/chunks/ee53c_next_dist_client_e5d7a3._.js:13665
[ 1530178ms] [LOG] [Fast Refresh] rebuilding @ http://localhost:4300/_next/static/chunks/ee53c_next_dist_client_e5d7a3._.js:13665
[ 1530179ms] [LOG] [Fast Refresh] rebuilding @ http://localhost:4300/_next/static/chunks/ee53c_next_dist_client_e5d7a3._.js:13665
[ 1530179ms] [LOG] [Fast Refresh] rebuilding @ http://localhost:4300/_next/static/chunks/ee53c_next_dist_client_e5d7a3._.js:13665
[ 1530181ms] [LOG] [Fast Refresh] rebuilding @ http://localhost:4300/_next/static/chunks/ee53c_next_dist_client_e5d7a3._.js:13665
[ 1530181ms] [LOG] [Fast Refresh] rebuilding @ http://localhost:4300/_next/static/chunks/ee53c_next_dist_client_e5d7a3._.js:13665
[ 1530182ms] [LOG] [Fast Refresh] rebuilding @ http://localhost:4300/_next/static/chunks/ee53c_next_dist_client_e5d7a3._.js:13665
[ 1537289ms] [LOG] [Fast Refresh] rebuilding @ http://localhost:4300/_next/static/chunks/ee53c_next_dist_client_e5d7a3._.js:13665
[ 1537291ms] [LOG] [Fast Refresh] rebuilding @ http://localhost:4300/_next/static/chunks/ee53c_next_dist_client_e5d7a3._.js:13665
[ 1537291ms] [LOG] [Fast Refresh] rebuilding @ http://localhost:4300/_next/static/chunks/ee53c_next_dist_client_e5d7a3._.js:13665
[ 1537291ms] [LOG] [Fast Refresh] rebuilding @ http://localhost:4300/_next/static/chunks/ee53c_next_dist_client_e5d7a3._.js:13665
[ 1537292ms] [LOG] [Fast Refresh] rebuilding @ http://localhost:4300/_next/static/chunks/ee53c_next_dist_client_e5d7a3._.js:13665
[ 1537292ms] [LOG] [Fast Refresh] rebuilding @ http://localhost:4300/_next/static/chunks/ee53c_next_dist_client_e5d7a3._.js:13665
[ 1537292ms] [LOG] [Fast Refresh] rebuilding @ http://localhost:4300/_next/static/chunks/ee53c_next_dist_client_e5d7a3._.js:13665
[ 1537293ms] [LOG] [Fast Refresh] rebuilding @ http://localhost:4300/_next/static/chunks/ee53c_next_dist_client_e5d7a3._.js:13665
[ 1537293ms] [LOG] [Fast Refresh] rebuilding @ http://localhost:4300/_next/static/chunks/ee53c_next_dist_client_e5d7a3._.js:13665
[ 1537294ms] [LOG] [Fast Refresh] rebuilding @ http://localhost:4300/_next/static/chunks/ee53c_next_dist_client_e5d7a3._.js:13665
[ 1537309ms] [LOG] [Fast Refresh] rebuilding @ http://localhost:4300/_next/static/chunks/ee53c_next_dist_client_e5d7a3._.js:13665
[ 1537309ms] [LOG] [Fast Refresh] rebuilding @ http://localhost:4300/_next/static/chunks/ee53c_next_dist_client_e5d7a3._.js:13665
[ 1537309ms] [LOG] [Fast Refresh] rebuilding @ http://localhost:4300/_next/static/chunks/ee53c_next_dist_client_e5d7a3._.js:13665
[ 1537310ms] [LOG] [Fast Refresh] rebuilding @ http://localhost:4300/_next/static/chunks/ee53c_next_dist_client_e5d7a3._.js:13665
[ 1537310ms] [LOG] [Fast Refresh] rebuilding @ http://localhost:4300/_next/static/chunks/ee53c_next_dist_client_e5d7a3._.js:13665
[ 1537310ms] [LOG] [Fast Refresh] rebuilding @ http://localhost:4300/_next/static/chunks/ee53c_next_dist_client_e5d7a3._.js:13665
[ 1537310ms] [LOG] [Fast Refresh] rebuilding @ http://localhost:4300/_next/static/chunks/ee53c_next_dist_client_e5d7a3._.js:13665
[ 1537311ms] [LOG] [Fast Refresh] rebuilding @ http://localhost:4300/_next/static/chunks/ee53c_next_dist_client_e5d7a3._.js:13665
[ 1537311ms] [LOG] [Fast Refresh] rebuilding @ http://localhost:4300/_next/static/chunks/ee53c_next_dist_client_e5d7a3._.js:13665
[ 1537311ms] [LOG] [Fast Refresh] rebuilding @ http://localhost:4300/_next/static/chunks/ee53c_next_dist_client_e5d7a3._.js:13665
[ 1537311ms] [LOG] [Fast Refresh] rebuilding @ http://localhost:4300/_next/static/chunks/ee53c_next_dist_client_e5d7a3._.js:13665
[ 1537312ms] [LOG] [Fast Refresh] rebuilding @ http://localhost:4300/_next/static/chunks/ee53c_next_dist_client_e5d7a3._.js:13665
[ 1537312ms] [LOG] [Fast Refresh] rebuilding @ http://localhost:4300/_next/static/chunks/ee53c_next_dist_client_e5d7a3._.js:13665
[ 1537313ms] [LOG] [Fast Refresh] rebuilding @ http://localhost:4300/_next/static/chunks/ee53c_next_dist_client_e5d7a3._.js:13665
[ 1537314ms] [LOG] [Fast Refresh] rebuilding @ http://localhost:4300/_next/static/chunks/ee53c_next_dist_client_e5d7a3._.js:13665
[ 1537315ms] [LOG] [Fast Refresh] rebuilding @ http://localhost:4300/_next/static/chunks/ee53c_next_dist_client_e5d7a3._.js:13665
[ 1537315ms] [LOG] [Fast Refresh] rebuilding @ http://localhost:4300/_next/static/chunks/ee53c_next_dist_client_e5d7a3._.js:13665
[ 1537315ms] [LOG] [Fast Refresh] rebuilding @ http://localhost:4300/_next/static/chunks/ee53c_next_dist_client_e5d7a3._.js:13665
[ 1537316ms] [LOG] [Fast Refresh] rebuilding @ http://localhost:4300/_next/static/chunks/ee53c_next_dist_client_e5d7a3._.js:13665
[ 1537316ms] [LOG] [Fast Refresh] rebuilding @ http://localhost:4300/_next/static/chunks/ee53c_next_dist_client_e5d7a3._.js:13665
[ 1537316ms] [LOG] [Fast Refresh] rebuilding @ http://localhost:4300/_next/static/chunks/ee53c_next_dist_client_e5d7a3._.js:13665
[ 1537316ms] [LOG] [Fast Refresh] rebuilding @ http://localhost:4300/_next/static/chunks/ee53c_next_dist_client_e5d7a3._.js:13665
[ 1537316ms] [LOG] [Fast Refresh] rebuilding @ http://localhost:4300/_next/static/chunks/ee53c_next_dist_client_e5d7a3._.js:13665
[ 1537317ms] [LOG] [Fast Refresh] rebuilding @ http://localhost:4300/_next/static/chunks/ee53c_next_dist_client_e5d7a3._.js:13665
[ 1537317ms] [LOG] [Fast Refresh] rebuilding @ http://localhost:4300/_next/static/chunks/ee53c_next_dist_client_e5d7a3._.js:13665
[ 1537317ms] [LOG] [Fast Refresh] rebuilding @ http://localhost:4300/_next/static/chunks/ee53c_next_dist_client_e5d7a3._.js:13665
[ 1537317ms] [LOG] [Fast Refresh] rebuilding @ http://localhost:4300/_next/static/chunks/ee53c_next_dist_client_e5d7a3._.js:13665
[ 1537317ms] [LOG] [Fast Refresh] rebuilding @ http://localhost:4300/_next/static/chunks/ee53c_next_dist_client_e5d7a3._.js:13665
[ 1537318ms] [LOG] [Fast Refresh] rebuilding @ http://localhost:4300/_next/static/chunks/ee53c_next_dist_client_e5d7a3._.js:13665
[ 1537318ms] [LOG] [Fast Refresh] rebuilding @ http://localhost:4300/_next/static/chunks/ee53c_next_dist_client_e5d7a3._.js:13665
[ 1542043ms] [LOG] [Fast Refresh] rebuilding @ http://localhost:4300/_next/static/chunks/ee53c_next_dist_client_e5d7a3._.js:13665
[ 1542043ms] [LOG] [Fast Refresh] rebuilding @ http://localhost:4300/_next/static/chunks/ee53c_next_dist_client_e5d7a3._.js:13665
[ 1542045ms] [LOG] [Fast Refresh] rebuilding @ http://localhost:4300/_next/static/chunks/ee53c_next_dist_client_e5d7a3._.js:13665
[ 1542045ms] [LOG] [Fast Refresh] rebuilding @ http://localhost:4300/_next/static/chunks/ee53c_next_dist_client_e5d7a3._.js:13665
[ 1542046ms] [LOG] [Fast Refresh] rebuilding @ http://localhost:4300/_next/static/chunks/ee53c_next_dist_client_e5d7a3._.js:13665
[ 1542047ms] [LOG] [Fast Refresh] rebuilding @ http://localhost:4300/_next/static/chunks/ee53c_next_dist_client_e5d7a3._.js:13665
[ 1542047ms] [LOG] [Fast Refresh] rebuilding @ http://localhost:4300/_next/static/chunks/ee53c_next_dist_client_e5d7a3._.js:13665
[ 1542048ms] [LOG] [Fast Refresh] rebuilding @ http://localhost:4300/_next/static/chunks/ee53c_next_dist_client_e5d7a3._.js:13665
[ 1542048ms] [LOG] [Fast Refresh] rebuilding @ http://localhost:4300/_next/static/chunks/ee53c_next_dist_client_e5d7a3._.js:13665
[ 1542048ms] [LOG] [Fast Refresh] rebuilding @ http://localhost:4300/_next/static/chunks/ee53c_next_dist_client_e5d7a3._.js:13665
[ 1542049ms] [LOG] [Fast Refresh] rebuilding @ http://localhost:4300/_next/static/chunks/ee53c_next_dist_client_e5d7a3._.js:13665
[ 1542049ms] [LOG] [Fast Refresh] rebuilding @ http://localhost:4300/_next/static/chunks/ee53c_next_dist_client_e5d7a3._.js:13665
[ 1542050ms] [LOG] [Fast Refresh] rebuilding @ http://localhost:4300/_next/static/chunks/ee53c_next_dist_client_e5d7a3._.js:13665
[ 1542050ms] [LOG] [Fast Refresh] rebuilding @ http://localhost:4300/_next/static/chunks/ee53c_next_dist_client_e5d7a3._.js:13665
[ 1542051ms] [LOG] [Fast Refresh] rebuilding @ http://localhost:4300/_next/static/chunks/ee53c_next_dist_client_e5d7a3._.js:13665
[ 1542051ms] [LOG] [Fast Refresh] rebuilding @ http://localhost:4300/_next/static/chunks/ee53c_next_dist_client_e5d7a3._.js:13665
[ 1546450ms] [LOG] [Fast Refresh] rebuilding @ http://localhost:4300/_next/static/chunks/ee53c_next_dist_client_e5d7a3._.js:13665
[ 1546481ms] [LOG] [Fast Refresh] rebuilding @ http://localhost:4300/_next/static/chunks/ee53c_next_dist_client_e5d7a3._.js:13665
[ 1547541ms] [LOG] [Fast Refresh] rebuilding @ http://localhost:4300/_next/static/chunks/ee53c_next_dist_client_e5d7a3._.js:13665
[ 1547543ms] [LOG] [Fast Refresh] rebuilding @ http://localhost:4300/_next/static/chunks/ee53c_next_dist_client_e5d7a3._.js:13665
[ 1547560ms] [LOG] [Fast Refresh] rebuilding @ http://localhost:4300/_next/static/chunks/ee53c_next_dist_client_e5d7a3._.js:13665
[ 1547562ms] [LOG] [Fast Refresh] rebuilding @ http://localhost:4300/_next/static/chunks/ee53c_next_dist_client_e5d7a3._.js:13665
[ 1547563ms] [LOG] [Fast Refresh] rebuilding @ http://localhost:4300/_next/static/chunks/ee53c_next_dist_client_e5d7a3._.js:13665
[ 1547564ms] [LOG] [Fast Refresh] rebuilding @ http://localhost:4300/_next/static/chunks/ee53c_next_dist_client_e5d7a3._.js:13665
[ 1547564ms] [LOG] [Fast Refresh] rebuilding @ http://localhost:4300/_next/static/chunks/ee53c_next_dist_client_e5d7a3._.js:13665
[ 1547565ms] [LOG] [Fast Refresh] rebuilding @ http://localhost:4300/_next/static/chunks/ee53c_next_dist_client_e5d7a3._.js:13665
[ 1547567ms] [LOG] [Fast Refresh] rebuilding @ http://localhost:4300/_next/static/chunks/ee53c_next_dist_client_e5d7a3._.js:13665
[ 1548042ms] [LOG] [Fast Refresh] rebuilding @ http://localhost:4300/_next/static/chunks/ee53c_next_dist_client_e5d7a3._.js:13665
[ 1550429ms] [LOG] [Fast Refresh] rebuilding @ http://localhost:4300/_next/static/chunks/ee53c_next_dist_client_e5d7a3._.js:13665
[ 1550471ms] [LOG] [Fast Refresh] rebuilding @ http://localhost:4300/_next/static/chunks/ee53c_next_dist_client_e5d7a3._.js:13665
[ 1550495ms] [LOG] [Fast Refresh] rebuilding @ http://localhost:4300/_next/static/chunks/ee53c_next_dist_client_e5d7a3._.js:13665
[ 1554081ms] [LOG] [Fast Refresh] rebuilding @ http://localhost:4300/_next/static/chunks/ee53c_next_dist_client_e5d7a3._.js:13665
[ 1554095ms] [LOG] [Fast Refresh] rebuilding @ http://localhost:4300/_next/static/chunks/ee53c_next_dist_client_e5d7a3._.js:13665
[ 1554104ms] [LOG] [Fast Refresh] rebuilding @ http://localhost:4300/_next/static/chunks/ee53c_next_dist_client_e5d7a3._.js:13665
[ 1554108ms] [LOG] [Fast Refresh] rebuilding @ http://localhost:4300/_next/static/chunks/ee53c_next_dist_client_e5d7a3._.js:13665
[ 1554109ms] [LOG] [Fast Refresh] rebuilding @ http://localhost:4300/_next/static/chunks/ee53c_next_dist_client_e5d7a3._.js:13665
[ 1554123ms] [LOG] [Fast Refresh] rebuilding @ http://localhost:4300/_next/static/chunks/ee53c_next_dist_client_e5d7a3._.js:13665
[ 1560431ms] [LOG] [Fast Refresh] rebuilding @ http://localhost:4300/_next/static/chunks/ee53c_next_dist_client_e5d7a3._.js:13665
[ 1560439ms] [LOG] [Fast Refresh] rebuilding @ http://localhost:4300/_next/static/chunks/ee53c_next_dist_client_e5d7a3._.js:13665
[ 1560444ms] [LOG] [Fast Refresh] rebuilding @ http://localhost:4300/_next/static/chunks/ee53c_next_dist_client_e5d7a3._.js:13665
[ 1560473ms] [LOG] [Fast Refresh] rebuilding @ http://localhost:4300/_next/static/chunks/ee53c_next_dist_client_e5d7a3._.js:13665
[ 1560493ms] [LOG] [Fast Refresh] rebuilding @ http://localhost:4300/_next/static/chunks/ee53c_next_dist_client_e5d7a3._.js:13665
[ 1576477ms] [ERROR] Failed to load resource: the server responded with a status of 404 (Not Found) @ http://localhost:4300/sequences/hero/0001.webp:0
[ 1576484ms] [LOG] [Fast Refresh] rebuilding @ http://localhost:4300/_next/static/chunks/ee53c_next_dist_client_e5d7a3._.js:13665
[ 1576994ms] [ERROR] Failed to load resource: the server responded with a status of 404 (Not Found) @ http://localhost:4300/sequences/hero/0017.webp:0
[ 1576996ms] [LOG] [Fast Refresh] rebuilding @ http://localhost:4300/_next/static/chunks/ee53c_next_dist_client_e5d7a3._.js:13665
[ 1576997ms] [LOG] [Fast Refresh] rebuilding @ http://localhost:4300/_next/static/chunks/ee53c_next_dist_client_e5d7a3._.js:13665
[ 1576997ms] [LOG] [Fast Refresh] rebuilding @ http://localhost:4300/_next/static/chunks/ee53c_next_dist_client_e5d7a3._.js:13665
[ 1576998ms] [LOG] [Fast Refresh] rebuilding @ http://localhost:4300/_next/static/chunks/ee53c_next_dist_client_e5d7a3._.js:13665
[ 1576998ms] [LOG] [Fast Refresh] rebuilding @ http://localhost:4300/_next/static/chunks/ee53c_next_dist_client_e5d7a3._.js:13665
[ 1576999ms] [LOG] [Fast Refresh] rebuilding @ http://localhost:4300/_next/static/chunks/ee53c_next_dist_client_e5d7a3._.js:13665
[ 1576999ms] [LOG] [Fast Refresh] rebuilding @ http://localhost:4300/_next/static/chunks/ee53c_next_dist_client_e5d7a3._.js:13665
[ 1577000ms] [LOG] [Fast Refresh] rebuilding @ http://localhost:4300/_next/static/chunks/ee53c_next_dist_client_e5d7a3._.js:13665
[ 1577000ms] [LOG] [Fast Refresh] rebuilding @ http://localhost:4300/_next/static/chunks/ee53c_next_dist_client_e5d7a3._.js:13665
[ 1577002ms] [LOG] [Fast Refresh] rebuilding @ http://localhost:4300/_next/static/chunks/ee53c_next_dist_client_e5d7a3._.js:13665
[ 1577002ms] [LOG] [Fast Refresh] rebuilding @ http://localhost:4300/_next/static/chunks/ee53c_next_dist_client_e5d7a3._.js:13665
[ 1577003ms] [LOG] [Fast Refresh] rebuilding @ http://localhost:4300/_next/static/chunks/ee53c_next_dist_client_e5d7a3._.js:13665
[ 1577004ms] [LOG] [Fast Refresh] rebuilding @ http://localhost:4300/_next/static/chunks/ee53c_next_dist_client_e5d7a3._.js:13665
[ 1577005ms] [LOG] [Fast Refresh] rebuilding @ http://localhost:4300/_next/static/chunks/ee53c_next_dist_client_e5d7a3._.js:13665
[ 1577005ms] [LOG] [Fast Refresh] rebuilding @ http://localhost:4300/_next/static/chunks/ee53c_next_dist_client_e5d7a3._.js:13665
[ 1577006ms] [LOG] [Fast Refresh] rebuilding @ http://localhost:4300/_next/static/chunks/ee53c_next_dist_client_e5d7a3._.js:13665
[ 1577006ms] [LOG] [Fast Refresh] rebuilding @ http://localhost:4300/_next/static/chunks/ee53c_next_dist_client_e5d7a3._.js:13665
[ 1577007ms] [LOG] [Fast Refresh] rebuilding @ http://localhost:4300/_next/static/chunks/ee53c_next_dist_client_e5d7a3._.js:13665
[ 1577008ms] [LOG] [Fast Refresh] rebuilding @ http://localhost:4300/_next/static/chunks/ee53c_next_dist_client_e5d7a3._.js:13665
[ 1577009ms] [LOG] [Fast Refresh] rebuilding @ http://localhost:4300/_next/static/chunks/ee53c_next_dist_client_e5d7a3._.js:13665
[ 1577010ms] [LOG] [Fast Refresh] rebuilding @ http://localhost:4300/_next/static/chunks/ee53c_next_dist_client_e5d7a3._.js:13665
[ 1577011ms] [LOG] [Fast Refresh] rebuilding @ http://localhost:4300/_next/static/chunks/ee53c_next_dist_client_e5d7a3._.js:13665
[ 1577012ms] [LOG] [Fast Refresh] rebuilding @ http://localhost:4300/_next/static/chunks/ee53c_next_dist_client_e5d7a3._.js:13665
[ 1577013ms] [LOG] [Fast Refresh] rebuilding @ http://localhost:4300/_next/static/chunks/ee53c_next_dist_client_e5d7a3._.js:13665
[ 1577013ms] [LOG] [Fast Refresh] rebuilding @ http://localhost:4300/_next/static/chunks/ee53c_next_dist_client_e5d7a3._.js:13665
[ 1577014ms] [LOG] [Fast Refresh] rebuilding @ http://localhost:4300/_next/static/chunks/ee53c_next_dist_client_e5d7a3._.js:13665
[ 1577014ms] [LOG] [Fast Refresh] rebuilding @ http://localhost:4300/_next/static/chunks/ee53c_next_dist_client_e5d7a3._.js:13665
[ 1579139ms] [ERROR] Failed to load resource: the server responded with a status of 404 (Not Found) @ http://localhost:4300/sequences/hero/0033.webp:0
[ 1579144ms] [ERROR] Failed to load resource: the server responded with a status of 404 (Not Found) @ http://localhost:4300/sequences/hero/0049.webp:0
[ 1579146ms] [ERROR] Failed to load resource: the server responded with a status of 404 (Not Found) @ http://localhost:4300/sequences/hero/0065.webp:0
[ 1579153ms] [ERROR] Failed to load resource: the server responded with a status of 404 (Not Found) @ http://localhost:4300/sequences/hero/0081.webp:0
[ 1579159ms] [ERROR] Failed to load resource: the server responded with a status of 404 (Not Found) @ http://localhost:4300/sequences/hero/0097.webp:0
[ 1579250ms] [LOG] [Fast Refresh] rebuilding @ http://localhost:4300/_next/static/chunks/ee53c_next_dist_client_e5d7a3._.js:13665
[ 1579252ms] [LOG] [Fast Refresh] rebuilding @ http://localhost:4300/_next/static/chunks/ee53c_next_dist_client_e5d7a3._.js:13665
[ 1579260ms] [LOG] [Fast Refresh] rebuilding @ http://localhost:4300/_next/static/chunks/ee53c_next_dist_client_e5d7a3._.js:13665
[ 1579264ms] [LOG] [Fast Refresh] rebuilding @ http://localhost:4300/_next/static/chunks/ee53c_next_dist_client_e5d7a3._.js:13665
[ 1579270ms] [LOG] [Fast Refresh] rebuilding @ http://localhost:4300/_next/static/chunks/ee53c_next_dist_client_e5d7a3._.js:13665
[ 1579274ms] [LOG] [Fast Refresh] rebuilding @ http://localhost:4300/_next/static/chunks/ee53c_next_dist_client_e5d7a3._.js:13665
[ 1579279ms] [LOG] [Fast Refresh] rebuilding @ http://localhost:4300/_next/static/chunks/ee53c_next_dist_client_e5d7a3._.js:13665
[ 1582293ms] [LOG] [Fast Refresh] rebuilding @ http://localhost:4300/_next/static/chunks/ee53c_next_dist_client_e5d7a3._.js:13665
[ 1582301ms] [LOG] [Fast Refresh] rebuilding @ http://localhost:4300/_next/static/chunks/ee53c_next_dist_client_e5d7a3._.js:13665
[ 1582311ms] [LOG] [Fast Refresh] rebuilding @ http://localhost:4300/_next/static/chunks/ee53c_next_dist_client_e5d7a3._.js:13665
[ 1582312ms] [LOG] [Fast Refresh] rebuilding @ http://localhost:4300/_next/static/chunks/ee53c_next_dist_client_e5d7a3._.js:13665
[ 1582313ms] [LOG] [Fast Refresh] rebuilding @ http://localhost:4300/_next/static/chunks/ee53c_next_dist_client_e5d7a3._.js:13665
[ 1582356ms] [LOG] [Fast Refresh] rebuilding @ http://localhost:4300/_next/static/chunks/ee53c_next_dist_client_e5d7a3._.js:13665
[ 1582356ms] [LOG] [Fast Refresh] rebuilding @ http://localhost:4300/_next/static/chunks/ee53c_next_dist_client_e5d7a3._.js:13665
[ 1582360ms] [LOG] [Fast Refresh] rebuilding @ http://localhost:4300/_next/static/chunks/ee53c_next_dist_client_e5d7a3._.js:13665
[ 1582361ms] [LOG] [Fast Refresh] rebuilding @ http://localhost:4300/_next/static/chunks/ee53c_next_dist_client_e5d7a3._.js:13665
[ 1582387ms] [LOG] [Fast Refresh] rebuilding @ http://localhost:4300/_next/static/chunks/ee53c_next_dist_client_e5d7a3._.js:13665
[ 1582413ms] [ERROR] Failed to load resource: the server responded with a status of 404 (Not Found) @ http://localhost:4300/sequences/hero/0025.webp:0
[ 1582420ms] [ERROR] Failed to load resource: the server responded with a status of 404 (Not Found) @ http://localhost:4300/sequences/hero/0129.webp:0
[ 1582421ms] [ERROR] Failed to load resource: the server responded with a status of 404 (Not Found) @ http://localhost:4300/sequences/hero/0113.webp:0
[ 1582422ms] [ERROR] Failed to load resource: the server responded with a status of 404 (Not Found) @ http://localhost:4300/sequences/hero/0041.webp:0
[ 1582423ms] [ERROR] Failed to load resource: the server responded with a status of 404 (Not Found) @ http://localhost:4300/sequences/hero/0009.webp:0
[ 1582428ms] [ERROR] Failed to load resource: the server responded with a status of 404 (Not Found) @ http://localhost:4300/sequences/hero/0145.webp:0
[ 1582639ms] [LOG] [Fast Refresh] rebuilding @ http://localhost:4300/_next/static/chunks/ee53c_next_dist_client_e5d7a3._.js:13665
[ 1583239ms] [LOG] [Fast Refresh] rebuilding @ http://localhost:4300/_next/static/chunks/ee53c_next_dist_client_e5d7a3._.js:13665
[ 1583239ms] [LOG] [Fast Refresh] rebuilding @ http://localhost:4300/_next/static/chunks/ee53c_next_dist_client_e5d7a3._.js:13665
[ 1583240ms] [LOG] [Fast Refresh] rebuilding @ http://localhost:4300/_next/static/chunks/ee53c_next_dist_client_e5d7a3._.js:13665
[ 1583309ms] [LOG] [Fast Refresh] rebuilding @ http://localhost:4300/_next/static/chunks/ee53c_next_dist_client_e5d7a3._.js:13665
[ 1584754ms] [LOG] [Fast Refresh] rebuilding @ http://localhost:4300/_next/static/chunks/ee53c_next_dist_client_e5d7a3._.js:13665
[ 1584759ms] [LOG] [Fast Refresh] rebuilding @ http://localhost:4300/_next/static/chunks/ee53c_next_dist_client_e5d7a3._.js:13665
[ 1584762ms] [LOG] [Fast Refresh] rebuilding @ http://localhost:4300/_next/static/chunks/ee53c_next_dist_client_e5d7a3._.js:13665
[ 1585073ms] [LOG] [Fast Refresh] rebuilding @ http://localhost:4300/_next/static/chunks/ee53c_next_dist_client_e5d7a3._.js:13665
[ 1585537ms] [LOG] [Fast Refresh] rebuilding @ http://localhost:4300/_next/static/chunks/ee53c_next_dist_client_e5d7a3._.js:13665
[ 1585538ms] [LOG] [Fast Refresh] rebuilding @ http://localhost:4300/_next/static/chunks/ee53c_next_dist_client_e5d7a3._.js:13665
[ 1585539ms] [LOG] [Fast Refresh] rebuilding @ http://localhost:4300/_next/static/chunks/ee53c_next_dist_client_e5d7a3._.js:13665
[ 1585571ms] [LOG] [Fast Refresh] rebuilding @ http://localhost:4300/_next/static/chunks/ee53c_next_dist_client_e5d7a3._.js:13665
[ 1586502ms] [LOG] [Fast Refresh] rebuilding @ http://localhost:4300/_next/static/chunks/ee53c_next_dist_client_e5d7a3._.js:13665
[ 1587293ms] [LOG] [Fast Refresh] rebuilding @ http://localhost:4300/_next/static/chunks/ee53c_next_dist_client_e5d7a3._.js:13665
[ 1587297ms] [LOG] [Fast Refresh] rebuilding @ http://localhost:4300/_next/static/chunks/ee53c_next_dist_client_e5d7a3._.js:13665
[ 1587302ms] [LOG] [Fast Refresh] rebuilding @ http://localhost:4300/_next/static/chunks/ee53c_next_dist_client_e5d7a3._.js:13665
[ 1587369ms] [LOG] [Fast Refresh] rebuilding @ http://localhost:4300/_next/static/chunks/ee53c_next_dist_client_e5d7a3._.js:13665
[ 1587705ms] [LOG] [Fast Refresh] rebuilding @ http://localhost:4300/_next/static/chunks/ee53c_next_dist_client_e5d7a3._.js:13665
[ 1587713ms] [LOG] [Fast Refresh] rebuilding @ http://localhost:4300/_next/static/chunks/ee53c_next_dist_client_e5d7a3._.js:13665
[ 1587751ms] [LOG] [Fast Refresh] rebuilding @ http://localhost:4300/_next/static/chunks/ee53c_next_dist_client_e5d7a3._.js:13665
[ 1588121ms] [LOG] [Fast Refresh] rebuilding @ http://localhost:4300/_next/static/chunks/ee53c_next_dist_client_e5d7a3._.js:13665
[ 1588122ms] [LOG] [Fast Refresh] rebuilding @ http://localhost:4300/_next/static/chunks/ee53c_next_dist_client_e5d7a3._.js:13665
[ 1588122ms] [LOG] [Fast Refresh] rebuilding @ http://localhost:4300/_next/static/chunks/ee53c_next_dist_client_e5d7a3._.js:13665
[ 1588158ms] [ERROR] Failed to load resource: the server responded with a status of 404 (Not Found) @ http://localhost:4300/sequences/hero/0057.webp:0
[ 1588163ms] [ERROR] Failed to load resource: the server responded with a status of 404 (Not Found) @ http://localhost:4300/sequences/hero/0073.webp:0
[ 1588174ms] [ERROR] Failed to load resource: the server responded with a status of 404 (Not Found) @ http://localhost:4300/sequences/hero/0089.webp:0
[ 1588184ms] [ERROR] Failed to load resource: the server responded with a status of 404 (Not Found) @ http://localhost:4300/sequences/hero/0105.webp:0
[ 1588192ms] [ERROR] Failed to load resource: the server responded with a status of 404 (Not Found) @ http://localhost:4300/sequences/hero/0121.webp:0
[ 1588200ms] [ERROR] Failed to load resource: the server responded with a status of 404 (Not Found) @ http://localhost:4300/sequences/hero/0137.webp:0
[ 1588212ms] [LOG] [Fast Refresh] rebuilding @ http://localhost:4300/_next/static/chunks/ee53c_next_dist_client_e5d7a3._.js:13665
[ 1589644ms] [LOG] [Fast Refresh] rebuilding @ http://localhost:4300/_next/static/chunks/ee53c_next_dist_client_e5d7a3._.js:13665
[ 1589645ms] [LOG] [Fast Refresh] rebuilding @ http://localhost:4300/_next/static/chunks/ee53c_next_dist_client_e5d7a3._.js:13665
[ 1595478ms] [LOG] [Fast Refresh] rebuilding @ http://localhost:4300/_next/static/chunks/ee53c_next_dist_client_e5d7a3._.js:13665
[ 1595738ms] [LOG] [Fast Refresh] rebuilding @ http://localhost:4300/_next/static/chunks/ee53c_next_dist_client_e5d7a3._.js:13665
[ 1595738ms] [LOG] [Fast Refresh] rebuilding @ http://localhost:4300/_next/static/chunks/ee53c_next_dist_client_e5d7a3._.js:13665
[ 1595739ms] [LOG] [Fast Refresh] rebuilding @ http://localhost:4300/_next/static/chunks/ee53c_next_dist_client_e5d7a3._.js:13665
[ 1595739ms] [LOG] [Fast Refresh] rebuilding @ http://localhost:4300/_next/static/chunks/ee53c_next_dist_client_e5d7a3._.js:13665
[ 1595740ms] [LOG] [Fast Refresh] rebuilding @ http://localhost:4300/_next/static/chunks/ee53c_next_dist_client_e5d7a3._.js:13665
[ 1595740ms] [LOG] [Fast Refresh] rebuilding @ http://localhost:4300/_next/static/chunks/ee53c_next_dist_client_e5d7a3._.js:13665
[ 1595741ms] [LOG] [Fast Refresh] rebuilding @ http://localhost:4300/_next/static/chunks/ee53c_next_dist_client_e5d7a3._.js:13665
[ 1595741ms] [LOG] [Fast Refresh] rebuilding @ http://localhost:4300/_next/static/chunks/ee53c_next_dist_client_e5d7a3._.js:13665
[ 1595741ms] [LOG] [Fast Refresh] rebuilding @ http://localhost:4300/_next/static/chunks/ee53c_next_dist_client_e5d7a3._.js:13665
[ 1595750ms] [LOG] [Fast Refresh] done in 8ms @ http://localhost:4300/_next/static/chunks/ee53c_next_dist_client_e5d7a3._.js:13492
[ 1595759ms] [LOG] [Fast Refresh] rebuilding @ http://localhost:4300/_next/static/chunks/ee53c_next_dist_client_e5d7a3._.js:13665
[ 1595760ms] [LOG] [Fast Refresh] rebuilding @ http://localhost:4300/_next/static/chunks/ee53c_next_dist_client_e5d7a3._.js:13665
[ 1602605ms] [ERROR] Failed to load resource: the server responded with a status of 404 (Not Found) @ http://localhost:4300/sequences/hero/0005.webp:0
[ 1602606ms] [ERROR] Failed to load resource: the server responded with a status of 404 (Not Found) @ http://localhost:4300/sequences/hero/0013.webp:0
[ 1602606ms] [ERROR] Failed to load resource: the server responded with a status of 404 (Not Found) @ http://localhost:4300/sequences/hero/0021.webp:0
[ 1602607ms] [LOG] [Fast Refresh] rebuilding @ http://localhost:4300/_next/static/chunks/ee53c_next_dist_client_e5d7a3._.js:13665
[ 1602610ms] [LOG] [Fast Refresh] rebuilding @ http://localhost:4300/_next/static/chunks/ee53c_next_dist_client_e5d7a3._.js:13665
[ 1602610ms] [LOG] [Fast Refresh] rebuilding @ http://localhost:4300/_next/static/chunks/ee53c_next_dist_client_e5d7a3._.js:13665
[ 1602610ms] [LOG] [Fast Refresh] rebuilding @ http://localhost:4300/_next/static/chunks/ee53c_next_dist_client_e5d7a3._.js:13665
[ 1609728ms] [ERROR] Failed to load resource: the server responded with a status of 404 (Not Found) @ http://localhost:4300/sequences/hero/0029.webp:0
[ 1609732ms] [LOG] [Fast Refresh] rebuilding @ http://localhost:4300/_next/static/chunks/ee53c_next_dist_client_e5d7a3._.js:13665
[ 1609733ms] [LOG] [Fast Refresh] rebuilding @ http://localhost:4300/_next/static/chunks/ee53c_next_dist_client_e5d7a3._.js:13665
[ 1615668ms] [ERROR] Failed to load resource: the server responded with a status of 404 (Not Found) @ http://localhost:4300/sequences/hero/0053.webp:0
[ 1615669ms] [ERROR] Failed to load resource: the server responded with a status of 404 (Not Found) @ http://localhost:4300/sequences/hero/0069.webp:0
[ 1615670ms] [ERROR] Failed to load resource: the server responded with a status of 404 (Not Found) @ http://localhost:4300/sequences/hero/0045.webp:0
[ 1615670ms] [ERROR] Failed to load resource: the server responded with a status of 404 (Not Found) @ http://localhost:4300/sequences/hero/0077.webp:0
[ 1615671ms] [ERROR] Failed to load resource: the server responded with a status of 404 (Not Found) @ http://localhost:4300/sequences/hero/0037.webp:0
[ 1615672ms] [ERROR] Failed to load resource: the server responded with a status of 404 (Not Found) @ http://localhost:4300/sequences/hero/0061.webp:0
[ 1638229ms] [LOG] [Fast Refresh] rebuilding @ http://localhost:4300/_next/static/chunks/ee53c_next_dist_client_e5d7a3._.js:13665
[ 1638231ms] [LOG] [Fast Refresh] rebuilding @ http://localhost:4300/_next/static/chunks/ee53c_next_dist_client_e5d7a3._.js:13665
[ 1638232ms] [LOG] [Fast Refresh] rebuilding @ http://localhost:4300/_next/static/chunks/ee53c_next_dist_client_e5d7a3._.js:13665
[ 1638233ms] [LOG] [Fast Refresh] rebuilding @ http://localhost:4300/_next/static/chunks/ee53c_next_dist_client_e5d7a3._.js:13665
[ 1638234ms] [LOG] [Fast Refresh] rebuilding @ http://localhost:4300/_next/static/chunks/ee53c_next_dist_client_e5d7a3._.js:13665
[ 1638234ms] [LOG] [Fast Refresh] rebuilding @ http://localhost:4300/_next/static/chunks/ee53c_next_dist_client_e5d7a3._.js:13665
[ 1638235ms] [LOG] [Fast Refresh] rebuilding @ http://localhost:4300/_next/static/chunks/ee53c_next_dist_client_e5d7a3._.js:13665
[ 1638235ms] [LOG] [Fast Refresh] rebuilding @ http://localhost:4300/_next/static/chunks/ee53c_next_dist_client_e5d7a3._.js:13665
[ 1638236ms] [LOG] [Fast Refresh] rebuilding @ http://localhost:4300/_next/static/chunks/ee53c_next_dist_client_e5d7a3._.js:13665
[ 1638236ms] [LOG] [Fast Refresh] rebuilding @ http://localhost:4300/_next/static/chunks/ee53c_next_dist_client_e5d7a3._.js:13665
[ 1638236ms] [LOG] [Fast Refresh] rebuilding @ http://localhost:4300/_next/static/chunks/ee53c_next_dist_client_e5d7a3._.js:13665
[ 1638237ms] [LOG] [Fast Refresh] rebuilding @ http://localhost:4300/_next/static/chunks/ee53c_next_dist_client_e5d7a3._.js:13665
[ 1638237ms] [LOG] [Fast Refresh] rebuilding @ http://localhost:4300/_next/static/chunks/ee53c_next_dist_client_e5d7a3._.js:13665
[ 1638238ms] [LOG] [Fast Refresh] rebuilding @ http://localhost:4300/_next/static/chunks/ee53c_next_dist_client_e5d7a3._.js:13665
[ 1638238ms] [LOG] [Fast Refresh] rebuilding @ http://localhost:4300/_next/static/chunks/ee53c_next_dist_client_e5d7a3._.js:13665
[ 1638239ms] [LOG] [Fast Refresh] rebuilding @ http://localhost:4300/_next/static/chunks/ee53c_next_dist_client_e5d7a3._.js:13665
[ 1638240ms] [LOG] [Fast Refresh] rebuilding @ http://localhost:4300/_next/static/chunks/ee53c_next_dist_client_e5d7a3._.js:13665
[ 1638241ms] [LOG] [Fast Refresh] rebuilding @ http://localhost:4300/_next/static/chunks/ee53c_next_dist_client_e5d7a3._.js:13665
[ 1638242ms] [LOG] [Fast Refresh] rebuilding @ http://localhost:4300/_next/static/chunks/ee53c_next_dist_client_e5d7a3._.js:13665
[ 1638243ms] [LOG] [Fast Refresh] rebuilding @ http://localhost:4300/_next/static/chunks/ee53c_next_dist_client_e5d7a3._.js:13665
[ 1638244ms] [LOG] [Fast Refresh] rebuilding @ http://localhost:4300/_next/static/chunks/ee53c_next_dist_client_e5d7a3._.js:13665
[ 1638244ms] [LOG] [Fast Refresh] rebuilding @ http://localhost:4300/_next/static/chunks/ee53c_next_dist_client_e5d7a3._.js:13665
[ 1638246ms] [LOG] [Fast Refresh] rebuilding @ http://localhost:4300/_next/static/chunks/ee53c_next_dist_client_e5d7a3._.js:13665
[ 1638246ms] [LOG] [Fast Refresh] rebuilding @ http://localhost:4300/_next/static/chunks/ee53c_next_dist_client_e5d7a3._.js:13665
[ 1638246ms] [LOG] [Fast Refresh] rebuilding @ http://localhost:4300/_next/static/chunks/ee53c_next_dist_client_e5d7a3._.js:13665
[ 1638247ms] [LOG] [Fast Refresh] rebuilding @ http://localhost:4300/_next/static/chunks/ee53c_next_dist_client_e5d7a3._.js:13665
[ 1638248ms] [LOG] [Fast Refresh] rebuilding @ http://localhost:4300/_next/static/chunks/ee53c_next_dist_client_e5d7a3._.js:13665
[ 1638248ms] [LOG] [Fast Refresh] rebuilding @ http://localhost:4300/_next/static/chunks/ee53c_next_dist_client_e5d7a3._.js:13665
[ 1638249ms] [LOG] [Fast Refresh] rebuilding @ http://localhost:4300/_next/static/chunks/ee53c_next_dist_client_e5d7a3._.js:13665
[ 1638249ms] [LOG] [Fast Refresh] rebuilding @ http://localhost:4300/_next/static/chunks/ee53c_next_dist_client_e5d7a3._.js:13665
[ 1638249ms] [LOG] [Fast Refresh] rebuilding @ http://localhost:4300/_next/static/chunks/ee53c_next_dist_client_e5d7a3._.js:13665
[ 1638250ms] [LOG] [Fast Refresh] rebuilding @ http://localhost:4300/_next/static/chunks/ee53c_next_dist_client_e5d7a3._.js:13665
[ 1638250ms] [LOG] [Fast Refresh] rebuilding @ http://localhost:4300/_next/static/chunks/ee53c_next_dist_client_e5d7a3._.js:13665
[ 1638250ms] [LOG] [Fast Refresh] rebuilding @ http://localhost:4300/_next/static/chunks/ee53c_next_dist_client_e5d7a3._.js:13665
[ 1638251ms] [LOG] [Fast Refresh] rebuilding @ http://localhost:4300/_next/static/chunks/ee53c_next_dist_client_e5d7a3._.js:13665
[ 1638252ms] [LOG] [Fast Refresh] rebuilding @ http://localhost:4300/_next/static/chunks/ee53c_next_dist_client_e5d7a3._.js:13665
[ 1638252ms] [LOG] [Fast Refresh] rebuilding @ http://localhost:4300/_next/static/chunks/ee53c_next_dist_client_e5d7a3._.js:13665
[ 1638252ms] [LOG] [Fast Refresh] rebuilding @ http://localhost:4300/_next/static/chunks/ee53c_next_dist_client_e5d7a3._.js:13665
[ 1638253ms] [LOG] [Fast Refresh] rebuilding @ http://localhost:4300/_next/static/chunks/ee53c_next_dist_client_e5d7a3._.js:13665
[ 1638253ms] [LOG] [Fast Refresh] rebuilding @ http://localhost:4300/_next/static/chunks/ee53c_next_dist_client_e5d7a3._.js:13665
[ 1638254ms] [LOG] [Fast Refresh] rebuilding @ http://localhost:4300/_next/static/chunks/ee53c_next_dist_client_e5d7a3._.js:13665
[ 1638255ms] [LOG] [Fast Refresh] rebuilding @ http://localhost:4300/_next/static/chunks/ee53c_next_dist_client_e5d7a3._.js:13665
[ 1638256ms] [LOG] [Fast Refresh] rebuilding @ http://localhost:4300/_next/static/chunks/ee53c_next_dist_client_e5d7a3._.js:13665
[ 1638256ms] [LOG] [Fast Refresh] rebuilding @ http://localhost:4300/_next/static/chunks/ee53c_next_dist_client_e5d7a3._.js:13665
[ 1638256ms] [LOG] [Fast Refresh] rebuilding @ http://localhost:4300/_next/static/chunks/ee53c_next_dist_client_e5d7a3._.js:13665
[ 1638257ms] [LOG] [Fast Refresh] rebuilding @ http://localhost:4300/_next/static/chunks/ee53c_next_dist_client_e5d7a3._.js:13665
[ 1638257ms] [LOG] [Fast Refresh] rebuilding @ http://localhost:4300/_next/static/chunks/ee53c_next_dist_client_e5d7a3._.js:13665
[ 1638258ms] [LOG] [Fast Refresh] rebuilding @ http://localhost:4300/_next/static/chunks/ee53c_next_dist_client_e5d7a3._.js:13665
[ 1638258ms] [LOG] [Fast Refresh] rebuilding @ http://localhost:4300/_next/static/chunks/ee53c_next_dist_client_e5d7a3._.js:13665
[ 1642977ms] [LOG] [Fast Refresh] rebuilding @ http://localhost:4300/_next/static/chunks/ee53c_next_dist_client_e5d7a3._.js:13665
[ 1642981ms] [LOG] [Fast Refresh] rebuilding @ http://localhost:4300/_next/static/chunks/ee53c_next_dist_client_e5d7a3._.js:13665
[ 1642981ms] [LOG] [Fast Refresh] rebuilding @ http://localhost:4300/_next/static/chunks/ee53c_next_dist_client_e5d7a3._.js:13665
[ 1642981ms] [LOG] [Fast Refresh] rebuilding @ http://localhost:4300/_next/static/chunks/ee53c_next_dist_client_e5d7a3._.js:13665
[ 1642981ms] [LOG] [Fast Refresh] rebuilding @ http://localhost:4300/_next/static/chunks/ee53c_next_dist_client_e5d7a3._.js:13665
[ 1642982ms] [LOG] [Fast Refresh] rebuilding @ http://localhost:4300/_next/static/chunks/ee53c_next_dist_client_e5d7a3._.js:13665
[ 1642982ms] [LOG] [Fast Refresh] rebuilding @ http://localhost:4300/_next/static/chunks/ee53c_next_dist_client_e5d7a3._.js:13665
[ 1642982ms] [LOG] [Fast Refresh] rebuilding @ http://localhost:4300/_next/static/chunks/ee53c_next_dist_client_e5d7a3._.js:13665
[ 1642983ms] [LOG] [Fast Refresh] rebuilding @ http://localhost:4300/_next/static/chunks/ee53c_next_dist_client_e5d7a3._.js:13665
[ 1642983ms] [LOG] [Fast Refresh] rebuilding @ http://localhost:4300/_next/static/chunks/ee53c_next_dist_client_e5d7a3._.js:13665
[ 1642984ms] [LOG] [Fast Refresh] rebuilding @ http://localhost:4300/_next/static/chunks/ee53c_next_dist_client_e5d7a3._.js:13665
[ 1642985ms] [LOG] [Fast Refresh] rebuilding @ http://localhost:4300/_next/static/chunks/ee53c_next_dist_client_e5d7a3._.js:13665
[ 1642985ms] [LOG] [Fast Refresh] rebuilding @ http://localhost:4300/_next/static/chunks/ee53c_next_dist_client_e5d7a3._.js:13665
[ 1642985ms] [LOG] [Fast Refresh] rebuilding @ http://localhost:4300/_next/static/chunks/ee53c_next_dist_client_e5d7a3._.js:13665
[ 1642986ms] [LOG] [Fast Refresh] rebuilding @ http://localhost:4300/_next/static/chunks/ee53c_next_dist_client_e5d7a3._.js:13665
[ 1642986ms] [LOG] [Fast Refresh] rebuilding @ http://localhost:4300/_next/static/chunks/ee53c_next_dist_client_e5d7a3._.js:13665
[ 1642987ms] [LOG] [Fast Refresh] rebuilding @ http://localhost:4300/_next/static/chunks/ee53c_next_dist_client_e5d7a3._.js:13665
[ 1642987ms] [LOG] [Fast Refresh] rebuilding @ http://localhost:4300/_next/static/chunks/ee53c_next_dist_client_e5d7a3._.js:13665
[ 1642987ms] [LOG] [Fast Refresh] rebuilding @ http://localhost:4300/_next/static/chunks/ee53c_next_dist_client_e5d7a3._.js:13665
[ 1642987ms] [LOG] [Fast Refresh] rebuilding @ http://localhost:4300/_next/static/chunks/ee53c_next_dist_client_e5d7a3._.js:13665
[ 1642988ms] [LOG] [Fast Refresh] rebuilding @ http://localhost:4300/_next/static/chunks/ee53c_next_dist_client_e5d7a3._.js:13665
[ 1642988ms] [LOG] [Fast Refresh] rebuilding @ http://localhost:4300/_next/static/chunks/ee53c_next_dist_client_e5d7a3._.js:13665
[ 1642988ms] [LOG] [Fast Refresh] rebuilding @ http://localhost:4300/_next/static/chunks/ee53c_next_dist_client_e5d7a3._.js:13665
[ 1642988ms] [LOG] [Fast Refresh] rebuilding @ http://localhost:4300/_next/static/chunks/ee53c_next_dist_client_e5d7a3._.js:13665
[ 1642988ms] [LOG] [Fast Refresh] rebuilding @ http://localhost:4300/_next/static/chunks/ee53c_next_dist_client_e5d7a3._.js:13665
[ 1642989ms] [LOG] [Fast Refresh] rebuilding @ http://localhost:4300/_next/static/chunks/ee53c_next_dist_client_e5d7a3._.js:13665
[ 1642989ms] [LOG] [Fast Refresh] rebuilding @ http://localhost:4300/_next/static/chunks/ee53c_next_dist_client_e5d7a3._.js:13665
[ 1642989ms] [LOG] [Fast Refresh] rebuilding @ http://localhost:4300/_next/static/chunks/ee53c_next_dist_client_e5d7a3._.js:13665
[ 1642989ms] [LOG] [Fast Refresh] rebuilding @ http://localhost:4300/_next/static/chunks/ee53c_next_dist_client_e5d7a3._.js:13665
[ 1642990ms] [LOG] [Fast Refresh] rebuilding @ http://localhost:4300/_next/static/chunks/ee53c_next_dist_client_e5d7a3._.js:13665
[ 1642990ms] [LOG] [Fast Refresh] rebuilding @ http://localhost:4300/_next/static/chunks/ee53c_next_dist_client_e5d7a3._.js:13665
[ 1642990ms] [LOG] [Fast Refresh] rebuilding @ http://localhost:4300/_next/static/chunks/ee53c_next_dist_client_e5d7a3._.js:13665
[ 1642991ms] [LOG] [Fast Refresh] rebuilding @ http://localhost:4300/_next/static/chunks/ee53c_next_dist_client_e5d7a3._.js:13665
[ 1642991ms] [LOG] [Fast Refresh] rebuilding @ http://localhost:4300/_next/static/chunks/ee53c_next_dist_client_e5d7a3._.js:13665
[ 1642991ms] [LOG] [Fast Refresh] rebuilding @ http://localhost:4300/_next/static/chunks/ee53c_next_dist_client_e5d7a3._.js:13665
[ 1642991ms] [LOG] [Fast Refresh] rebuilding @ http://localhost:4300/_next/static/chunks/ee53c_next_dist_client_e5d7a3._.js:13665
[ 1642992ms] [LOG] [Fast Refresh] rebuilding @ http://localhost:4300/_next/static/chunks/ee53c_next_dist_client_e5d7a3._.js:13665
[ 1642992ms] [LOG] [Fast Refresh] rebuilding @ http://localhost:4300/_next/static/chunks/ee53c_next_dist_client_e5d7a3._.js:13665
[ 1642993ms] [LOG] [Fast Refresh] rebuilding @ http://localhost:4300/_next/static/chunks/ee53c_next_dist_client_e5d7a3._.js:13665
[ 1642993ms] [LOG] [Fast Refresh] rebuilding @ http://localhost:4300/_next/static/chunks/ee53c_next_dist_client_e5d7a3._.js:13665
[ 1642994ms] [LOG] [Fast Refresh] rebuilding @ http://localhost:4300/_next/static/chunks/ee53c_next_dist_client_e5d7a3._.js:13665
[ 1642995ms] [LOG] [Fast Refresh] rebuilding @ http://localhost:4300/_next/static/chunks/ee53c_next_dist_client_e5d7a3._.js:13665
[ 1643002ms] [LOG] [Fast Refresh] rebuilding @ http://localhost:4300/_next/static/chunks/ee53c_next_dist_client_e5d7a3._.js:13665
[ 1643003ms] [LOG] [Fast Refresh] rebuilding @ http://localhost:4300/_next/static/chunks/ee53c_next_dist_client_e5d7a3._.js:13665
[ 1643003ms] [LOG] [Fast Refresh] rebuilding @ http://localhost:4300/_next/static/chunks/ee53c_next_dist_client_e5d7a3._.js:13665
[ 1643004ms] [LOG] [Fast Refresh] rebuilding @ http://localhost:4300/_next/static/chunks/ee53c_next_dist_client_e5d7a3._.js:13665
[ 1643004ms] [LOG] [Fast Refresh] rebuilding @ http://localhost:4300/_next/static/chunks/ee53c_next_dist_client_e5d7a3._.js:13665
[ 1643005ms] [LOG] [Fast Refresh] rebuilding @ http://localhost:4300/_next/static/chunks/ee53c_next_dist_client_e5d7a3._.js:13665
[ 1643005ms] [LOG] [Fast Refresh] rebuilding @ http://localhost:4300/_next/static/chunks/ee53c_next_dist_client_e5d7a3._.js:13665
[ 1643006ms] [LOG] [Fast Refresh] rebuilding @ http://localhost:4300/_next/static/chunks/ee53c_next_dist_client_e5d7a3._.js:13665
[ 1643006ms] [LOG] [Fast Refresh] rebuilding @ http://localhost:4300/_next/static/chunks/ee53c_next_dist_client_e5d7a3._.js:13665
[ 1643007ms] [LOG] [Fast Refresh] rebuilding @ http://localhost:4300/_next/static/chunks/ee53c_next_dist_client_e5d7a3._.js:13665
[ 1643007ms] [LOG] [Fast Refresh] rebuilding @ http://localhost:4300/_next/static/chunks/ee53c_next_dist_client_e5d7a3._.js:13665
[ 1643007ms] [LOG] [Fast Refresh] rebuilding @ http://localhost:4300/_next/static/chunks/ee53c_next_dist_client_e5d7a3._.js:13665
[ 1643007ms] [LOG] [Fast Refresh] rebuilding @ http://localhost:4300/_next/static/chunks/ee53c_next_dist_client_e5d7a3._.js:13665
[ 1643007ms] [LOG] [Fast Refresh] rebuilding @ http://localhost:4300/_next/static/chunks/ee53c_next_dist_client_e5d7a3._.js:13665
[ 1643008ms] [LOG] [Fast Refresh] rebuilding @ http://localhost:4300/_next/static/chunks/ee53c_next_dist_client_e5d7a3._.js:13665
[ 1643008ms] [LOG] [Fast Refresh] rebuilding @ http://localhost:4300/_next/static/chunks/ee53c_next_dist_client_e5d7a3._.js:13665
[ 1643008ms] [LOG] [Fast Refresh] rebuilding @ http://localhost:4300/_next/static/chunks/ee53c_next_dist_client_e5d7a3._.js:13665
[ 1643008ms] [LOG] [Fast Refresh] rebuilding @ http://localhost:4300/_next/static/chunks/ee53c_next_dist_client_e5d7a3._.js:13665
[ 1643008ms] [LOG] [Fast Refresh] rebuilding @ http://localhost:4300/_next/static/chunks/ee53c_next_dist_client_e5d7a3._.js:13665
[ 1643008ms] [LOG] [Fast Refresh] rebuilding @ http://localhost:4300/_next/static/chunks/ee53c_next_dist_client_e5d7a3._.js:13665
[ 1643009ms] [LOG] [Fast Refresh] rebuilding @ http://localhost:4300/_next/static/chunks/ee53c_next_dist_client_e5d7a3._.js:13665
[ 1652502ms] [LOG] [Fast Refresh] rebuilding @ http://localhost:4300/_next/static/chunks/ee53c_next_dist_client_e5d7a3._.js:13665
[ 1652502ms] [LOG] [Fast Refresh] rebuilding @ http://localhost:4300/_next/static/chunks/ee53c_next_dist_client_e5d7a3._.js:13665
[ 1652503ms] [LOG] [Fast Refresh] rebuilding @ http://localhost:4300/_next/static/chunks/ee53c_next_dist_client_e5d7a3._.js:13665
[ 1652503ms] [LOG] [Fast Refresh] rebuilding @ http://localhost:4300/_next/static/chunks/ee53c_next_dist_client_e5d7a3._.js:13665
[ 1652503ms] [LOG] [Fast Refresh] rebuilding @ http://localhost:4300/_next/static/chunks/ee53c_next_dist_client_e5d7a3._.js:13665
[ 1652504ms] [LOG] [Fast Refresh] rebuilding @ http://localhost:4300/_next/static/chunks/ee53c_next_dist_client_e5d7a3._.js:13665
[ 1652505ms] [LOG] [Fast Refresh] rebuilding @ http://localhost:4300/_next/static/chunks/ee53c_next_dist_client_e5d7a3._.js:13665
[ 1652505ms] [LOG] [Fast Refresh] rebuilding @ http://localhost:4300/_next/static/chunks/ee53c_next_dist_client_e5d7a3._.js:13665
[ 1652506ms] [LOG] [Fast Refresh] rebuilding @ http://localhost:4300/_next/static/chunks/ee53c_next_dist_client_e5d7a3._.js:13665
[ 1652506ms] [LOG] [Fast Refresh] rebuilding @ http://localhost:4300/_next/static/chunks/ee53c_next_dist_client_e5d7a3._.js:13665
[ 1652506ms] [LOG] [Fast Refresh] rebuilding @ http://localhost:4300/_next/static/chunks/ee53c_next_dist_client_e5d7a3._.js:13665
[ 1652507ms] [LOG] [Fast Refresh] rebuilding @ http://localhost:4300/_next/static/chunks/ee53c_next_dist_client_e5d7a3._.js:13665
[ 1652507ms] [LOG] [Fast Refresh] rebuilding @ http://localhost:4300/_next/static/chunks/ee53c_next_dist_client_e5d7a3._.js:13665
[ 1652507ms] [LOG] [Fast Refresh] rebuilding @ http://localhost:4300/_next/static/chunks/ee53c_next_dist_client_e5d7a3._.js:13665
[ 1652509ms] [LOG] [Fast Refresh] rebuilding @ http://localhost:4300/_next/static/chunks/ee53c_next_dist_client_e5d7a3._.js:13665
[ 1652510ms] [LOG] [Fast Refresh] rebuilding @ http://localhost:4300/_next/static/chunks/ee53c_next_dist_client_e5d7a3._.js:13665
[ 1652510ms] [LOG] [Fast Refresh] rebuilding @ http://localhost:4300/_next/static/chunks/ee53c_next_dist_client_e5d7a3._.js:13665
[ 1652511ms] [LOG] [Fast Refresh] rebuilding @ http://localhost:4300/_next/static/chunks/ee53c_next_dist_client_e5d7a3._.js:13665
[ 1652511ms] [LOG] [Fast Refresh] rebuilding @ http://localhost:4300/_next/static/chunks/ee53c_next_dist_client_e5d7a3._.js:13665
[ 1652511ms] [LOG] [Fast Refresh] rebuilding @ http://localhost:4300/_next/static/chunks/ee53c_next_dist_client_e5d7a3._.js:13665
[ 1652512ms] [LOG] [Fast Refresh] rebuilding @ http://localhost:4300/_next/static/chunks/ee53c_next_dist_client_e5d7a3._.js:13665
[ 1657228ms] [ERROR] Failed to load resource: the server responded with a status of 404 (Not Found) @ http://localhost:4300/sequences/hero/0101.webp:0
[ 1657229ms] [ERROR] Failed to load resource: the server responded with a status of 404 (Not Found) @ http://localhost:4300/sequences/hero/0093.webp:0
[ 1657230ms] [ERROR] Failed to load resource: the server responded with a status of 404 (Not Found) @ http://localhost:4300/sequences/hero/0085.webp:0
[ 1657230ms] [ERROR] Failed to load resource: the server responded with a status of 404 (Not Found) @ http://localhost:4300/sequences/hero/0125.webp:0
[ 1657231ms] [ERROR] Failed to load resource: the server responded with a status of 404 (Not Found) @ http://localhost:4300/sequences/hero/0117.webp:0
[ 1657232ms] [ERROR] Failed to load resource: the server responded with a status of 404 (Not Found) @ http://localhost:4300/sequences/hero/0109.webp:0
[ 1657235ms] [LOG] [Fast Refresh] rebuilding @ http://localhost:4300/_next/static/chunks/ee53c_next_dist_client_e5d7a3._.js:13665
[ 1657235ms] [LOG] [Fast Refresh] rebuilding @ http://localhost:4300/_next/static/chunks/ee53c_next_dist_client_e5d7a3._.js:13665
[ 1657236ms] [LOG] [Fast Refresh] rebuilding @ http://localhost:4300/_next/static/chunks/ee53c_next_dist_client_e5d7a3._.js:13665
[ 1657237ms] [LOG] [Fast Refresh] rebuilding @ http://localhost:4300/_next/static/chunks/ee53c_next_dist_client_e5d7a3._.js:13665
[ 1657237ms] [LOG] [Fast Refresh] rebuilding @ http://localhost:4300/_next/static/chunks/ee53c_next_dist_client_e5d7a3._.js:13665
[ 1657238ms] [LOG] [Fast Refresh] rebuilding @ http://localhost:4300/_next/static/chunks/ee53c_next_dist_client_e5d7a3._.js:13665
[ 1657238ms] [LOG] [Fast Refresh] rebuilding @ http://localhost:4300/_next/static/chunks/ee53c_next_dist_client_e5d7a3._.js:13665
[ 1657239ms] [LOG] [Fast Refresh] rebuilding @ http://localhost:4300/_next/static/chunks/ee53c_next_dist_client_e5d7a3._.js:13665
[ 1657239ms] [LOG] [Fast Refresh] rebuilding @ http://localhost:4300/_next/static/chunks/ee53c_next_dist_client_e5d7a3._.js:13665
[ 1657239ms] [LOG] [Fast Refresh] rebuilding @ http://localhost:4300/_next/static/chunks/ee53c_next_dist_client_e5d7a3._.js:13665
[ 1657240ms] [LOG] [Fast Refresh] rebuilding @ http://localhost:4300/_next/static/chunks/ee53c_next_dist_client_e5d7a3._.js:13665
[ 1657240ms] [LOG] [Fast Refresh] rebuilding @ http://localhost:4300/_next/static/chunks/ee53c_next_dist_client_e5d7a3._.js:13665
[ 1657241ms] [LOG] [Fast Refresh] rebuilding @ http://localhost:4300/_next/static/chunks/ee53c_next_dist_client_e5d7a3._.js:13665
[ 1657241ms] [LOG] [Fast Refresh] rebuilding @ http://localhost:4300/_next/static/chunks/ee53c_next_dist_client_e5d7a3._.js:13665
[ 1657242ms] [LOG] [Fast Refresh] rebuilding @ http://localhost:4300/_next/static/chunks/ee53c_next_dist_client_e5d7a3._.js:13665
[ 1657243ms] [LOG] [Fast Refresh] rebuilding @ http://localhost:4300/_next/static/chunks/ee53c_next_dist_client_e5d7a3._.js:13665
[ 1657243ms] [LOG] [Fast Refresh] rebuilding @ http://localhost:4300/_next/static/chunks/ee53c_next_dist_client_e5d7a3._.js:13665
[ 1657244ms] [LOG] [Fast Refresh] rebuilding @ http://localhost:4300/_next/static/chunks/ee53c_next_dist_client_e5d7a3._.js:13665
[ 1657244ms] [LOG] [Fast Refresh] rebuilding @ http://localhost:4300/_next/static/chunks/ee53c_next_dist_client_e5d7a3._.js:13665
[ 1657244ms] [LOG] [Fast Refresh] rebuilding @ http://localhost:4300/_next/static/chunks/ee53c_next_dist_client_e5d7a3._.js:13665
[ 1657244ms] [LOG] [Fast Refresh] rebuilding @ http://localhost:4300/_next/static/chunks/ee53c_next_dist_client_e5d7a3._.js:13665
[ 1657245ms] [LOG] [Fast Refresh] rebuilding @ http://localhost:4300/_next/static/chunks/ee53c_next_dist_client_e5d7a3._.js:13665
[ 1657245ms] [LOG] [Fast Refresh] rebuilding @ http://localhost:4300/_next/static/chunks/ee53c_next_dist_client_e5d7a3._.js:13665
[ 1657246ms] [LOG] [Fast Refresh] rebuilding @ http://localhost:4300/_next/static/chunks/ee53c_next_dist_client_e5d7a3._.js:13665
[ 1657246ms] [LOG] [Fast Refresh] rebuilding @ http://localhost:4300/_next/static/chunks/ee53c_next_dist_client_e5d7a3._.js:13665
[ 1657246ms] [LOG] [Fast Refresh] rebuilding @ http://localhost:4300/_next/static/chunks/ee53c_next_dist_client_e5d7a3._.js:13665
[ 1657247ms] [LOG] [Fast Refresh] rebuilding @ http://localhost:4300/_next/static/chunks/ee53c_next_dist_client_e5d7a3._.js:13665
[ 1657247ms] [LOG] [Fast Refresh] rebuilding @ http://localhost:4300/_next/static/chunks/ee53c_next_dist_client_e5d7a3._.js:13665
[ 1657247ms] [LOG] [Fast Refresh] rebuilding @ http://localhost:4300/_next/static/chunks/ee53c_next_dist_client_e5d7a3._.js:13665
[ 1657248ms] [LOG] [Fast Refresh] rebuilding @ http://localhost:4300/_next/static/chunks/ee53c_next_dist_client_e5d7a3._.js:13665
[ 1657248ms] [LOG] [Fast Refresh] rebuilding @ http://localhost:4300/_next/static/chunks/ee53c_next_dist_client_e5d7a3._.js:13665
[ 1657248ms] [LOG] [Fast Refresh] rebuilding @ http://localhost:4300/_next/static/chunks/ee53c_next_dist_client_e5d7a3._.js:13665
[ 1657249ms] [LOG] [Fast Refresh] rebuilding @ http://localhost:4300/_next/static/chunks/ee53c_next_dist_client_e5d7a3._.js:13665
[ 1657249ms] [LOG] [Fast Refresh] rebuilding @ http://localhost:4300/_next/static/chunks/ee53c_next_dist_client_e5d7a3._.js:13665
[ 1657250ms] [LOG] [Fast Refresh] rebuilding @ http://localhost:4300/_next/static/chunks/ee53c_next_dist_client_e5d7a3._.js:13665
[ 1657251ms] [LOG] [Fast Refresh] rebuilding @ http://localhost:4300/_next/static/chunks/ee53c_next_dist_client_e5d7a3._.js:13665
[ 1657251ms] [LOG] [Fast Refresh] rebuilding @ http://localhost:4300/_next/static/chunks/ee53c_next_dist_client_e5d7a3._.js:13665
[ 1657251ms] [LOG] [Fast Refresh] rebuilding @ http://localhost:4300/_next/static/chunks/ee53c_next_dist_client_e5d7a3._.js:13665
[ 1657252ms] [LOG] [Fast Refresh] rebuilding @ http://localhost:4300/_next/static/chunks/ee53c_next_dist_client_e5d7a3._.js:13665
[ 1657252ms] [LOG] [Fast Refresh] rebuilding @ http://localhost:4300/_next/static/chunks/ee53c_next_dist_client_e5d7a3._.js:13665
[ 1657252ms] [LOG] [Fast Refresh] rebuilding @ http://localhost:4300/_next/static/chunks/ee53c_next_dist_client_e5d7a3._.js:13665
[ 1657253ms] [LOG] [Fast Refresh] rebuilding @ http://localhost:4300/_next/static/chunks/ee53c_next_dist_client_e5d7a3._.js:13665
[ 1657253ms] [LOG] [Fast Refresh] rebuilding @ http://localhost:4300/_next/static/chunks/ee53c_next_dist_client_e5d7a3._.js:13665
[ 1657253ms] [LOG] [Fast Refresh] rebuilding @ http://localhost:4300/_next/static/chunks/ee53c_next_dist_client_e5d7a3._.js:13665
[ 1657253ms] [LOG] [Fast Refresh] rebuilding @ http://localhost:4300/_next/static/chunks/ee53c_next_dist_client_e5d7a3._.js:13665
[ 1657254ms] [LOG] [Fast Refresh] rebuilding @ http://localhost:4300/_next/static/chunks/ee53c_next_dist_client_e5d7a3._.js:13665
[ 1657254ms] [LOG] [Fast Refresh] rebuilding @ http://localhost:4300/_next/static/chunks/ee53c_next_dist_client_e5d7a3._.js:13665
[ 1657255ms] [LOG] [Fast Refresh] rebuilding @ http://localhost:4300/_next/static/chunks/ee53c_next_dist_client_e5d7a3._.js:13665
[ 1657255ms] [LOG] [Fast Refresh] rebuilding @ http://localhost:4300/_next/static/chunks/ee53c_next_dist_client_e5d7a3._.js:13665
[ 1657256ms] [LOG] [Fast Refresh] rebuilding @ http://localhost:4300/_next/static/chunks/ee53c_next_dist_client_e5d7a3._.js:13665
[ 1657257ms] [LOG] [Fast Refresh] rebuilding @ http://localhost:4300/_next/static/chunks/ee53c_next_dist_client_e5d7a3._.js:13665
[ 1657257ms] [LOG] [Fast Refresh] rebuilding @ http://localhost:4300/_next/static/chunks/ee53c_next_dist_client_e5d7a3._.js:13665
[ 1657257ms] [LOG] [Fast Refresh] rebuilding @ http://localhost:4300/_next/static/chunks/ee53c_next_dist_client_e5d7a3._.js:13665
[ 1657258ms] [LOG] [Fast Refresh] rebuilding @ http://localhost:4300/_next/static/chunks/ee53c_next_dist_client_e5d7a3._.js:13665
[ 1657258ms] [LOG] [Fast Refresh] rebuilding @ http://localhost:4300/_next/static/chunks/ee53c_next_dist_client_e5d7a3._.js:13665
[ 1657258ms] [LOG] [Fast Refresh] rebuilding @ http://localhost:4300/_next/static/chunks/ee53c_next_dist_client_e5d7a3._.js:13665
[ 1657258ms] [LOG] [Fast Refresh] rebuilding @ http://localhost:4300/_next/static/chunks/ee53c_next_dist_client_e5d7a3._.js:13665
[ 1657259ms] [LOG] [Fast Refresh] rebuilding @ http://localhost:4300/_next/static/chunks/ee53c_next_dist_client_e5d7a3._.js:13665
[ 1657259ms] [LOG] [Fast Refresh] rebuilding @ http://localhost:4300/_next/static/chunks/ee53c_next_dist_client_e5d7a3._.js:13665
[ 1661981ms] [LOG] [Fast Refresh] rebuilding @ http://localhost:4300/_next/static/chunks/ee53c_next_dist_client_e5d7a3._.js:13665
[ 1661982ms] [LOG] [Fast Refresh] rebuilding @ http://localhost:4300/_next/static/chunks/ee53c_next_dist_client_e5d7a3._.js:13665
[ 1661982ms] [LOG] [Fast Refresh] rebuilding @ http://localhost:4300/_next/static/chunks/ee53c_next_dist_client_e5d7a3._.js:13665
[ 1661982ms] [LOG] [Fast Refresh] rebuilding @ http://localhost:4300/_next/static/chunks/ee53c_next_dist_client_e5d7a3._.js:13665
[ 1661983ms] [LOG] [Fast Refresh] rebuilding @ http://localhost:4300/_next/static/chunks/ee53c_next_dist_client_e5d7a3._.js:13665
[ 1661983ms] [LOG] [Fast Refresh] rebuilding @ http://localhost:4300/_next/static/chunks/ee53c_next_dist_client_e5d7a3._.js:13665
[ 1661984ms] [LOG] [Fast Refresh] rebuilding @ http://localhost:4300/_next/static/chunks/ee53c_next_dist_client_e5d7a3._.js:13665
[ 1661984ms] [LOG] [Fast Refresh] rebuilding @ http://localhost:4300/_next/static/chunks/ee53c_next_dist_client_e5d7a3._.js:13665
[ 1661985ms] [LOG] [Fast Refresh] rebuilding @ http://localhost:4300/_next/static/chunks/ee53c_next_dist_client_e5d7a3._.js:13665
[ 1661986ms] [LOG] [Fast Refresh] rebuilding @ http://localhost:4300/_next/static/chunks/ee53c_next_dist_client_e5d7a3._.js:13665
[ 1661986ms] [LOG] [Fast Refresh] rebuilding @ http://localhost:4300/_next/static/chunks/ee53c_next_dist_client_e5d7a3._.js:13665
[ 1661987ms] [LOG] [Fast Refresh] rebuilding @ http://localhost:4300/_next/static/chunks/ee53c_next_dist_client_e5d7a3._.js:13665
[ 1661987ms] [LOG] [Fast Refresh] rebuilding @ http://localhost:4300/_next/static/chunks/ee53c_next_dist_client_e5d7a3._.js:13665
[ 1661987ms] [LOG] [Fast Refresh] rebuilding @ http://localhost:4300/_next/static/chunks/ee53c_next_dist_client_e5d7a3._.js:13665
[ 1661988ms] [LOG] [Fast Refresh] rebuilding @ http://localhost:4300/_next/static/chunks/ee53c_next_dist_client_e5d7a3._.js:13665
[ 1661989ms] [LOG] [Fast Refresh] rebuilding @ http://localhost:4300/_next/static/chunks/ee53c_next_dist_client_e5d7a3._.js:13665
[ 1661989ms] [LOG] [Fast Refresh] rebuilding @ http://localhost:4300/_next/static/chunks/ee53c_next_dist_client_e5d7a3._.js:13665
[ 1661989ms] [LOG] [Fast Refresh] rebuilding @ http://localhost:4300/_next/static/chunks/ee53c_next_dist_client_e5d7a3._.js:13665
[ 1661990ms] [LOG] [Fast Refresh] rebuilding @ http://localhost:4300/_next/static/chunks/ee53c_next_dist_client_e5d7a3._.js:13665
[ 1661990ms] [LOG] [Fast Refresh] rebuilding @ http://localhost:4300/_next/static/chunks/ee53c_next_dist_client_e5d7a3._.js:13665
[ 1661990ms] [LOG] [Fast Refresh] rebuilding @ http://localhost:4300/_next/static/chunks/ee53c_next_dist_client_e5d7a3._.js:13665
[ 1661990ms] [LOG] [Fast Refresh] rebuilding @ http://localhost:4300/_next/static/chunks/ee53c_next_dist_client_e5d7a3._.js:13665
[ 1661991ms] [LOG] [Fast Refresh] rebuilding @ http://localhost:4300/_next/static/chunks/ee53c_next_dist_client_e5d7a3._.js:13665
[ 1661991ms] [LOG] [Fast Refresh] rebuilding @ http://localhost:4300/_next/static/chunks/ee53c_next_dist_client_e5d7a3._.js:13665
[ 1661991ms] [LOG] [Fast Refresh] rebuilding @ http://localhost:4300/_next/static/chunks/ee53c_next_dist_client_e5d7a3._.js:13665
[ 1661991ms] [LOG] [Fast Refresh] rebuilding @ http://localhost:4300/_next/static/chunks/ee53c_next_dist_client_e5d7a3._.js:13665
[ 1661992ms] [LOG] [Fast Refresh] rebuilding @ http://localhost:4300/_next/static/chunks/ee53c_next_dist_client_e5d7a3._.js:13665
[ 1661992ms] [LOG] [Fast Refresh] rebuilding @ http://localhost:4300/_next/static/chunks/ee53c_next_dist_client_e5d7a3._.js:13665
[ 1661992ms] [LOG] [Fast Refresh] rebuilding @ http://localhost:4300/_next/static/chunks/ee53c_next_dist_client_e5d7a3._.js:13665
[ 1661992ms] [LOG] [Fast Refresh] rebuilding @ http://localhost:4300/_next/static/chunks/ee53c_next_dist_client_e5d7a3._.js:13665
[ 1661993ms] [LOG] [Fast Refresh] rebuilding @ http://localhost:4300/_next/static/chunks/ee53c_next_dist_client_e5d7a3._.js:13665
[ 1661993ms] [LOG] [Fast Refresh] rebuilding @ http://localhost:4300/_next/static/chunks/ee53c_next_dist_client_e5d7a3._.js:13665
[ 1661994ms] [LOG] [Fast Refresh] rebuilding @ http://localhost:4300/_next/static/chunks/ee53c_next_dist_client_e5d7a3._.js:13665
[ 1662001ms] [LOG] [Fast Refresh] rebuilding @ http://localhost:4300/_next/static/chunks/ee53c_next_dist_client_e5d7a3._.js:13665
[ 1662001ms] [LOG] [Fast Refresh] rebuilding @ http://localhost:4300/_next/static/chunks/ee53c_next_dist_client_e5d7a3._.js:13665
[ 1662001ms] [LOG] [Fast Refresh] rebuilding @ http://localhost:4300/_next/static/chunks/ee53c_next_dist_client_e5d7a3._.js:13665
[ 1662001ms] [LOG] [Fast Refresh] rebuilding @ http://localhost:4300/_next/static/chunks/ee53c_next_dist_client_e5d7a3._.js:13665
[ 1662002ms] [LOG] [Fast Refresh] rebuilding @ http://localhost:4300/_next/static/chunks/ee53c_next_dist_client_e5d7a3._.js:13665
[ 1662002ms] [LOG] [Fast Refresh] rebuilding @ http://localhost:4300/_next/static/chunks/ee53c_next_dist_client_e5d7a3._.js:13665
[ 1662002ms] [LOG] [Fast Refresh] rebuilding @ http://localhost:4300/_next/static/chunks/ee53c_next_dist_client_e5d7a3._.js:13665
[ 1662003ms] [LOG] [Fast Refresh] rebuilding @ http://localhost:4300/_next/static/chunks/ee53c_next_dist_client_e5d7a3._.js:13665
[ 1662003ms] [LOG] [Fast Refresh] rebuilding @ http://localhost:4300/_next/static/chunks/ee53c_next_dist_client_e5d7a3._.js:13665
[ 1662004ms] [LOG] [Fast Refresh] rebuilding @ http://localhost:4300/_next/static/chunks/ee53c_next_dist_client_e5d7a3._.js:13665
[ 1662004ms] [LOG] [Fast Refresh] rebuilding @ http://localhost:4300/_next/static/chunks/ee53c_next_dist_client_e5d7a3._.js:13665
[ 1662004ms] [LOG] [Fast Refresh] rebuilding @ http://localhost:4300/_next/static/chunks/ee53c_next_dist_client_e5d7a3._.js:13665
[ 1662005ms] [LOG] [Fast Refresh] rebuilding @ http://localhost:4300/_next/static/chunks/ee53c_next_dist_client_e5d7a3._.js:13665
[ 1662005ms] [LOG] [Fast Refresh] rebuilding @ http://localhost:4300/_next/static/chunks/ee53c_next_dist_client_e5d7a3._.js:13665
[ 1662005ms] [LOG] [Fast Refresh] rebuilding @ http://localhost:4300/_next/static/chunks/ee53c_next_dist_client_e5d7a3._.js:13665
[ 1662005ms] [LOG] [Fast Refresh] rebuilding @ http://localhost:4300/_next/static/chunks/ee53c_next_dist_client_e5d7a3._.js:13665
[ 1662006ms] [LOG] [Fast Refresh] rebuilding @ http://localhost:4300/_next/static/chunks/ee53c_next_dist_client_e5d7a3._.js:13665
[ 1662006ms] [LOG] [Fast Refresh] rebuilding @ http://localhost:4300/_next/static/chunks/ee53c_next_dist_client_e5d7a3._.js:13665
[ 1662006ms] [LOG] [Fast Refresh] rebuilding @ http://localhost:4300/_next/static/chunks/ee53c_next_dist_client_e5d7a3._.js:13665
[ 1662006ms] [LOG] [Fast Refresh] rebuilding @ http://localhost:4300/_next/static/chunks/ee53c_next_dist_client_e5d7a3._.js:13665
[ 1662007ms] [LOG] [Fast Refresh] rebuilding @ http://localhost:4300/_next/static/chunks/ee53c_next_dist_client_e5d7a3._.js:13665
[ 1662007ms] [LOG] [Fast Refresh] rebuilding @ http://localhost:4300/_next/static/chunks/ee53c_next_dist_client_e5d7a3._.js:13665
[ 1662007ms] [LOG] [Fast Refresh] rebuilding @ http://localhost:4300/_next/static/chunks/ee53c_next_dist_client_e5d7a3._.js:13665
[ 1662008ms] [LOG] [Fast Refresh] rebuilding @ http://localhost:4300/_next/static/chunks/ee53c_next_dist_client_e5d7a3._.js:13665
[ 1662009ms] [LOG] [Fast Refresh] rebuilding @ http://localhost:4300/_next/static/chunks/ee53c_next_dist_client_e5d7a3._.js:13665
[ 1662009ms] [LOG] [Fast Refresh] rebuilding @ http://localhost:4300/_next/static/chunks/ee53c_next_dist_client_e5d7a3._.js:13665
[ 1662009ms] [LOG] [Fast Refresh] rebuilding @ http://localhost:4300/_next/static/chunks/ee53c_next_dist_client_e5d7a3._.js:13665
[ 1662010ms] [LOG] [Fast Refresh] rebuilding @ http://localhost:4300/_next/static/chunks/ee53c_next_dist_client_e5d7a3._.js:13665
[ 1667916ms] [ERROR] Failed to load resource: the server responded with a status of 404 (Not Found) @ http://localhost:4300/sequences/hero/0003.webp:0
[ 1667917ms] [ERROR] Failed to load resource: the server responded with a status of 404 (Not Found) @ http://localhost:4300/sequences/hero/0007.webp:0
[ 1667918ms] [ERROR] Failed to load resource: the server responded with a status of 404 (Not Found) @ http://localhost:4300/sequences/hero/0011.webp:0
[ 1667918ms] [ERROR] Failed to load resource: the server responded with a status of 404 (Not Found) @ http://localhost:4300/sequences/hero/0141.webp:0
[ 1667920ms] [ERROR] Failed to load resource: the server responded with a status of 404 (Not Found) @ http://localhost:4300/sequences/hero/0133.webp:0
[ 1667921ms] [ERROR] Failed to load resource: the server responded with a status of 404 (Not Found) @ http://localhost:4300/sequences/hero/0149.webp:0
[ 1667925ms] [LOG] [Fast Refresh] rebuilding @ http://localhost:4300/_next/static/chunks/ee53c_next_dist_client_e5d7a3._.js:13665
[ 1667925ms] [LOG] [Fast Refresh] rebuilding @ http://localhost:4300/_next/static/chunks/ee53c_next_dist_client_e5d7a3._.js:13665
[ 1667926ms] [LOG] [Fast Refresh] rebuilding @ http://localhost:4300/_next/static/chunks/ee53c_next_dist_client_e5d7a3._.js:13665
[ 1667927ms] [LOG] [Fast Refresh] rebuilding @ http://localhost:4300/_next/static/chunks/ee53c_next_dist_client_e5d7a3._.js:13665
[ 1667929ms] [LOG] [Fast Refresh] rebuilding @ http://localhost:4300/_next/static/chunks/ee53c_next_dist_client_e5d7a3._.js:13665
[ 1667930ms] [LOG] [Fast Refresh] rebuilding @ http://localhost:4300/_next/static/chunks/ee53c_next_dist_client_e5d7a3._.js:13665
[ 1667931ms] [LOG] [Fast Refresh] rebuilding @ http://localhost:4300/_next/static/chunks/ee53c_next_dist_client_e5d7a3._.js:13665
[ 1667931ms] [LOG] [Fast Refresh] rebuilding @ http://localhost:4300/_next/static/chunks/ee53c_next_dist_client_e5d7a3._.js:13665
[ 1667931ms] [LOG] [Fast Refresh] rebuilding @ http://localhost:4300/_next/static/chunks/ee53c_next_dist_client_e5d7a3._.js:13665
[ 1667932ms] [LOG] [Fast Refresh] rebuilding @ http://localhost:4300/_next/static/chunks/ee53c_next_dist_client_e5d7a3._.js:13665
[ 1667932ms] [LOG] [Fast Refresh] rebuilding @ http://localhost:4300/_next/static/chunks/ee53c_next_dist_client_e5d7a3._.js:13665
[ 1667932ms] [LOG] [Fast Refresh] rebuilding @ http://localhost:4300/_next/static/chunks/ee53c_next_dist_client_e5d7a3._.js:13665
[ 1667933ms] [LOG] [Fast Refresh] rebuilding @ http://localhost:4300/_next/static/chunks/ee53c_next_dist_client_e5d7a3._.js:13665
[ 1667933ms] [LOG] [Fast Refresh] rebuilding @ http://localhost:4300/_next/static/chunks/ee53c_next_dist_client_e5d7a3._.js:13665
[ 1667933ms] [LOG] [Fast Refresh] rebuilding @ http://localhost:4300/_next/static/chunks/ee53c_next_dist_client_e5d7a3._.js:13665
[ 1667934ms] [LOG] [Fast Refresh] rebuilding @ http://localhost:4300/_next/static/chunks/ee53c_next_dist_client_e5d7a3._.js:13665
[ 1667935ms] [LOG] [Fast Refresh] rebuilding @ http://localhost:4300/_next/static/chunks/ee53c_next_dist_client_e5d7a3._.js:13665
[ 1667936ms] [LOG] [Fast Refresh] rebuilding @ http://localhost:4300/_next/static/chunks/ee53c_next_dist_client_e5d7a3._.js:13665
[ 1667936ms] [LOG] [Fast Refresh] rebuilding @ http://localhost:4300/_next/static/chunks/ee53c_next_dist_client_e5d7a3._.js:13665
[ 1667937ms] [LOG] [Fast Refresh] rebuilding @ http://localhost:4300/_next/static/chunks/ee53c_next_dist_client_e5d7a3._.js:13665
[ 1667937ms] [LOG] [Fast Refresh] rebuilding @ http://localhost:4300/_next/static/chunks/ee53c_next_dist_client_e5d7a3._.js:13665
[ 1667938ms] [LOG] [Fast Refresh] rebuilding @ http://localhost:4300/_next/static/chunks/ee53c_next_dist_client_e5d7a3._.js:13665
[ 1667938ms] [LOG] [Fast Refresh] rebuilding @ http://localhost:4300/_next/static/chunks/ee53c_next_dist_client_e5d7a3._.js:13665
[ 1667938ms] [LOG] [Fast Refresh] rebuilding @ http://localhost:4300/_next/static/chunks/ee53c_next_dist_client_e5d7a3._.js:13665
[ 1667938ms] [LOG] [Fast Refresh] rebuilding @ http://localhost:4300/_next/static/chunks/ee53c_next_dist_client_e5d7a3._.js:13665
[ 1667939ms] [LOG] [Fast Refresh] rebuilding @ http://localhost:4300/_next/static/chunks/ee53c_next_dist_client_e5d7a3._.js:13665
[ 1667939ms] [LOG] [Fast Refresh] rebuilding @ http://localhost:4300/_next/static/chunks/ee53c_next_dist_client_e5d7a3._.js:13665
[ 1667939ms] [LOG] [Fast Refresh] rebuilding @ http://localhost:4300/_next/static/chunks/ee53c_next_dist_client_e5d7a3._.js:13665
[ 1667939ms] [LOG] [Fast Refresh] rebuilding @ http://localhost:4300/_next/static/chunks/ee53c_next_dist_client_e5d7a3._.js:13665
[ 1667940ms] [LOG] [Fast Refresh] rebuilding @ http://localhost:4300/_next/static/chunks/ee53c_next_dist_client_e5d7a3._.js:13665
[ 1667940ms] [LOG] [Fast Refresh] rebuilding @ http://localhost:4300/_next/static/chunks/ee53c_next_dist_client_e5d7a3._.js:13665
[ 1667940ms] [LOG] [Fast Refresh] rebuilding @ http://localhost:4300/_next/static/chunks/ee53c_next_dist_client_e5d7a3._.js:13665
[ 1667940ms] [LOG] [Fast Refresh] rebuilding @ http://localhost:4300/_next/static/chunks/ee53c_next_dist_client_e5d7a3._.js:13665
[ 1667940ms] [LOG] [Fast Refresh] rebuilding @ http://localhost:4300/_next/static/chunks/ee53c_next_dist_client_e5d7a3._.js:13665
[ 1667941ms] [LOG] [Fast Refresh] rebuilding @ http://localhost:4300/_next/static/chunks/ee53c_next_dist_client_e5d7a3._.js:13665
[ 1667941ms] [LOG] [Fast Refresh] rebuilding @ http://localhost:4300/_next/static/chunks/ee53c_next_dist_client_e5d7a3._.js:13665
[ 1667941ms] [LOG] [Fast Refresh] rebuilding @ http://localhost:4300/_next/static/chunks/ee53c_next_dist_client_e5d7a3._.js:13665
[ 1667942ms] [LOG] [Fast Refresh] rebuilding @ http://localhost:4300/_next/static/chunks/ee53c_next_dist_client_e5d7a3._.js:13665
[ 1667942ms] [LOG] [Fast Refresh] rebuilding @ http://localhost:4300/_next/static/chunks/ee53c_next_dist_client_e5d7a3._.js:13665
[ 1667942ms] [LOG] [Fast Refresh] rebuilding @ http://localhost:4300/_next/static/chunks/ee53c_next_dist_client_e5d7a3._.js:13665
[ 1667942ms] [LOG] [Fast Refresh] rebuilding @ http://localhost:4300/_next/static/chunks/ee53c_next_dist_client_e5d7a3._.js:13665
[ 1667943ms] [LOG] [Fast Refresh] rebuilding @ http://localhost:4300/_next/static/chunks/ee53c_next_dist_client_e5d7a3._.js:13665
[ 1667943ms] [LOG] [Fast Refresh] rebuilding @ http://localhost:4300/_next/static/chunks/ee53c_next_dist_client_e5d7a3._.js:13665
[ 1667943ms] [LOG] [Fast Refresh] rebuilding @ http://localhost:4300/_next/static/chunks/ee53c_next_dist_client_e5d7a3._.js:13665
[ 1667944ms] [LOG] [Fast Refresh] rebuilding @ http://localhost:4300/_next/static/chunks/ee53c_next_dist_client_e5d7a3._.js:13665
[ 1667944ms] [LOG] [Fast Refresh] rebuilding @ http://localhost:4300/_next/static/chunks/ee53c_next_dist_client_e5d7a3._.js:13665
[ 1667944ms] [LOG] [Fast Refresh] rebuilding @ http://localhost:4300/_next/static/chunks/ee53c_next_dist_client_e5d7a3._.js:13665
[ 1667945ms] [LOG] [Fast Refresh] rebuilding @ http://localhost:4300/_next/static/chunks/ee53c_next_dist_client_e5d7a3._.js:13665
[ 1667945ms] [LOG] [Fast Refresh] rebuilding @ http://localhost:4300/_next/static/chunks/ee53c_next_dist_client_e5d7a3._.js:13665
[ 1667946ms] [LOG] [Fast Refresh] rebuilding @ http://localhost:4300/_next/static/chunks/ee53c_next_dist_client_e5d7a3._.js:13665
[ 1667946ms] [LOG] [Fast Refresh] rebuilding @ http://localhost:4300/_next/static/chunks/ee53c_next_dist_client_e5d7a3._.js:13665
[ 1667947ms] [LOG] [Fast Refresh] rebuilding @ http://localhost:4300/_next/static/chunks/ee53c_next_dist_client_e5d7a3._.js:13665
[ 1667947ms] [LOG] [Fast Refresh] rebuilding @ http://localhost:4300/_next/static/chunks/ee53c_next_dist_client_e5d7a3._.js:13665
[ 1672674ms] [LOG] [Fast Refresh] rebuilding @ http://localhost:4300/_next/static/chunks/ee53c_next_dist_client_e5d7a3._.js:13665
[ 1672674ms] [LOG] [Fast Refresh] rebuilding @ http://localhost:4300/_next/static/chunks/ee53c_next_dist_client_e5d7a3._.js:13665
[ 1672674ms] [LOG] [Fast Refresh] rebuilding @ http://localhost:4300/_next/static/chunks/ee53c_next_dist_client_e5d7a3._.js:13665
[ 1672675ms] [LOG] [Fast Refresh] rebuilding @ http://localhost:4300/_next/static/chunks/ee53c_next_dist_client_e5d7a3._.js:13665
[ 1672675ms] [LOG] [Fast Refresh] rebuilding @ http://localhost:4300/_next/static/chunks/ee53c_next_dist_client_e5d7a3._.js:13665
[ 1672675ms] [LOG] [Fast Refresh] rebuilding @ http://localhost:4300/_next/static/chunks/ee53c_next_dist_client_e5d7a3._.js:13665
[ 1672675ms] [LOG] [Fast Refresh] rebuilding @ http://localhost:4300/_next/static/chunks/ee53c_next_dist_client_e5d7a3._.js:13665
[ 1672676ms] [LOG] [Fast Refresh] rebuilding @ http://localhost:4300/_next/static/chunks/ee53c_next_dist_client_e5d7a3._.js:13665
[ 1672676ms] [LOG] [Fast Refresh] rebuilding @ http://localhost:4300/_next/static/chunks/ee53c_next_dist_client_e5d7a3._.js:13665
[ 1672676ms] [LOG] [Fast Refresh] rebuilding @ http://localhost:4300/_next/static/chunks/ee53c_next_dist_client_e5d7a3._.js:13665
[ 1672676ms] [LOG] [Fast Refresh] rebuilding @ http://localhost:4300/_next/static/chunks/ee53c_next_dist_client_e5d7a3._.js:13665
[ 1672676ms] [LOG] [Fast Refresh] rebuilding @ http://localhost:4300/_next/static/chunks/ee53c_next_dist_client_e5d7a3._.js:13665
[ 1672677ms] [LOG] [Fast Refresh] rebuilding @ http://localhost:4300/_next/static/chunks/ee53c_next_dist_client_e5d7a3._.js:13665
[ 1672677ms] [LOG] [Fast Refresh] rebuilding @ http://localhost:4300/_next/static/chunks/ee53c_next_dist_client_e5d7a3._.js:13665
[ 1672678ms] [LOG] [Fast Refresh] rebuilding @ http://localhost:4300/_next/static/chunks/ee53c_next_dist_client_e5d7a3._.js:13665
[ 1672679ms] [LOG] [Fast Refresh] rebuilding @ http://localhost:4300/_next/static/chunks/ee53c_next_dist_client_e5d7a3._.js:13665
[ 1679583ms] [LOG] [Fast Refresh] rebuilding @ http://localhost:4300/_next/static/chunks/ee53c_next_dist_client_e5d7a3._.js:13665
[ 1679585ms] [LOG] [Fast Refresh] rebuilding @ http://localhost:4300/_next/static/chunks/ee53c_next_dist_client_e5d7a3._.js:13665
[ 1679586ms] [LOG] [Fast Refresh] rebuilding @ http://localhost:4300/_next/static/chunks/ee53c_next_dist_client_e5d7a3._.js:13665
[ 1679587ms] [LOG] [Fast Refresh] rebuilding @ http://localhost:4300/_next/static/chunks/ee53c_next_dist_client_e5d7a3._.js:13665
[ 1679589ms] [LOG] [Fast Refresh] rebuilding @ http://localhost:4300/_next/static/chunks/ee53c_next_dist_client_e5d7a3._.js:13665
[ 1679591ms] [LOG] [Fast Refresh] rebuilding @ http://localhost:4300/_next/static/chunks/ee53c_next_dist_client_e5d7a3._.js:13665
[ 1679591ms] [LOG] [Fast Refresh] rebuilding @ http://localhost:4300/_next/static/chunks/ee53c_next_dist_client_e5d7a3._.js:13665
[ 1679592ms] [LOG] [Fast Refresh] rebuilding @ http://localhost:4300/_next/static/chunks/ee53c_next_dist_client_e5d7a3._.js:13665
[ 1679593ms] [LOG] [Fast Refresh] rebuilding @ http://localhost:4300/_next/static/chunks/ee53c_next_dist_client_e5d7a3._.js:13665
[ 1679595ms] [LOG] [Fast Refresh] rebuilding @ http://localhost:4300/_next/static/chunks/ee53c_next_dist_client_e5d7a3._.js:13665
[ 1679596ms] [LOG] [Fast Refresh] rebuilding @ http://localhost:4300/_next/static/chunks/ee53c_next_dist_client_e5d7a3._.js:13665
[ 1679597ms] [LOG] [Fast Refresh] rebuilding @ http://localhost:4300/_next/static/chunks/ee53c_next_dist_client_e5d7a3._.js:13665
[ 1679598ms] [LOG] [Fast Refresh] rebuilding @ http://localhost:4300/_next/static/chunks/ee53c_next_dist_client_e5d7a3._.js:13665
[ 1679600ms] [LOG] [Fast Refresh] rebuilding @ http://localhost:4300/_next/static/chunks/ee53c_next_dist_client_e5d7a3._.js:13665
[ 1679646ms] [LOG] [Fast Refresh] rebuilding @ http://localhost:4300/_next/static/chunks/ee53c_next_dist_client_e5d7a3._.js:13665
[ 1680113ms] [LOG] [Fast Refresh] rebuilding @ http://localhost:4300/_next/static/chunks/ee53c_next_dist_client_e5d7a3._.js:13665
[ 1680120ms] [LOG] [Fast Refresh] rebuilding @ http://localhost:4300/_next/static/chunks/ee53c_next_dist_client_e5d7a3._.js:13665
[ 1680234ms] [LOG] [Fast Refresh] rebuilding @ http://localhost:4300/_next/static/chunks/ee53c_next_dist_client_e5d7a3._.js:13665
[ 1680244ms] [LOG] [Fast Refresh] rebuilding @ http://localhost:4300/_next/static/chunks/ee53c_next_dist_client_e5d7a3._.js:13665
[ 1680250ms] [LOG] [Fast Refresh] rebuilding @ http://localhost:4300/_next/static/chunks/ee53c_next_dist_client_e5d7a3._.js:13665
[ 1680254ms] [LOG] [Fast Refresh] rebuilding @ http://localhost:4300/_next/static/chunks/ee53c_next_dist_client_e5d7a3._.js:13665
[ 1680258ms] [LOG] [Fast Refresh] rebuilding @ http://localhost:4300/_next/static/chunks/ee53c_next_dist_client_e5d7a3._.js:13665
[ 1680262ms] [LOG] [Fast Refresh] rebuilding @ http://localhost:4300/_next/static/chunks/ee53c_next_dist_client_e5d7a3._.js:13665
[ 1682674ms] [LOG] [Fast Refresh] rebuilding @ http://localhost:4300/_next/static/chunks/ee53c_next_dist_client_e5d7a3._.js:13665
[ 1682697ms] [LOG] [Fast Refresh] rebuilding @ http://localhost:4300/_next/static/chunks/ee53c_next_dist_client_e5d7a3._.js:13665
[ 1682701ms] [LOG] [Fast Refresh] rebuilding @ http://localhost:4300/_next/static/chunks/ee53c_next_dist_client_e5d7a3._.js:13665
[ 1682750ms] [LOG] [Fast Refresh] rebuilding @ http://localhost:4300/_next/static/chunks/ee53c_next_dist_client_e5d7a3._.js:13665
[ 1682760ms] [LOG] [Fast Refresh] rebuilding @ http://localhost:4300/_next/static/chunks/ee53c_next_dist_client_e5d7a3._.js:13665
[ 1682765ms] [LOG] [Fast Refresh] rebuilding @ http://localhost:4300/_next/static/chunks/ee53c_next_dist_client_e5d7a3._.js:13665
[ 1682777ms] [LOG] [Fast Refresh] rebuilding @ http://localhost:4300/_next/static/chunks/ee53c_next_dist_client_e5d7a3._.js:13665
[ 1682783ms] [LOG] [Fast Refresh] rebuilding @ http://localhost:4300/_next/static/chunks/ee53c_next_dist_client_e5d7a3._.js:13665
[ 1682793ms] [LOG] [Fast Refresh] rebuilding @ http://localhost:4300/_next/static/chunks/ee53c_next_dist_client_e5d7a3._.js:13665
[ 1682799ms] [LOG] [Fast Refresh] rebuilding @ http://localhost:4300/_next/static/chunks/ee53c_next_dist_client_e5d7a3._.js:13665
[ 1682800ms] [LOG] [Fast Refresh] rebuilding @ http://localhost:4300/_next/static/chunks/ee53c_next_dist_client_e5d7a3._.js:13665
[ 1682800ms] [LOG] [Fast Refresh] rebuilding @ http://localhost:4300/_next/static/chunks/ee53c_next_dist_client_e5d7a3._.js:13665
[ 1682800ms] [LOG] [Fast Refresh] rebuilding @ http://localhost:4300/_next/static/chunks/ee53c_next_dist_client_e5d7a3._.js:13665
[ 1682801ms] [LOG] [Fast Refresh] rebuilding @ http://localhost:4300/_next/static/chunks/ee53c_next_dist_client_e5d7a3._.js:13665
[ 1682801ms] [LOG] [Fast Refresh] rebuilding @ http://localhost:4300/_next/static/chunks/ee53c_next_dist_client_e5d7a3._.js:13665
[ 1682801ms] [LOG] [Fast Refresh] rebuilding @ http://localhost:4300/_next/static/chunks/ee53c_next_dist_client_e5d7a3._.js:13665
[ 1682802ms] [LOG] [Fast Refresh] rebuilding @ http://localhost:4300/_next/static/chunks/ee53c_next_dist_client_e5d7a3._.js:13665
[ 1682804ms] [LOG] [Fast Refresh] rebuilding @ http://localhost:4300/_next/static/chunks/ee53c_next_dist_client_e5d7a3._.js:13665
[ 1682805ms] [LOG] [Fast Refresh] rebuilding @ http://localhost:4300/_next/static/chunks/ee53c_next_dist_client_e5d7a3._.js:13665
[ 1682813ms] [LOG] [Fast Refresh] rebuilding @ http://localhost:4300/_next/static/chunks/ee53c_next_dist_client_e5d7a3._.js:13665
[ 1682813ms] [LOG] [Fast Refresh] rebuilding @ http://localhost:4300/_next/static/chunks/ee53c_next_dist_client_e5d7a3._.js:13665
[ 1682814ms] [LOG] [Fast Refresh] rebuilding @ http://localhost:4300/_next/static/chunks/ee53c_next_dist_client_e5d7a3._.js:13665
[ 1682815ms] [LOG] [Fast Refresh] rebuilding @ http://localhost:4300/_next/static/chunks/ee53c_next_dist_client_e5d7a3._.js:13665
[ 1682815ms] [LOG] [Fast Refresh] rebuilding @ http://localhost:4300/_next/static/chunks/ee53c_next_dist_client_e5d7a3._.js:13665
[ 1682816ms] [LOG] [Fast Refresh] rebuilding @ http://localhost:4300/_next/static/chunks/ee53c_next_dist_client_e5d7a3._.js:13665
[ 1682816ms] [LOG] [Fast Refresh] rebuilding @ http://localhost:4300/_next/static/chunks/ee53c_next_dist_client_e5d7a3._.js:13665
[ 1682817ms] [LOG] [Fast Refresh] rebuilding @ http://localhost:4300/_next/static/chunks/ee53c_next_dist_client_e5d7a3._.js:13665
[ 1682817ms] [LOG] [Fast Refresh] rebuilding @ http://localhost:4300/_next/static/chunks/ee53c_next_dist_client_e5d7a3._.js:13665
[ 1682818ms] [LOG] [Fast Refresh] rebuilding @ http://localhost:4300/_next/static/chunks/ee53c_next_dist_client_e5d7a3._.js:13665
[ 1682818ms] [LOG] [Fast Refresh] rebuilding @ http://localhost:4300/_next/static/chunks/ee53c_next_dist_client_e5d7a3._.js:13665
[ 1682818ms] [LOG] [Fast Refresh] rebuilding @ http://localhost:4300/_next/static/chunks/ee53c_next_dist_client_e5d7a3._.js:13665
[ 1682819ms] [LOG] [Fast Refresh] rebuilding @ http://localhost:4300/_next/static/chunks/ee53c_next_dist_client_e5d7a3._.js:13665
[ 1682819ms] [LOG] [Fast Refresh] rebuilding @ http://localhost:4300/_next/static/chunks/ee53c_next_dist_client_e5d7a3._.js:13665
[ 1682820ms] [LOG] [Fast Refresh] rebuilding @ http://localhost:4300/_next/static/chunks/ee53c_next_dist_client_e5d7a3._.js:13665
[ 1682820ms] [LOG] [Fast Refresh] rebuilding @ http://localhost:4300/_next/static/chunks/ee53c_next_dist_client_e5d7a3._.js:13665
[ 1682820ms] [LOG] [Fast Refresh] rebuilding @ http://localhost:4300/_next/static/chunks/ee53c_next_dist_client_e5d7a3._.js:13665
[ 1682821ms] [LOG] [Fast Refresh] rebuilding @ http://localhost:4300/_next/static/chunks/ee53c_next_dist_client_e5d7a3._.js:13665
[ 1682821ms] [LOG] [Fast Refresh] rebuilding @ http://localhost:4300/_next/static/chunks/ee53c_next_dist_client_e5d7a3._.js:13665
[ 1682821ms] [LOG] [Fast Refresh] rebuilding @ http://localhost:4300/_next/static/chunks/ee53c_next_dist_client_e5d7a3._.js:13665
[ 1682821ms] [LOG] [Fast Refresh] rebuilding @ http://localhost:4300/_next/static/chunks/ee53c_next_dist_client_e5d7a3._.js:13665
[ 1682824ms] [LOG] [Fast Refresh] rebuilding @ http://localhost:4300/_next/static/chunks/ee53c_next_dist_client_e5d7a3._.js:13665
[ 1682824ms] [LOG] [Fast Refresh] rebuilding @ http://localhost:4300/_next/static/chunks/ee53c_next_dist_client_e5d7a3._.js:13665
[ 1682825ms] [LOG] [Fast Refresh] rebuilding @ http://localhost:4300/_next/static/chunks/ee53c_next_dist_client_e5d7a3._.js:13665
[ 1682825ms] [LOG] [Fast Refresh] rebuilding @ http://localhost:4300/_next/static/chunks/ee53c_next_dist_client_e5d7a3._.js:13665
[ 1682825ms] [LOG] [Fast Refresh] rebuilding @ http://localhost:4300/_next/static/chunks/ee53c_next_dist_client_e5d7a3._.js:13665
[ 1682825ms] [LOG] [Fast Refresh] rebuilding @ http://localhost:4300/_next/static/chunks/ee53c_next_dist_client_e5d7a3._.js:13665
[ 1682826ms] [LOG] [Fast Refresh] rebuilding @ http://localhost:4300/_next/static/chunks/ee53c_next_dist_client_e5d7a3._.js:13665
[ 1682826ms] [LOG] [Fast Refresh] rebuilding @ http://localhost:4300/_next/static/chunks/ee53c_next_dist_client_e5d7a3._.js:13665
[ 1682827ms] [LOG] [Fast Refresh] rebuilding @ http://localhost:4300/_next/static/chunks/ee53c_next_dist_client_e5d7a3._.js:13665
[ 1682827ms] [LOG] [Fast Refresh] rebuilding @ http://localhost:4300/_next/static/chunks/ee53c_next_dist_client_e5d7a3._.js:13665
[ 1682828ms] [LOG] [Fast Refresh] rebuilding @ http://localhost:4300/_next/static/chunks/ee53c_next_dist_client_e5d7a3._.js:13665
[ 1682829ms] [LOG] [Fast Refresh] rebuilding @ http://localhost:4300/_next/static/chunks/ee53c_next_dist_client_e5d7a3._.js:13665
[ 1682830ms] [LOG] [Fast Refresh] rebuilding @ http://localhost:4300/_next/static/chunks/ee53c_next_dist_client_e5d7a3._.js:13665
[ 1682830ms] [LOG] [Fast Refresh] rebuilding @ http://localhost:4300/_next/static/chunks/ee53c_next_dist_client_e5d7a3._.js:13665
[ 1682831ms] [LOG] [Fast Refresh] rebuilding @ http://localhost:4300/_next/static/chunks/ee53c_next_dist_client_e5d7a3._.js:13665
[ 1682831ms] [LOG] [Fast Refresh] rebuilding @ http://localhost:4300/_next/static/chunks/ee53c_next_dist_client_e5d7a3._.js:13665
[ 1682831ms] [LOG] [Fast Refresh] rebuilding @ http://localhost:4300/_next/static/chunks/ee53c_next_dist_client_e5d7a3._.js:13665
[ 1682832ms] [LOG] [Fast Refresh] rebuilding @ http://localhost:4300/_next/static/chunks/ee53c_next_dist_client_e5d7a3._.js:13665
[ 1682834ms] [LOG] [Fast Refresh] rebuilding @ http://localhost:4300/_next/static/chunks/ee53c_next_dist_client_e5d7a3._.js:13665
[ 1682835ms] [LOG] [Fast Refresh] rebuilding @ http://localhost:4300/_next/static/chunks/ee53c_next_dist_client_e5d7a3._.js:13665
[ 1682836ms] [LOG] [Fast Refresh] rebuilding @ http://localhost:4300/_next/static/chunks/ee53c_next_dist_client_e5d7a3._.js:13665
[ 1682844ms] [LOG] [Fast Refresh] rebuilding @ http://localhost:4300/_next/static/chunks/ee53c_next_dist_client_e5d7a3._.js:13665
[ 1688103ms] [ERROR] Failed to load resource: the server responded with a status of 404 (Not Found) @ http://localhost:4300/sequences/hero/0015.webp:0
[ 1688108ms] [LOG] [Fast Refresh] rebuilding @ http://localhost:4300/_next/static/chunks/ee53c_next_dist_client_e5d7a3._.js:13665
[ 1688110ms] [LOG] [Fast Refresh] rebuilding @ http://localhost:4300/_next/static/chunks/ee53c_next_dist_client_e5d7a3._.js:13665
[ 1688111ms] [LOG] [Fast Refresh] rebuilding @ http://localhost:4300/_next/static/chunks/ee53c_next_dist_client_e5d7a3._.js:13665
[ 1688112ms] [LOG] [Fast Refresh] rebuilding @ http://localhost:4300/_next/static/chunks/ee53c_next_dist_client_e5d7a3._.js:13665
[ 1688113ms] [LOG] [Fast Refresh] rebuilding @ http://localhost:4300/_next/static/chunks/ee53c_next_dist_client_e5d7a3._.js:13665
[ 1688113ms] [LOG] [Fast Refresh] rebuilding @ http://localhost:4300/_next/static/chunks/ee53c_next_dist_client_e5d7a3._.js:13665
[ 1688114ms] [LOG] [Fast Refresh] rebuilding @ http://localhost:4300/_next/static/chunks/ee53c_next_dist_client_e5d7a3._.js:13665
[ 1688115ms] [LOG] [Fast Refresh] rebuilding @ http://localhost:4300/_next/static/chunks/ee53c_next_dist_client_e5d7a3._.js:13665
[ 1688116ms] [LOG] [Fast Refresh] rebuilding @ http://localhost:4300/_next/static/chunks/ee53c_next_dist_client_e5d7a3._.js:13665
[ 1688116ms] [LOG] [Fast Refresh] rebuilding @ http://localhost:4300/_next/static/chunks/ee53c_next_dist_client_e5d7a3._.js:13665
[ 1688116ms] [LOG] [Fast Refresh] rebuilding @ http://localhost:4300/_next/static/chunks/ee53c_next_dist_client_e5d7a3._.js:13665
[ 1688117ms] [LOG] [Fast Refresh] rebuilding @ http://localhost:4300/_next/static/chunks/ee53c_next_dist_client_e5d7a3._.js:13665
[ 1688117ms] [LOG] [Fast Refresh] rebuilding @ http://localhost:4300/_next/static/chunks/ee53c_next_dist_client_e5d7a3._.js:13665
[ 1688118ms] [LOG] [Fast Refresh] rebuilding @ http://localhost:4300/_next/static/chunks/ee53c_next_dist_client_e5d7a3._.js:13665
[ 1688119ms] [LOG] [Fast Refresh] rebuilding @ http://localhost:4300/_next/static/chunks/ee53c_next_dist_client_e5d7a3._.js:13665
[ 1688120ms] [LOG] [Fast Refresh] rebuilding @ http://localhost:4300/_next/static/chunks/ee53c_next_dist_client_e5d7a3._.js:13665
[ 1688120ms] [LOG] [Fast Refresh] rebuilding @ http://localhost:4300/_next/static/chunks/ee53c_next_dist_client_e5d7a3._.js:13665
[ 1688120ms] [LOG] [Fast Refresh] rebuilding @ http://localhost:4300/_next/static/chunks/ee53c_next_dist_client_e5d7a3._.js:13665
[ 1688121ms] [LOG] [Fast Refresh] rebuilding @ http://localhost:4300/_next/static/chunks/ee53c_next_dist_client_e5d7a3._.js:13665
[ 1688121ms] [LOG] [Fast Refresh] rebuilding @ http://localhost:4300/_next/static/chunks/ee53c_next_dist_client_e5d7a3._.js:13665
[ 1688121ms] [LOG] [Fast Refresh] rebuilding @ http://localhost:4300/_next/static/chunks/ee53c_next_dist_client_e5d7a3._.js:13665
[ 1688122ms] [LOG] [Fast Refresh] rebuilding @ http://localhost:4300/_next/static/chunks/ee53c_next_dist_client_e5d7a3._.js:13665
[ 1688123ms] [LOG] [Fast Refresh] rebuilding @ http://localhost:4300/_next/static/chunks/ee53c_next_dist_client_e5d7a3._.js:13665
[ 1688123ms] [LOG] [Fast Refresh] rebuilding @ http://localhost:4300/_next/static/chunks/ee53c_next_dist_client_e5d7a3._.js:13665
[ 1688123ms] [LOG] [Fast Refresh] rebuilding @ http://localhost:4300/_next/static/chunks/ee53c_next_dist_client_e5d7a3._.js:13665
[ 1688124ms] [LOG] [Fast Refresh] rebuilding @ http://localhost:4300/_next/static/chunks/ee53c_next_dist_client_e5d7a3._.js:13665
[ 1688124ms] [LOG] [Fast Refresh] rebuilding @ http://localhost:4300/_next/static/chunks/ee53c_next_dist_client_e5d7a3._.js:13665
[ 1688125ms] [LOG] [Fast Refresh] rebuilding @ http://localhost:4300/_next/static/chunks/ee53c_next_dist_client_e5d7a3._.js:13665
[ 1688127ms] [LOG] [Fast Refresh] rebuilding @ http://localhost:4300/_next/static/chunks/ee53c_next_dist_client_e5d7a3._.js:13665
[ 1688128ms] [LOG] [Fast Refresh] rebuilding @ http://localhost:4300/_next/static/chunks/ee53c_next_dist_client_e5d7a3._.js:13665
[ 1688129ms] [LOG] [Fast Refresh] rebuilding @ http://localhost:4300/_next/static/chunks/ee53c_next_dist_client_e5d7a3._.js:13665
[ 1688130ms] [LOG] [Fast Refresh] rebuilding @ http://localhost:4300/_next/static/chunks/ee53c_next_dist_client_e5d7a3._.js:13665
[ 1688131ms] [LOG] [Fast Refresh] rebuilding @ http://localhost:4300/_next/static/chunks/ee53c_next_dist_client_e5d7a3._.js:13665
[ 1688131ms] [LOG] [Fast Refresh] rebuilding @ http://localhost:4300/_next/static/chunks/ee53c_next_dist_client_e5d7a3._.js:13665
[ 1688131ms] [LOG] [Fast Refresh] rebuilding @ http://localhost:4300/_next/static/chunks/ee53c_next_dist_client_e5d7a3._.js:13665
[ 1692893ms] [LOG] [Fast Refresh] rebuilding @ http://localhost:4300/_next/static/chunks/ee53c_next_dist_client_e5d7a3._.js:13665
[ 1692904ms] [LOG] [Fast Refresh] rebuilding @ http://localhost:4300/_next/static/chunks/ee53c_next_dist_client_e5d7a3._.js:13665
[ 1701183ms] [ERROR] Failed to load resource: the server responded with a status of 404 (Not Found) @ http://localhost:4300/sequences/hero/0019.webp:0
[ 1701183ms] [ERROR] Failed to load resource: the server responded with a status of 404 (Not Found) @ http://localhost:4300/sequences/hero/0035.webp:0
[ 1701184ms] [ERROR] Failed to load resource: the server responded with a status of 404 (Not Found) @ http://localhost:4300/sequences/hero/0031.webp:0
[ 1701185ms] [ERROR] Failed to load resource: the server responded with a status of 404 (Not Found) @ http://localhost:4300/sequences/hero/0023.webp:0
[ 1701186ms] [ERROR] Failed to load resource: the server responded with a status of 404 (Not Found) @ http://localhost:4300/sequences/hero/0027.webp:0
[ 1701186ms] [ERROR] Failed to load resource: the server responded with a status of 404 (Not Found) @ http://localhost:4300/sequences/hero/0039.webp:0
[ 1701195ms] [LOG] [Fast Refresh] rebuilding @ http://localhost:4300/_next/static/chunks/ee53c_next_dist_client_e5d7a3._.js:13665
[ 1701195ms] [LOG] [Fast Refresh] rebuilding @ http://localhost:4300/_next/static/chunks/ee53c_next_dist_client_e5d7a3._.js:13665
[ 1701196ms] [LOG] [Fast Refresh] rebuilding @ http://localhost:4300/_next/static/chunks/ee53c_next_dist_client_e5d7a3._.js:13665
[ 1701197ms] [LOG] [Fast Refresh] rebuilding @ http://localhost:4300/_next/static/chunks/ee53c_next_dist_client_e5d7a3._.js:13665
[ 1701197ms] [LOG] [Fast Refresh] rebuilding @ http://localhost:4300/_next/static/chunks/ee53c_next_dist_client_e5d7a3._.js:13665
[ 1701197ms] [LOG] [Fast Refresh] rebuilding @ http://localhost:4300/_next/static/chunks/ee53c_next_dist_client_e5d7a3._.js:13665
[ 1707104ms] [LOG] [Fast Refresh] rebuilding @ http://localhost:4300/_next/static/chunks/ee53c_next_dist_client_e5d7a3._.js:13665
[ 1708294ms] [ERROR] Failed to load resource: the server responded with a status of 404 (Not Found) @ http://localhost:4300/sequences/hero/0043.webp:0
[ 1708295ms] [LOG] [Fast Refresh] rebuilding @ http://localhost:4300/_next/static/chunks/ee53c_next_dist_client_e5d7a3._.js:13665
[ 1708296ms] [LOG] [Fast Refresh] rebuilding @ http://localhost:4300/_next/static/chunks/ee53c_next_dist_client_e5d7a3._.js:13665
[ 1708296ms] [LOG] [Fast Refresh] rebuilding @ http://localhost:4300/_next/static/chunks/ee53c_next_dist_client_e5d7a3._.js:13665
[ 1708296ms] [LOG] [Fast Refresh] rebuilding @ http://localhost:4300/_next/static/chunks/ee53c_next_dist_client_e5d7a3._.js:13665
[ 1708297ms] [LOG] [Fast Refresh] rebuilding @ http://localhost:4300/_next/static/chunks/ee53c_next_dist_client_e5d7a3._.js:13665
[ 1708297ms] [LOG] [Fast Refresh] rebuilding @ http://localhost:4300/_next/static/chunks/ee53c_next_dist_client_e5d7a3._.js:13665
[ 1708298ms] [LOG] [Fast Refresh] rebuilding @ http://localhost:4300/_next/static/chunks/ee53c_next_dist_client_e5d7a3._.js:13665
[ 1708298ms] [LOG] [Fast Refresh] rebuilding @ http://localhost:4300/_next/static/chunks/ee53c_next_dist_client_e5d7a3._.js:13665
[ 1708298ms] [LOG] [Fast Refresh] rebuilding @ http://localhost:4300/_next/static/chunks/ee53c_next_dist_client_e5d7a3._.js:13665
[ 1708298ms] [LOG] [Fast Refresh] rebuilding @ http://localhost:4300/_next/static/chunks/ee53c_next_dist_client_e5d7a3._.js:13665
[ 1708298ms] [LOG] [Fast Refresh] rebuilding @ http://localhost:4300/_next/static/chunks/ee53c_next_dist_client_e5d7a3._.js:13665
[ 1708299ms] [LOG] [Fast Refresh] rebuilding @ http://localhost:4300/_next/static/chunks/ee53c_next_dist_client_e5d7a3._.js:13665
[ 1708299ms] [LOG] [Fast Refresh] rebuilding @ http://localhost:4300/_next/static/chunks/ee53c_next_dist_client_e5d7a3._.js:13665
[ 1708299ms] [LOG] [Fast Refresh] rebuilding @ http://localhost:4300/_next/static/chunks/ee53c_next_dist_client_e5d7a3._.js:13665
[ 1708299ms] [LOG] [Fast Refresh] rebuilding @ http://localhost:4300/_next/static/chunks/ee53c_next_dist_client_e5d7a3._.js:13665
[ 1708299ms] [LOG] [Fast Refresh] rebuilding @ http://localhost:4300/_next/static/chunks/ee53c_next_dist_client_e5d7a3._.js:13665
[ 1708300ms] [LOG] [Fast Refresh] rebuilding @ http://localhost:4300/_next/static/chunks/ee53c_next_dist_client_e5d7a3._.js:13665
[ 1708300ms] [LOG] [Fast Refresh] rebuilding @ http://localhost:4300/_next/static/chunks/ee53c_next_dist_client_e5d7a3._.js:13665
[ 1708300ms] [LOG] [Fast Refresh] rebuilding @ http://localhost:4300/_next/static/chunks/ee53c_next_dist_client_e5d7a3._.js:13665
[ 1708300ms] [LOG] [Fast Refresh] rebuilding @ http://localhost:4300/_next/static/chunks/ee53c_next_dist_client_e5d7a3._.js:13665
[ 1708301ms] [LOG] [Fast Refresh] rebuilding @ http://localhost:4300/_next/static/chunks/ee53c_next_dist_client_e5d7a3._.js:13665
[ 1708301ms] [LOG] [Fast Refresh] rebuilding @ http://localhost:4300/_next/static/chunks/ee53c_next_dist_client_e5d7a3._.js:13665
[ 1708301ms] [LOG] [Fast Refresh] rebuilding @ http://localhost:4300/_next/static/chunks/ee53c_next_dist_client_e5d7a3._.js:13665
[ 1708301ms] [LOG] [Fast Refresh] rebuilding @ http://localhost:4300/_next/static/chunks/ee53c_next_dist_client_e5d7a3._.js:13665
[ 1708301ms] [LOG] [Fast Refresh] rebuilding @ http://localhost:4300/_next/static/chunks/ee53c_next_dist_client_e5d7a3._.js:13665
[ 1708302ms] [LOG] [Fast Refresh] rebuilding @ http://localhost:4300/_next/static/chunks/ee53c_next_dist_client_e5d7a3._.js:13665
[ 1708302ms] [LOG] [Fast Refresh] rebuilding @ http://localhost:4300/_next/static/chunks/ee53c_next_dist_client_e5d7a3._.js:13665
[ 1708302ms] [LOG] [Fast Refresh] rebuilding @ http://localhost:4300/_next/static/chunks/ee53c_next_dist_client_e5d7a3._.js:13665
[ 1708303ms] [LOG] [Fast Refresh] rebuilding @ http://localhost:4300/_next/static/chunks/ee53c_next_dist_client_e5d7a3._.js:13665
[ 1708303ms] [LOG] [Fast Refresh] rebuilding @ http://localhost:4300/_next/static/chunks/ee53c_next_dist_client_e5d7a3._.js:13665
[ 1708303ms] [LOG] [Fast Refresh] rebuilding @ http://localhost:4300/_next/static/chunks/ee53c_next_dist_client_e5d7a3._.js:13665
[ 1708303ms] [LOG] [Fast Refresh] rebuilding @ http://localhost:4300/_next/static/chunks/ee53c_next_dist_client_e5d7a3._.js:13665
[ 1708304ms] [LOG] [Fast Refresh] rebuilding @ http://localhost:4300/_next/static/chunks/ee53c_next_dist_client_e5d7a3._.js:13665
[ 1708304ms] [LOG] [Fast Refresh] rebuilding @ http://localhost:4300/_next/static/chunks/ee53c_next_dist_client_e5d7a3._.js:13665
[ 1708305ms] [LOG] [Fast Refresh] rebuilding @ http://localhost:4300/_next/static/chunks/ee53c_next_dist_client_e5d7a3._.js:13665
[ 1708305ms] [LOG] [Fast Refresh] rebuilding @ http://localhost:4300/_next/static/chunks/ee53c_next_dist_client_e5d7a3._.js:13665
[ 1708305ms] [LOG] [Fast Refresh] rebuilding @ http://localhost:4300/_next/static/chunks/ee53c_next_dist_client_e5d7a3._.js:13665
[ 1708306ms] [LOG] [Fast Refresh] rebuilding @ http://localhost:4300/_next/static/chunks/ee53c_next_dist_client_e5d7a3._.js:13665
[ 1708312ms] [LOG] [Fast Refresh] rebuilding @ http://localhost:4300/_next/static/chunks/ee53c_next_dist_client_e5d7a3._.js:13665
[ 1708312ms] [LOG] [Fast Refresh] rebuilding @ http://localhost:4300/_next/static/chunks/ee53c_next_dist_client_e5d7a3._.js:13665
[ 1708313ms] [LOG] [Fast Refresh] rebuilding @ http://localhost:4300/_next/static/chunks/ee53c_next_dist_client_e5d7a3._.js:13665
[ 1708313ms] [LOG] [Fast Refresh] rebuilding @ http://localhost:4300/_next/static/chunks/ee53c_next_dist_client_e5d7a3._.js:13665
[ 1708341ms] [LOG] [Fast Refresh] rebuilding @ http://localhost:4300/_next/static/chunks/ee53c_next_dist_client_e5d7a3._.js:13665
[ 1708343ms] [LOG] [Fast Refresh] rebuilding @ http://localhost:4300/_next/static/chunks/ee53c_next_dist_client_e5d7a3._.js:13665
[ 1708344ms] [LOG] [Fast Refresh] rebuilding @ http://localhost:4300/_next/static/chunks/ee53c_next_dist_client_e5d7a3._.js:13665
[ 1708345ms] [LOG] [Fast Refresh] rebuilding @ http://localhost:4300/_next/static/chunks/ee53c_next_dist_client_e5d7a3._.js:13665
[ 1708345ms] [LOG] [Fast Refresh] rebuilding @ http://localhost:4300/_next/static/chunks/ee53c_next_dist_client_e5d7a3._.js:13665
[ 1708346ms] [LOG] [Fast Refresh] rebuilding @ http://localhost:4300/_next/static/chunks/ee53c_next_dist_client_e5d7a3._.js:13665
[ 1708346ms] [LOG] [Fast Refresh] rebuilding @ http://localhost:4300/_next/static/chunks/ee53c_next_dist_client_e5d7a3._.js:13665
[ 1708346ms] [LOG] [Fast Refresh] rebuilding @ http://localhost:4300/_next/static/chunks/ee53c_next_dist_client_e5d7a3._.js:13665
[ 1708347ms] [LOG] [Fast Refresh] rebuilding @ http://localhost:4300/_next/static/chunks/ee53c_next_dist_client_e5d7a3._.js:13665
[ 1714229ms] [ERROR] Failed to load resource: the server responded with a status of 404 (Not Found) @ http://localhost:4300/sequences/hero/0051.webp:0
[ 1714229ms] [ERROR] Failed to load resource: the server responded with a status of 404 (Not Found) @ http://localhost:4300/sequences/hero/0063.webp:0
[ 1714230ms] [ERROR] Failed to load resource: the server responded with a status of 404 (Not Found) @ http://localhost:4300/sequences/hero/0047.webp:0
[ 1714230ms] [ERROR] Failed to load resource: the server responded with a status of 404 (Not Found) @ http://localhost:4300/sequences/hero/0067.webp:0
[ 1714231ms] [ERROR] Failed to load resource: the server responded with a status of 404 (Not Found) @ http://localhost:4300/sequences/hero/0059.webp:0
[ 1714231ms] [ERROR] Failed to load resource: the server responded with a status of 404 (Not Found) @ http://localhost:4300/sequences/hero/0055.webp:0
[ 1714234ms] [LOG] [Fast Refresh] rebuilding @ http://localhost:4300/_next/static/chunks/ee53c_next_dist_client_e5d7a3._.js:13665
[ 1714235ms] [LOG] [Fast Refresh] rebuilding @ http://localhost:4300/_next/static/chunks/ee53c_next_dist_client_e5d7a3._.js:13665
[ 1714235ms] [LOG] [Fast Refresh] rebuilding @ http://localhost:4300/_next/static/chunks/ee53c_next_dist_client_e5d7a3._.js:13665
[ 1714236ms] [LOG] [Fast Refresh] rebuilding @ http://localhost:4300/_next/static/chunks/ee53c_next_dist_client_e5d7a3._.js:13665
[ 1714237ms] [LOG] [Fast Refresh] rebuilding @ http://localhost:4300/_next/static/chunks/ee53c_next_dist_client_e5d7a3._.js:13665
[ 1714237ms] [LOG] [Fast Refresh] rebuilding @ http://localhost:4300/_next/static/chunks/ee53c_next_dist_client_e5d7a3._.js:13665
[ 1714237ms] [LOG] [Fast Refresh] rebuilding @ http://localhost:4300/_next/static/chunks/ee53c_next_dist_client_e5d7a3._.js:13665
[ 1714237ms] [LOG] [Fast Refresh] rebuilding @ http://localhost:4300/_next/static/chunks/ee53c_next_dist_client_e5d7a3._.js:13665
[ 1714238ms] [LOG] [Fast Refresh] rebuilding @ http://localhost:4300/_next/static/chunks/ee53c_next_dist_client_e5d7a3._.js:13665
[ 1714238ms] [LOG] [Fast Refresh] rebuilding @ http://localhost:4300/_next/static/chunks/ee53c_next_dist_client_e5d7a3._.js:13665
[ 1714238ms] [LOG] [Fast Refresh] rebuilding @ http://localhost:4300/_next/static/chunks/ee53c_next_dist_client_e5d7a3._.js:13665
[ 1714238ms] [LOG] [Fast Refresh] rebuilding @ http://localhost:4300/_next/static/chunks/ee53c_next_dist_client_e5d7a3._.js:13665
[ 1714238ms] [LOG] [Fast Refresh] rebuilding @ http://localhost:4300/_next/static/chunks/ee53c_next_dist_client_e5d7a3._.js:13665
[ 1714238ms] [LOG] [Fast Refresh] rebuilding @ http://localhost:4300/_next/static/chunks/ee53c_next_dist_client_e5d7a3._.js:13665
[ 1714239ms] [LOG] [Fast Refresh] rebuilding @ http://localhost:4300/_next/static/chunks/ee53c_next_dist_client_e5d7a3._.js:13665
[ 1714239ms] [LOG] [Fast Refresh] rebuilding @ http://localhost:4300/_next/static/chunks/ee53c_next_dist_client_e5d7a3._.js:13665
[ 1714239ms] [LOG] [Fast Refresh] rebuilding @ http://localhost:4300/_next/static/chunks/ee53c_next_dist_client_e5d7a3._.js:13665
[ 1714239ms] [LOG] [Fast Refresh] rebuilding @ http://localhost:4300/_next/static/chunks/ee53c_next_dist_client_e5d7a3._.js:13665
[ 1714240ms] [LOG] [Fast Refresh] rebuilding @ http://localhost:4300/_next/static/chunks/ee53c_next_dist_client_e5d7a3._.js:13665
[ 1714240ms] [LOG] [Fast Refresh] rebuilding @ http://localhost:4300/_next/static/chunks/ee53c_next_dist_client_e5d7a3._.js:13665
[ 1714240ms] [LOG] [Fast Refresh] rebuilding @ http://localhost:4300/_next/static/chunks/ee53c_next_dist_client_e5d7a3._.js:13665
[ 1714240ms] [LOG] [Fast Refresh] rebuilding @ http://localhost:4300/_next/static/chunks/ee53c_next_dist_client_e5d7a3._.js:13665
[ 1714241ms] [LOG] [Fast Refresh] rebuilding @ http://localhost:4300/_next/static/chunks/ee53c_next_dist_client_e5d7a3._.js:13665
[ 1714242ms] [LOG] [Fast Refresh] rebuilding @ http://localhost:4300/_next/static/chunks/ee53c_next_dist_client_e5d7a3._.js:13665
[ 1714242ms] [LOG] [Fast Refresh] rebuilding @ http://localhost:4300/_next/static/chunks/ee53c_next_dist_client_e5d7a3._.js:13665
[ 1714242ms] [LOG] [Fast Refresh] rebuilding @ http://localhost:4300/_next/static/chunks/ee53c_next_dist_client_e5d7a3._.js:13665
[ 1714242ms] [LOG] [Fast Refresh] rebuilding @ http://localhost:4300/_next/static/chunks/ee53c_next_dist_client_e5d7a3._.js:13665
[ 1714243ms] [LOG] [Fast Refresh] rebuilding @ http://localhost:4300/_next/static/chunks/ee53c_next_dist_client_e5d7a3._.js:13665
[ 1714243ms] [LOG] [Fast Refresh] rebuilding @ http://localhost:4300/_next/static/chunks/ee53c_next_dist_client_e5d7a3._.js:13665
[ 1714244ms] [LOG] [Fast Refresh] rebuilding @ http://localhost:4300/_next/static/chunks/ee53c_next_dist_client_e5d7a3._.js:13665
[ 1714285ms] [LOG] [Fast Refresh] rebuilding @ http://localhost:4300/_next/static/chunks/ee53c_next_dist_client_e5d7a3._.js:13665
[ 1714413ms] [LOG] [Fast Refresh] rebuilding @ http://localhost:4300/_next/static/chunks/ee53c_next_dist_client_e5d7a3._.js:13665
[ 1714477ms] [LOG] [Fast Refresh] rebuilding @ http://localhost:4300/_next/static/chunks/ee53c_next_dist_client_e5d7a3._.js:13665
[ 1714552ms] [LOG] [Fast Refresh] rebuilding @ http://localhost:4300/_next/static/chunks/ee53c_next_dist_client_e5d7a3._.js:13665
[ 1714599ms] [LOG] [Fast Refresh] rebuilding @ http://localhost:4300/_next/static/chunks/ee53c_next_dist_client_e5d7a3._.js:13665
[ 1717435ms] [ERROR] Failed to load resource: the server responded with a status of 404 (Not Found) @ http://localhost:4300/sequences/hero/0079.webp:0
[ 1717872ms] [ERROR] Failed to load resource: the server responded with a status of 404 (Not Found) @ http://localhost:4300/sequences/hero/0083.webp:0
[ 1717874ms] [ERROR] Failed to load resource: the server responded with a status of 404 (Not Found) @ http://localhost:4300/sequences/hero/0091.webp:0
[ 1717875ms] [ERROR] Failed to load resource: the server responded with a status of 404 (Not Found) @ http://localhost:4300/sequences/hero/0075.webp:0
[ 1717876ms] [ERROR] Failed to load resource: the server responded with a status of 404 (Not Found) @ http://localhost:4300/sequences/hero/0071.webp:0
[ 1717878ms] [ERROR] Failed to load resource: the server responded with a status of 404 (Not Found) @ http://localhost:4300/sequences/hero/0087.webp:0
[ 1717895ms] [LOG] [Fast Refresh] rebuilding @ http://localhost:4300/_next/static/chunks/ee53c_next_dist_client_e5d7a3._.js:13665
[ 1717901ms] [LOG] [Fast Refresh] rebuilding @ http://localhost:4300/_next/static/chunks/ee53c_next_dist_client_e5d7a3._.js:13665
[ 1717901ms] [LOG] [Fast Refresh] rebuilding @ http://localhost:4300/_next/static/chunks/ee53c_next_dist_client_e5d7a3._.js:13665
[ 1717902ms] [LOG] [Fast Refresh] rebuilding @ http://localhost:4300/_next/static/chunks/ee53c_next_dist_client_e5d7a3._.js:13665
[ 1717906ms] [LOG] [Fast Refresh] rebuilding @ http://localhost:4300/_next/static/chunks/ee53c_next_dist_client_e5d7a3._.js:13665
[ 1717907ms] [LOG] [Fast Refresh] rebuilding @ http://localhost:4300/_next/static/chunks/ee53c_next_dist_client_e5d7a3._.js:13665
[ 1717916ms] [LOG] [Fast Refresh] rebuilding @ http://localhost:4300/_next/static/chunks/ee53c_next_dist_client_e5d7a3._.js:13665
[ 1717916ms] [LOG] [Fast Refresh] rebuilding @ http://localhost:4300/_next/static/chunks/ee53c_next_dist_client_e5d7a3._.js:13665
[ 1717917ms] [LOG] [Fast Refresh] rebuilding @ http://localhost:4300/_next/static/chunks/ee53c_next_dist_client_e5d7a3._.js:13665
[ 1717918ms] [LOG] [Fast Refresh] rebuilding @ http://localhost:4300/_next/static/chunks/ee53c_next_dist_client_e5d7a3._.js:13665
[ 1717918ms] [LOG] [Fast Refresh] rebuilding @ http://localhost:4300/_next/static/chunks/ee53c_next_dist_client_e5d7a3._.js:13665
[ 1717932ms] [LOG] [Fast Refresh] rebuilding @ http://localhost:4300/_next/static/chunks/ee53c_next_dist_client_e5d7a3._.js:13665
[ 1723401ms] [ERROR] Failed to load resource: the server responded with a status of 404 (Not Found) @ http://localhost:4300/sequences/hero/0095.webp:0
[ 1723407ms] [ERROR] Failed to load resource: the server responded with a status of 404 (Not Found) @ http://localhost:4300/sequences/hero/0099.webp:0
[ 1723421ms] [ERROR] Failed to load resource: the server responded with a status of 404 (Not Found) @ http://localhost:4300/sequences/hero/0103.webp:0
[ 1723427ms] [ERROR] Failed to load resource: the server responded with a status of 404 (Not Found) @ http://localhost:4300/sequences/hero/0107.webp:0
[ 1723432ms] [ERROR] Failed to load resource: the server responded with a status of 404 (Not Found) @ http://localhost:4300/sequences/hero/0111.webp:0
[ 1723439ms] [ERROR] Failed to load resource: the server responded with a status of 404 (Not Found) @ http://localhost:4300/sequences/hero/0115.webp:0
[ 1725584ms] [ERROR] Failed to load resource: the server responded with a status of 404 (Not Found) @ http://localhost:4300/sequences/hero/0119.webp:0
[ 1728288ms] [ERROR] Failed to load resource: the server responded with a status of 404 (Not Found) @ http://localhost:4300/sequences/hero/0123.webp:0
[ 1729180ms] [ERROR] Failed to load resource: the server responded with a status of 404 (Not Found) @ http://localhost:4300/sequences/hero/0127.webp:0
[ 1732626ms] [ERROR] Failed to load resource: the server responded with a status of 404 (Not Found) @ http://localhost:4300/sequences/hero/0131.webp:0
[ 1734298ms] [ERROR] Failed to load resource: the server responded with a status of 404 (Not Found) @ http://localhost:4300/sequences/hero/0135.webp:0
[ 1734692ms] [ERROR] Failed to load resource: the server responded with a status of 404 (Not Found) @ http://localhost:4300/sequences/hero/0139.webp:0
[ 1734696ms] [LOG] [Fast Refresh] rebuilding @ http://localhost:4300/_next/static/chunks/ee53c_next_dist_client_e5d7a3._.js:13665
[ 1734722ms] [LOG] [Fast Refresh] rebuilding @ http://localhost:4300/_next/static/chunks/ee53c_next_dist_client_e5d7a3._.js:13665
[ 1734725ms] [LOG] [Fast Refresh] rebuilding @ http://localhost:4300/_next/static/chunks/ee53c_next_dist_client_e5d7a3._.js:13665
[ 1734728ms] [LOG] [Fast Refresh] rebuilding @ http://localhost:4300/_next/static/chunks/ee53c_next_dist_client_e5d7a3._.js:13665
[ 1734732ms] [LOG] [Fast Refresh] rebuilding @ http://localhost:4300/_next/static/chunks/ee53c_next_dist_client_e5d7a3._.js:13665
[ 1734745ms] [LOG] [Fast Refresh] rebuilding @ http://localhost:4300/_next/static/chunks/ee53c_next_dist_client_e5d7a3._.js:13665
[ 1734748ms] [LOG] [Fast Refresh] rebuilding @ http://localhost:4300/_next/static/chunks/ee53c_next_dist_client_e5d7a3._.js:13665
[ 1734752ms] [LOG] [Fast Refresh] rebuilding @ http://localhost:4300/_next/static/chunks/ee53c_next_dist_client_e5d7a3._.js:13665
[ 1734760ms] [LOG] [Fast Refresh] rebuilding @ http://localhost:4300/_next/static/chunks/ee53c_next_dist_client_e5d7a3._.js:13665
[ 1734763ms] [LOG] [Fast Refresh] rebuilding @ http://localhost:4300/_next/static/chunks/ee53c_next_dist_client_e5d7a3._.js:13665
[ 1734770ms] [LOG] [Fast Refresh] rebuilding @ http://localhost:4300/_next/static/chunks/ee53c_next_dist_client_e5d7a3._.js:13665
[ 1734773ms] [LOG] [Fast Refresh] rebuilding @ http://localhost:4300/_next/static/chunks/ee53c_next_dist_client_e5d7a3._.js:13665
[ 1734778ms] [LOG] [Fast Refresh] rebuilding @ http://localhost:4300/_next/static/chunks/ee53c_next_dist_client_e5d7a3._.js:13665
[ 1734782ms] [LOG] [Fast Refresh] rebuilding @ http://localhost:4300/_next/static/chunks/ee53c_next_dist_client_e5d7a3._.js:13665
[ 1734786ms] [LOG] [Fast Refresh] rebuilding @ http://localhost:4300/_next/static/chunks/ee53c_next_dist_client_e5d7a3._.js:13665
[ 1734789ms] [LOG] [Fast Refresh] rebuilding @ http://localhost:4300/_next/static/chunks/ee53c_next_dist_client_e5d7a3._.js:13665
[ 1734793ms] [LOG] [Fast Refresh] rebuilding @ http://localhost:4300/_next/static/chunks/ee53c_next_dist_client_e5d7a3._.js:13665
[ 1734796ms] [LOG] [Fast Refresh] rebuilding @ http://localhost:4300/_next/static/chunks/ee53c_next_dist_client_e5d7a3._.js:13665
[ 1734799ms] [LOG] [Fast Refresh] rebuilding @ http://localhost:4300/_next/static/chunks/ee53c_next_dist_client_e5d7a3._.js:13665
[ 1734809ms] [LOG] [Fast Refresh] rebuilding @ http://localhost:4300/_next/static/chunks/ee53c_next_dist_client_e5d7a3._.js:13665
[ 1734824ms] [LOG] [Fast Refresh] rebuilding @ http://localhost:4300/_next/static/chunks/ee53c_next_dist_client_e5d7a3._.js:13665
[ 1734829ms] [LOG] [Fast Refresh] rebuilding @ http://localhost:4300/_next/static/chunks/ee53c_next_dist_client_e5d7a3._.js:13665
[ 1734831ms] [LOG] [Fast Refresh] rebuilding @ http://localhost:4300/_next/static/chunks/ee53c_next_dist_client_e5d7a3._.js:13665
[ 1734834ms] [LOG] [Fast Refresh] rebuilding @ http://localhost:4300/_next/static/chunks/ee53c_next_dist_client_e5d7a3._.js:13665
[ 1734838ms] [LOG] [Fast Refresh] rebuilding @ http://localhost:4300/_next/static/chunks/ee53c_next_dist_client_e5d7a3._.js:13665
[ 1735129ms] [ERROR] Failed to load resource: the server responded with a status of 404 (Not Found) @ http://localhost:4300/sequences/hero/0143.webp:0
[ 1737248ms] [ERROR] Failed to load resource: the server responded with a status of 404 (Not Found) @ http://localhost:4300/sequences/hero/0002.webp:0
[ 1737328ms] [ERROR] Failed to load resource: the server responded with a status of 404 (Not Found) @ http://localhost:4300/sequences/hero/0006.webp:0
[ 1737329ms] [ERROR] Failed to load resource: the server responded with a status of 404 (Not Found) @ http://localhost:4300/sequences/hero/0147.webp:0
[ 1737329ms] [ERROR] Failed to load resource: the server responded with a status of 404 (Not Found) @ http://localhost:4300/sequences/hero/0004.webp:0
[ 1737330ms] [ERROR] Failed to load resource: the server responded with a status of 404 (Not Found) @ http://localhost:4300/sequences/hero/0008.webp:0
[ 1737331ms] [LOG] [Fast Refresh] rebuilding @ http://localhost:4300/_next/static/chunks/ee53c_next_dist_client_e5d7a3._.js:13665
[ 1737332ms] [LOG] [Fast Refresh] rebuilding @ http://localhost:4300/_next/static/chunks/ee53c_next_dist_client_e5d7a3._.js:13665
[ 1737332ms] [LOG] [Fast Refresh] rebuilding @ http://localhost:4300/_next/static/chunks/ee53c_next_dist_client_e5d7a3._.js:13665
[ 1737333ms] [LOG] [Fast Refresh] rebuilding @ http://localhost:4300/_next/static/chunks/ee53c_next_dist_client_e5d7a3._.js:13665
[ 1737333ms] [LOG] [Fast Refresh] rebuilding @ http://localhost:4300/_next/static/chunks/ee53c_next_dist_client_e5d7a3._.js:13665
[ 1737333ms] [LOG] [Fast Refresh] rebuilding @ http://localhost:4300/_next/static/chunks/ee53c_next_dist_client_e5d7a3._.js:13665
[ 1737341ms] [LOG] [Fast Refresh] rebuilding @ http://localhost:4300/_next/static/chunks/ee53c_next_dist_client_e5d7a3._.js:13665
[ 1737342ms] [LOG] [Fast Refresh] rebuilding @ http://localhost:4300/_next/static/chunks/ee53c_next_dist_client_e5d7a3._.js:13665
[ 1737342ms] [LOG] [Fast Refresh] rebuilding @ http://localhost:4300/_next/static/chunks/ee53c_next_dist_client_e5d7a3._.js:13665
[ 1737342ms] [LOG] [Fast Refresh] rebuilding @ http://localhost:4300/_next/static/chunks/ee53c_next_dist_client_e5d7a3._.js:13665
[ 1737342ms] [LOG] [Fast Refresh] rebuilding @ http://localhost:4300/_next/static/chunks/ee53c_next_dist_client_e5d7a3._.js:13665
[ 1737343ms] [LOG] [Fast Refresh] rebuilding @ http://localhost:4300/_next/static/chunks/ee53c_next_dist_client_e5d7a3._.js:13665
[ 1737344ms] [LOG] [Fast Refresh] rebuilding @ http://localhost:4300/_next/static/chunks/ee53c_next_dist_client_e5d7a3._.js:13665
[ 1737344ms] [LOG] [Fast Refresh] rebuilding @ http://localhost:4300/_next/static/chunks/ee53c_next_dist_client_e5d7a3._.js:13665
[ 1737344ms] [LOG] [Fast Refresh] rebuilding @ http://localhost:4300/_next/static/chunks/ee53c_next_dist_client_e5d7a3._.js:13665
[ 1737345ms] [LOG] [Fast Refresh] rebuilding @ http://localhost:4300/_next/static/chunks/ee53c_next_dist_client_e5d7a3._.js:13665
[ 1737346ms] [LOG] [Fast Refresh] rebuilding @ http://localhost:4300/_next/static/chunks/ee53c_next_dist_client_e5d7a3._.js:13665
[ 1737347ms] [LOG] [Fast Refresh] rebuilding @ http://localhost:4300/_next/static/chunks/ee53c_next_dist_client_e5d7a3._.js:13665
[ 1737347ms] [LOG] [Fast Refresh] rebuilding @ http://localhost:4300/_next/static/chunks/ee53c_next_dist_client_e5d7a3._.js:13665
[ 1737347ms] [LOG] [Fast Refresh] rebuilding @ http://localhost:4300/_next/static/chunks/ee53c_next_dist_client_e5d7a3._.js:13665
[ 1737348ms] [LOG] [Fast Refresh] rebuilding @ http://localhost:4300/_next/static/chunks/ee53c_next_dist_client_e5d7a3._.js:13665
[ 1737349ms] [LOG] [Fast Refresh] rebuilding @ http://localhost:4300/_next/static/chunks/ee53c_next_dist_client_e5d7a3._.js:13665
[ 1737349ms] [LOG] [Fast Refresh] rebuilding @ http://localhost:4300/_next/static/chunks/ee53c_next_dist_client_e5d7a3._.js:13665
[ 1737349ms] [LOG] [Fast Refresh] rebuilding @ http://localhost:4300/_next/static/chunks/ee53c_next_dist_client_e5d7a3._.js:13665
[ 1737349ms] [LOG] [Fast Refresh] rebuilding @ http://localhost:4300/_next/static/chunks/ee53c_next_dist_client_e5d7a3._.js:13665
[ 1737350ms] [LOG] [Fast Refresh] rebuilding @ http://localhost:4300/_next/static/chunks/ee53c_next_dist_client_e5d7a3._.js:13665
[ 1737391ms] [LOG] [Fast Refresh] rebuilding @ http://localhost:4300/_next/static/chunks/ee53c_next_dist_client_e5d7a3._.js:13665
[ 1737392ms] [LOG] [Fast Refresh] rebuilding @ http://localhost:4300/_next/static/chunks/ee53c_next_dist_client_e5d7a3._.js:13665
[ 1737393ms] [LOG] [Fast Refresh] rebuilding @ http://localhost:4300/_next/static/chunks/ee53c_next_dist_client_e5d7a3._.js:13665
[ 1737395ms] [LOG] [Fast Refresh] rebuilding @ http://localhost:4300/_next/static/chunks/ee53c_next_dist_client_e5d7a3._.js:13665
[ 1737396ms] [LOG] [Fast Refresh] rebuilding @ http://localhost:4300/_next/static/chunks/ee53c_next_dist_client_e5d7a3._.js:13665
[ 1741978ms] [ERROR] Failed to load resource: the server responded with a status of 404 (Not Found) @ http://localhost:4300/sequences/hero/0012.webp:0
[ 1741980ms] [ERROR] Failed to load resource: the server responded with a status of 404 (Not Found) @ http://localhost:4300/sequences/hero/0010.webp:0
[ 1741981ms] [ERROR] Failed to load resource: the server responded with a status of 404 (Not Found) @ http://localhost:4300/sequences/hero/0014.webp:0
[ 1741981ms] [ERROR] Failed to load resource: the server responded with a status of 404 (Not Found) @ http://localhost:4300/sequences/hero/0016.webp:0
[ 1741982ms] [ERROR] Failed to load resource: the server responded with a status of 404 (Not Found) @ http://localhost:4300/sequences/hero/0018.webp:0
[ 1741983ms] [ERROR] Failed to load resource: the server responded with a status of 404 (Not Found) @ http://localhost:4300/sequences/hero/0020.webp:0
[ 1742735ms] [LOG] [Fast Refresh] rebuilding @ http://localhost:4300/_next/static/chunks/ee53c_next_dist_client_e5d7a3._.js:13665
[ 1742737ms] [LOG] [Fast Refresh] rebuilding @ http://localhost:4300/_next/static/chunks/ee53c_next_dist_client_e5d7a3._.js:13665
[ 1742743ms] [LOG] [Fast Refresh] rebuilding @ http://localhost:4300/_next/static/chunks/ee53c_next_dist_client_e5d7a3._.js:13665
[ 1742744ms] [LOG] [Fast Refresh] rebuilding @ http://localhost:4300/_next/static/chunks/ee53c_next_dist_client_e5d7a3._.js:13665
[ 1742744ms] [LOG] [Fast Refresh] rebuilding @ http://localhost:4300/_next/static/chunks/ee53c_next_dist_client_e5d7a3._.js:13665
[ 1742744ms] [LOG] [Fast Refresh] rebuilding @ http://localhost:4300/_next/static/chunks/ee53c_next_dist_client_e5d7a3._.js:13665
[ 1742745ms] [LOG] [Fast Refresh] rebuilding @ http://localhost:4300/_next/static/chunks/ee53c_next_dist_client_e5d7a3._.js:13665
[ 1742746ms] [LOG] [Fast Refresh] rebuilding @ http://localhost:4300/_next/static/chunks/ee53c_next_dist_client_e5d7a3._.js:13665
[ 1742748ms] [LOG] [Fast Refresh] rebuilding @ http://localhost:4300/_next/static/chunks/ee53c_next_dist_client_e5d7a3._.js:13665
[ 1742752ms] [LOG] [Fast Refresh] rebuilding @ http://localhost:4300/_next/static/chunks/ee53c_next_dist_client_e5d7a3._.js:13665
[ 1742753ms] [LOG] [Fast Refresh] rebuilding @ http://localhost:4300/_next/static/chunks/ee53c_next_dist_client_e5d7a3._.js:13665
[ 1742753ms] [LOG] [Fast Refresh] rebuilding @ http://localhost:4300/_next/static/chunks/ee53c_next_dist_client_e5d7a3._.js:13665
[ 1742754ms] [LOG] [Fast Refresh] rebuilding @ http://localhost:4300/_next/static/chunks/ee53c_next_dist_client_e5d7a3._.js:13665
[ 1742755ms] [LOG] [Fast Refresh] rebuilding @ http://localhost:4300/_next/static/chunks/ee53c_next_dist_client_e5d7a3._.js:13665
[ 1742756ms] [LOG] [Fast Refresh] rebuilding @ http://localhost:4300/_next/static/chunks/ee53c_next_dist_client_e5d7a3._.js:13665
[ 1742756ms] [LOG] [Fast Refresh] rebuilding @ http://localhost:4300/_next/static/chunks/ee53c_next_dist_client_e5d7a3._.js:13665
[ 1742756ms] [LOG] [Fast Refresh] rebuilding @ http://localhost:4300/_next/static/chunks/ee53c_next_dist_client_e5d7a3._.js:13665
[ 1742757ms] [LOG] [Fast Refresh] rebuilding @ http://localhost:4300/_next/static/chunks/ee53c_next_dist_client_e5d7a3._.js:13665
[ 1742761ms] [LOG] [Fast Refresh] rebuilding @ http://localhost:4300/_next/static/chunks/ee53c_next_dist_client_e5d7a3._.js:13665
[ 1742761ms] [LOG] [Fast Refresh] rebuilding @ http://localhost:4300/_next/static/chunks/ee53c_next_dist_client_e5d7a3._.js:13665
[ 1742761ms] [LOG] [Fast Refresh] rebuilding @ http://localhost:4300/_next/static/chunks/ee53c_next_dist_client_e5d7a3._.js:13665
[ 1742762ms] [LOG] [Fast Refresh] rebuilding @ http://localhost:4300/_next/static/chunks/ee53c_next_dist_client_e5d7a3._.js:13665
[ 1742762ms] [LOG] [Fast Refresh] rebuilding @ http://localhost:4300/_next/static/chunks/ee53c_next_dist_client_e5d7a3._.js:13665
[ 1742763ms] [LOG] [Fast Refresh] rebuilding @ http://localhost:4300/_next/static/chunks/ee53c_next_dist_client_e5d7a3._.js:13665
[ 1742763ms] [LOG] [Fast Refresh] rebuilding @ http://localhost:4300/_next/static/chunks/ee53c_next_dist_client_e5d7a3._.js:13665
[ 1742764ms] [LOG] [Fast Refresh] rebuilding @ http://localhost:4300/_next/static/chunks/ee53c_next_dist_client_e5d7a3._.js:13665
[ 1742764ms] [LOG] [Fast Refresh] rebuilding @ http://localhost:4300/_next/static/chunks/ee53c_next_dist_client_e5d7a3._.js:13665
[ 1742766ms] [LOG] [Fast Refresh] rebuilding @ http://localhost:4300/_next/static/chunks/ee53c_next_dist_client_e5d7a3._.js:13665
[ 1742771ms] [LOG] [Fast Refresh] rebuilding @ http://localhost:4300/_next/static/chunks/ee53c_next_dist_client_e5d7a3._.js:13665
[ 1742771ms] [LOG] [Fast Refresh] rebuilding @ http://localhost:4300/_next/static/chunks/ee53c_next_dist_client_e5d7a3._.js:13665
[ 1742771ms] [LOG] [Fast Refresh] rebuilding @ http://localhost:4300/_next/static/chunks/ee53c_next_dist_client_e5d7a3._.js:13665
[ 1742772ms] [LOG] [Fast Refresh] rebuilding @ http://localhost:4300/_next/static/chunks/ee53c_next_dist_client_e5d7a3._.js:13665
[ 1743308ms] [LOG] [Fast Refresh] rebuilding @ http://localhost:4300/_next/static/chunks/ee53c_next_dist_client_e5d7a3._.js:13665
[ 1748668ms] [LOG] [Fast Refresh] rebuilding @ http://localhost:4300/_next/static/chunks/ee53c_next_dist_client_e5d7a3._.js:13665
[ 1748669ms] [LOG] [Fast Refresh] rebuilding @ http://localhost:4300/_next/static/chunks/ee53c_next_dist_client_e5d7a3._.js:13665
[ 1748669ms] [LOG] [Fast Refresh] rebuilding @ http://localhost:4300/_next/static/chunks/ee53c_next_dist_client_e5d7a3._.js:13665
[ 1748669ms] [LOG] [Fast Refresh] rebuilding @ http://localhost:4300/_next/static/chunks/ee53c_next_dist_client_e5d7a3._.js:13665
[ 1748669ms] [LOG] [Fast Refresh] rebuilding @ http://localhost:4300/_next/static/chunks/ee53c_next_dist_client_e5d7a3._.js:13665
[ 1748669ms] [LOG] [Fast Refresh] rebuilding @ http://localhost:4300/_next/static/chunks/ee53c_next_dist_client_e5d7a3._.js:13665
[ 1748670ms] [LOG] [Fast Refresh] rebuilding @ http://localhost:4300/_next/static/chunks/ee53c_next_dist_client_e5d7a3._.js:13665
[ 1748670ms] [LOG] [Fast Refresh] rebuilding @ http://localhost:4300/_next/static/chunks/ee53c_next_dist_client_e5d7a3._.js:13665
[ 1748703ms] [LOG] [Fast Refresh] rebuilding @ http://localhost:4300/_next/static/chunks/ee53c_next_dist_client_e5d7a3._.js:13665
[ 1748716ms] [ERROR] Failed to load resource: the server responded with a status of 404 (Not Found) @ http://localhost:4300/sequences/hero/0022.webp:0
[ 1748720ms] [ERROR] Failed to load resource: the server responded with a status of 404 (Not Found) @ http://localhost:4300/sequences/hero/0028.webp:0
[ 1748785ms] [ERROR] Failed to load resource: the server responded with a status of 404 (Not Found) @ http://localhost:4300/sequences/hero/0030.webp:0
[ 1748786ms] [ERROR] Failed to load resource: the server responded with a status of 404 (Not Found) @ http://localhost:4300/sequences/hero/0026.webp:0
[ 1748787ms] [ERROR] Failed to load resource: the server responded with a status of 404 (Not Found) @ http://localhost:4300/sequences/hero/0024.webp:0
[ 1748788ms] [ERROR] Failed to load resource: the server responded with a status of 404 (Not Found) @ http://localhost:4300/sequences/hero/0032.webp:0
[ 1754209ms] [ERROR] Failed to load resource: the server responded with a status of 404 (Not Found) @ http://localhost:4300/sequences/hero/0036.webp:0
[ 1754231ms] [ERROR] Failed to load resource: the server responded with a status of 404 (Not Found) @ http://localhost:4300/sequences/hero/0038.webp:0
[ 1754239ms] [ERROR] Failed to load resource: the server responded with a status of 404 (Not Found) @ http://localhost:4300/sequences/hero/0034.webp:0
[ 1754241ms] [ERROR] Failed to load resource: the server responded with a status of 404 (Not Found) @ http://localhost:4300/sequences/hero/0040.webp:0
[ 1754246ms] [ERROR] Failed to load resource: the server responded with a status of 404 (Not Found) @ http://localhost:4300/sequences/hero/0042.webp:0
[ 1754250ms] [ERROR] Failed to load resource: the server responded with a status of 404 (Not Found) @ http://localhost:4300/sequences/hero/0044.webp:0
[ 1754491ms] [LOG] [Fast Refresh] rebuilding @ http://localhost:4300/_next/static/chunks/ee53c_next_dist_client_e5d7a3._.js:13665
[ 1754507ms] [LOG] [Fast Refresh] done in 17ms @ http://localhost:4300/_next/static/chunks/ee53c_next_dist_client_e5d7a3._.js:13492
[ 1754524ms] [LOG] [Fast Refresh] rebuilding @ http://localhost:4300/_next/static/chunks/ee53c_next_dist_client_e5d7a3._.js:13665
[ 1754526ms] [LOG] [Fast Refresh] rebuilding @ http://localhost:4300/_next/static/chunks/ee53c_next_dist_client_e5d7a3._.js:13665
[ 1754528ms] [LOG] [Fast Refresh] rebuilding @ http://localhost:4300/_next/static/chunks/ee53c_next_dist_client_e5d7a3._.js:13665
[ 1754530ms] [LOG] [Fast Refresh] rebuilding @ http://localhost:4300/_next/static/chunks/ee53c_next_dist_client_e5d7a3._.js:13665
[ 1754532ms] [LOG] [Fast Refresh] rebuilding @ http://localhost:4300/_next/static/chunks/ee53c_next_dist_client_e5d7a3._.js:13665
[ 1754555ms] [LOG] [Fast Refresh] rebuilding @ http://localhost:4300/_next/static/chunks/ee53c_next_dist_client_e5d7a3._.js:13665
[ 1754590ms] [LOG] [Fast Refresh] rebuilding @ http://localhost:4300/_next/static/chunks/ee53c_next_dist_client_e5d7a3._.js:13665
[ 1754593ms] [LOG] [Fast Refresh] rebuilding @ http://localhost:4300/_next/static/chunks/ee53c_next_dist_client_e5d7a3._.js:13665
[ 1754604ms] [LOG] [Fast Refresh] rebuilding @ http://localhost:4300/_next/static/chunks/ee53c_next_dist_client_e5d7a3._.js:13665
[ 1754610ms] [LOG] [Fast Refresh] rebuilding @ http://localhost:4300/_next/static/chunks/ee53c_next_dist_client_e5d7a3._.js:13665
[ 1756840ms] [LOG] [Fast Refresh] rebuilding @ http://localhost:4300/_next/static/chunks/ee53c_next_dist_client_e5d7a3._.js:13665
[ 1756841ms] [ERROR] Failed to load resource: the server responded with a status of 404 (Not Found) @ http://localhost:4300/sequences/hero/0046.webp:0
[ 1756841ms] [LOG] [Fast Refresh] rebuilding @ http://localhost:4300/_next/static/chunks/ee53c_next_dist_client_e5d7a3._.js:13665
[ 1756842ms] [ERROR] Failed to load resource: the server responded with a status of 404 (Not Found) @ http://localhost:4300/sequences/hero/0050.webp:0
[ 1756843ms] [ERROR] Failed to load resource: the server responded with a status of 404 (Not Found) @ http://localhost:4300/sequences/hero/0048.webp:0
[ 1756851ms] [ERROR] Failed to load resource: the server responded with a status of 404 (Not Found) @ http://localhost:4300/sequences/hero/0052.webp:0
[ 1756852ms] [LOG] [Fast Refresh] rebuilding @ http://localhost:4300/_next/static/chunks/ee53c_next_dist_client_e5d7a3._.js:13665
[ 1756852ms] [LOG] [Fast Refresh] rebuilding @ http://localhost:4300/_next/static/chunks/ee53c_next_dist_client_e5d7a3._.js:13665
[ 1756854ms] [ERROR] Failed to load resource: the server responded with a status of 404 (Not Found) @ http://localhost:4300/sequences/hero/0056.webp:0
[ 1756869ms] [ERROR] Failed to load resource: the server responded with a status of 404 (Not Found) @ http://localhost:4300/sequences/hero/0054.webp:0
[ 1756890ms] [LOG] [Fast Refresh] rebuilding @ http://localhost:4300/_next/static/chunks/ee53c_next_dist_client_e5d7a3._.js:13665
[ 1756908ms] [LOG] [Fast Refresh] rebuilding @ http://localhost:4300/_next/static/chunks/ee53c_next_dist_client_e5d7a3._.js:13665
[ 1756911ms] [LOG] [Fast Refresh] rebuilding @ http://localhost:4300/_next/static/chunks/ee53c_next_dist_client_e5d7a3._.js:13665
[ 1756914ms] [LOG] [Fast Refresh] rebuilding @ http://localhost:4300/_next/static/chunks/ee53c_next_dist_client_e5d7a3._.js:13665
[ 1756920ms] [LOG] [Fast Refresh] rebuilding @ http://localhost:4300/_next/static/chunks/ee53c_next_dist_client_e5d7a3._.js:13665
[ 1756923ms] [LOG] [Fast Refresh] rebuilding @ http://localhost:4300/_next/static/chunks/ee53c_next_dist_client_e5d7a3._.js:13665
[ 1756932ms] [LOG] [Fast Refresh] rebuilding @ http://localhost:4300/_next/static/chunks/ee53c_next_dist_client_e5d7a3._.js:13665
[ 1756939ms] [LOG] [Fast Refresh] rebuilding @ http://localhost:4300/_next/static/chunks/ee53c_next_dist_client_e5d7a3._.js:13665
[ 1756946ms] [LOG] [Fast Refresh] rebuilding @ http://localhost:4300/_next/static/chunks/ee53c_next_dist_client_e5d7a3._.js:13665
[ 1756986ms] [LOG] [Fast Refresh] rebuilding @ http://localhost:4300/_next/static/chunks/ee53c_next_dist_client_e5d7a3._.js:13665
[ 1756995ms] [LOG] [Fast Refresh] rebuilding @ http://localhost:4300/_next/static/chunks/ee53c_next_dist_client_e5d7a3._.js:13665
[ 1757287ms] [ERROR] Failed to load resource: the server responded with a status of 404 (Not Found) @ http://localhost:4300/sequences/hero/0058.webp:0
[ 1758031ms] [ERROR] Failed to load resource: the server responded with a status of 404 (Not Found) @ http://localhost:4300/sequences/hero/0060.webp:0
[ 1760381ms] [ERROR] Failed to load resource: the server responded with a status of 404 (Not Found) @ http://localhost:4300/sequences/hero/0062.webp:0
[ 1760394ms] [LOG] [Fast Refresh] rebuilding @ http://localhost:4300/_next/static/chunks/ee53c_next_dist_client_e5d7a3._.js:13665
[ 1760406ms] [LOG] [Fast Refresh] rebuilding @ http://localhost:4300/_next/static/chunks/ee53c_next_dist_client_e5d7a3._.js:13665
[ 1760407ms] [LOG] [Fast Refresh] rebuilding @ http://localhost:4300/_next/static/chunks/ee53c_next_dist_client_e5d7a3._.js:13665
[ 1760494ms] [LOG] [Fast Refresh] rebuilding @ http://localhost:4300/_next/static/chunks/ee53c_next_dist_client_e5d7a3._.js:13665
[ 1760496ms] [LOG] [Fast Refresh] rebuilding @ http://localhost:4300/_next/static/chunks/ee53c_next_dist_client_e5d7a3._.js:13665
[ 1760497ms] [LOG] [Fast Refresh] rebuilding @ http://localhost:4300/_next/static/chunks/ee53c_next_dist_client_e5d7a3._.js:13665
[ 1760501ms] [LOG] [Fast Refresh] rebuilding @ http://localhost:4300/_next/static/chunks/ee53c_next_dist_client_e5d7a3._.js:13665
[ 1760506ms] [LOG] [Fast Refresh] rebuilding @ http://localhost:4300/_next/static/chunks/ee53c_next_dist_client_e5d7a3._.js:13665
[ 1760506ms] [LOG] [Fast Refresh] rebuilding @ http://localhost:4300/_next/static/chunks/ee53c_next_dist_client_e5d7a3._.js:13665
[ 1760507ms] [LOG] [Fast Refresh] rebuilding @ http://localhost:4300/_next/static/chunks/ee53c_next_dist_client_e5d7a3._.js:13665
[ 1760508ms] [LOG] [Fast Refresh] rebuilding @ http://localhost:4300/_next/static/chunks/ee53c_next_dist_client_e5d7a3._.js:13665
[ 1760509ms] [LOG] [Fast Refresh] rebuilding @ http://localhost:4300/_next/static/chunks/ee53c_next_dist_client_e5d7a3._.js:13665
[ 1760509ms] [LOG] [Fast Refresh] rebuilding @ http://localhost:4300/_next/static/chunks/ee53c_next_dist_client_e5d7a3._.js:13665
[ 1760510ms] [LOG] [Fast Refresh] rebuilding @ http://localhost:4300/_next/static/chunks/ee53c_next_dist_client_e5d7a3._.js:13665
[ 1760511ms] [LOG] [Fast Refresh] rebuilding @ http://localhost:4300/_next/static/chunks/ee53c_next_dist_client_e5d7a3._.js:13665
[ 1760512ms] [LOG] [Fast Refresh] rebuilding @ http://localhost:4300/_next/static/chunks/ee53c_next_dist_client_e5d7a3._.js:13665
[ 1760512ms] [LOG] [Fast Refresh] rebuilding @ http://localhost:4300/_next/static/chunks/ee53c_next_dist_client_e5d7a3._.js:13665
[ 1760512ms] [LOG] [Fast Refresh] rebuilding @ http://localhost:4300/_next/static/chunks/ee53c_next_dist_client_e5d7a3._.js:13665
[ 1760515ms] [LOG] [Fast Refresh] rebuilding @ http://localhost:4300/_next/static/chunks/ee53c_next_dist_client_e5d7a3._.js:13665
[ 1760572ms] [LOG] [Fast Refresh] rebuilding @ http://localhost:4300/_next/static/chunks/ee53c_next_dist_client_e5d7a3._.js:13665
[ 1764070ms] [ERROR] Failed to load resource: the server responded with a status of 404 (Not Found) @ http://localhost:4300/sequences/hero/0064.webp:0
[ 1764071ms] [ERROR] Failed to load resource: the server responded with a status of 404 (Not Found) @ http://localhost:4300/sequences/hero/0066.webp:0
[ 1764071ms] [ERROR] Failed to load resource: the server responded with a status of 404 (Not Found) @ http://localhost:4300/sequences/hero/0068.webp:0
[ 1764072ms] [ERROR] Failed to load resource: the server responded with a status of 404 (Not Found) @ http://localhost:4300/sequences/hero/0070.webp:0
[ 1764073ms] [ERROR] Failed to load resource: the server responded with a status of 404 (Not Found) @ http://localhost:4300/sequences/hero/0072.webp:0
[ 1764074ms] [ERROR] Failed to load resource: the server responded with a status of 404 (Not Found) @ http://localhost:4300/sequences/hero/0074.webp:0
[ 1764088ms] [LOG] [Fast Refresh] rebuilding @ http://localhost:4300/_next/static/chunks/ee53c_next_dist_client_e5d7a3._.js:13665
[ 1764088ms] [LOG] [Fast Refresh] rebuilding @ http://localhost:4300/_next/static/chunks/ee53c_next_dist_client_e5d7a3._.js:13665
[ 1764089ms] [LOG] [Fast Refresh] rebuilding @ http://localhost:4300/_next/static/chunks/ee53c_next_dist_client_e5d7a3._.js:13665
[ 1764090ms] [LOG] [Fast Refresh] rebuilding @ http://localhost:4300/_next/static/chunks/ee53c_next_dist_client_e5d7a3._.js:13665
[ 1764090ms] [LOG] [Fast Refresh] rebuilding @ http://localhost:4300/_next/static/chunks/ee53c_next_dist_client_e5d7a3._.js:13665
[ 1764090ms] [LOG] [Fast Refresh] rebuilding @ http://localhost:4300/_next/static/chunks/ee53c_next_dist_client_e5d7a3._.js:13665
[ 1764090ms] [LOG] [Fast Refresh] rebuilding @ http://localhost:4300/_next/static/chunks/ee53c_next_dist_client_e5d7a3._.js:13665
[ 1764091ms] [LOG] [Fast Refresh] rebuilding @ http://localhost:4300/_next/static/chunks/ee53c_next_dist_client_e5d7a3._.js:13665
[ 1764091ms] [LOG] [Fast Refresh] rebuilding @ http://localhost:4300/_next/static/chunks/ee53c_next_dist_client_e5d7a3._.js:13665
[ 1764091ms] [LOG] [Fast Refresh] rebuilding @ http://localhost:4300/_next/static/chunks/ee53c_next_dist_client_e5d7a3._.js:13665
[ 1764093ms] [LOG] [Fast Refresh] rebuilding @ http://localhost:4300/_next/static/chunks/ee53c_next_dist_client_e5d7a3._.js:13665
[ 1764093ms] [LOG] [Fast Refresh] rebuilding @ http://localhost:4300/_next/static/chunks/ee53c_next_dist_client_e5d7a3._.js:13665
[ 1764094ms] [LOG] [Fast Refresh] rebuilding @ http://localhost:4300/_next/static/chunks/ee53c_next_dist_client_e5d7a3._.js:13665
[ 1764094ms] [LOG] [Fast Refresh] rebuilding @ http://localhost:4300/_next/static/chunks/ee53c_next_dist_client_e5d7a3._.js:13665
[ 1764101ms] [LOG] [Fast Refresh] rebuilding @ http://localhost:4300/_next/static/chunks/ee53c_next_dist_client_e5d7a3._.js:13665
[ 1764101ms] [LOG] [Fast Refresh] rebuilding @ http://localhost:4300/_next/static/chunks/ee53c_next_dist_client_e5d7a3._.js:13665
[ 1764102ms] [LOG] [Fast Refresh] rebuilding @ http://localhost:4300/_next/static/chunks/ee53c_next_dist_client_e5d7a3._.js:13665
[ 1764102ms] [LOG] [Fast Refresh] rebuilding @ http://localhost:4300/_next/static/chunks/ee53c_next_dist_client_e5d7a3._.js:13665
[ 1764103ms] [LOG] [Fast Refresh] rebuilding @ http://localhost:4300/_next/static/chunks/ee53c_next_dist_client_e5d7a3._.js:13665
[ 1764103ms] [LOG] [Fast Refresh] rebuilding @ http://localhost:4300/_next/static/chunks/ee53c_next_dist_client_e5d7a3._.js:13665
[ 1764104ms] [LOG] [Fast Refresh] rebuilding @ http://localhost:4300/_next/static/chunks/ee53c_next_dist_client_e5d7a3._.js:13665
[ 1768226ms] [ERROR] Failed to load resource: the server responded with a status of 404 (Not Found) @ http://localhost:4300/sequences/hero/0076.webp:0
[ 1768237ms] [ERROR] Failed to load resource: the server responded with a status of 404 (Not Found) @ http://localhost:4300/sequences/hero/0078.webp:0
[ 1768242ms] [ERROR] Failed to load resource: the server responded with a status of 404 (Not Found) @ http://localhost:4300/sequences/hero/0080.webp:0
[ 1768244ms] [ERROR] Failed to load resource: the server responded with a status of 404 (Not Found) @ http://localhost:4300/sequences/hero/0082.webp:0
[ 1768253ms] [ERROR] Failed to load resource: the server responded with a status of 404 (Not Found) @ http://localhost:4300/sequences/hero/0084.webp:0
[ 1768256ms] [ERROR] Failed to load resource: the server responded with a status of 404 (Not Found) @ http://localhost:4300/sequences/hero/0086.webp:0
[ 1768262ms] [LOG] [Fast Refresh] rebuilding @ http://localhost:4300/_next/static/chunks/ee53c_next_dist_client_e5d7a3._.js:13665
[ 1770059ms] [ERROR] Failed to load resource: the server responded with a status of 404 (Not Found) @ http://localhost:4300/sequences/hero/0088.webp:0
[ 1770061ms] [ERROR] Failed to load resource: the server responded with a status of 404 (Not Found) @ http://localhost:4300/sequences/hero/0090.webp:0
[ 1770086ms] [LOG] [Fast Refresh] rebuilding @ http://localhost:4300/_next/static/chunks/ee53c_next_dist_client_e5d7a3._.js:13665
[ 1770087ms] [LOG] [Fast Refresh] rebuilding @ http://localhost:4300/_next/static/chunks/ee53c_next_dist_client_e5d7a3._.js:13665
[ 1770089ms] [LOG] [Fast Refresh] rebuilding @ http://localhost:4300/_next/static/chunks/ee53c_next_dist_client_e5d7a3._.js:13665
[ 1770090ms] [LOG] [Fast Refresh] rebuilding @ http://localhost:4300/_next/static/chunks/ee53c_next_dist_client_e5d7a3._.js:13665
[ 1770091ms] [LOG] [Fast Refresh] rebuilding @ http://localhost:4300/_next/static/chunks/ee53c_next_dist_client_e5d7a3._.js:13665
[ 1770705ms] [LOG] [Fast Refresh] rebuilding @ http://localhost:4300/_next/static/chunks/ee53c_next_dist_client_e5d7a3._.js:13665
[ 1770706ms] [LOG] [Fast Refresh] rebuilding @ http://localhost:4300/_next/static/chunks/ee53c_next_dist_client_e5d7a3._.js:13665
[ 1770751ms] [LOG] [Fast Refresh] rebuilding @ http://localhost:4300/_next/static/chunks/ee53c_next_dist_client_e5d7a3._.js:13665
[ 1770753ms] [LOG] [Fast Refresh] rebuilding @ http://localhost:4300/_next/static/chunks/ee53c_next_dist_client_e5d7a3._.js:13665
[ 1770754ms] [LOG] [Fast Refresh] rebuilding @ http://localhost:4300/_next/static/chunks/ee53c_next_dist_client_e5d7a3._.js:13665
[ 1770757ms] [LOG] [Fast Refresh] rebuilding @ http://localhost:4300/_next/static/chunks/ee53c_next_dist_client_e5d7a3._.js:13665
[ 1770758ms] [LOG] [Fast Refresh] rebuilding @ http://localhost:4300/_next/static/chunks/ee53c_next_dist_client_e5d7a3._.js:13665
[ 1770758ms] [LOG] [Fast Refresh] rebuilding @ http://localhost:4300/_next/static/chunks/ee53c_next_dist_client_e5d7a3._.js:13665
[ 1770758ms] [LOG] [Fast Refresh] rebuilding @ http://localhost:4300/_next/static/chunks/ee53c_next_dist_client_e5d7a3._.js:13665
[ 1770758ms] [LOG] [Fast Refresh] rebuilding @ http://localhost:4300/_next/static/chunks/ee53c_next_dist_client_e5d7a3._.js:13665
[ 1770759ms] [LOG] [Fast Refresh] rebuilding @ http://localhost:4300/_next/static/chunks/ee53c_next_dist_client_e5d7a3._.js:13665
[ 1770759ms] [LOG] [Fast Refresh] rebuilding @ http://localhost:4300/_next/static/chunks/ee53c_next_dist_client_e5d7a3._.js:13665
[ 1770760ms] [LOG] [Fast Refresh] rebuilding @ http://localhost:4300/_next/static/chunks/ee53c_next_dist_client_e5d7a3._.js:13665
[ 1770760ms] [LOG] [Fast Refresh] rebuilding @ http://localhost:4300/_next/static/chunks/ee53c_next_dist_client_e5d7a3._.js:13665
[ 1770760ms] [LOG] [Fast Refresh] rebuilding @ http://localhost:4300/_next/static/chunks/ee53c_next_dist_client_e5d7a3._.js:13665
[ 1770761ms] [LOG] [Fast Refresh] rebuilding @ http://localhost:4300/_next/static/chunks/ee53c_next_dist_client_e5d7a3._.js:13665
[ 1772411ms] [ERROR] Failed to load resource: the server responded with a status of 404 (Not Found) @ http://localhost:4300/sequences/hero/0092.webp:0
[ 1772412ms] [ERROR] Failed to load resource: the server responded with a status of 404 (Not Found) @ http://localhost:4300/sequences/hero/0098.webp:0
[ 1772413ms] [ERROR] Failed to load resource: the server responded with a status of 404 (Not Found) @ http://localhost:4300/sequences/hero/0096.webp:0
[ 1772417ms] [ERROR] Failed to load resource: the server responded with a status of 404 (Not Found) @ http://localhost:4300/sequences/hero/0094.webp:0
[ 1772426ms] [LOG] [Fast Refresh] rebuilding @ http://localhost:4300/_next/static/chunks/ee53c_next_dist_client_e5d7a3._.js:13665
[ 1772427ms] [LOG] [Fast Refresh] rebuilding @ http://localhost:4300/_next/static/chunks/ee53c_next_dist_client_e5d7a3._.js:13665
[ 1772428ms] [LOG] [Fast Refresh] rebuilding @ http://localhost:4300/_next/static/chunks/ee53c_next_dist_client_e5d7a3._.js:13665
[ 1772428ms] [LOG] [Fast Refresh] rebuilding @ http://localhost:4300/_next/static/chunks/ee53c_next_dist_client_e5d7a3._.js:13665
[ 1772428ms] [LOG] [Fast Refresh] rebuilding @ http://localhost:4300/_next/static/chunks/ee53c_next_dist_client_e5d7a3._.js:13665
[ 1772429ms] [LOG] [Fast Refresh] rebuilding @ http://localhost:4300/_next/static/chunks/ee53c_next_dist_client_e5d7a3._.js:13665
[ 1772429ms] [LOG] [Fast Refresh] rebuilding @ http://localhost:4300/_next/static/chunks/ee53c_next_dist_client_e5d7a3._.js:13665
[ 1772430ms] [LOG] [Fast Refresh] rebuilding @ http://localhost:4300/_next/static/chunks/ee53c_next_dist_client_e5d7a3._.js:13665
[ 1772622ms] [LOG] [Fast Refresh] rebuilding @ http://localhost:4300/_next/static/chunks/ee53c_next_dist_client_e5d7a3._.js:13665
[ 1773407ms] [LOG] [Fast Refresh] rebuilding @ http://localhost:4300/_next/static/chunks/ee53c_next_dist_client_e5d7a3._.js:13665
[ 1773408ms] [LOG] [Fast Refresh] rebuilding @ http://localhost:4300/_next/static/chunks/ee53c_next_dist_client_e5d7a3._.js:13665
[ 1773409ms] [LOG] [Fast Refresh] rebuilding @ http://localhost:4300/_next/static/chunks/ee53c_next_dist_client_e5d7a3._.js:13665
[ 1773410ms] [LOG] [Fast Refresh] rebuilding @ http://localhost:4300/_next/static/chunks/ee53c_next_dist_client_e5d7a3._.js:13665
[ 1773411ms] [LOG] [Fast Refresh] rebuilding @ http://localhost:4300/_next/static/chunks/ee53c_next_dist_client_e5d7a3._.js:13665
[ 1773411ms] [LOG] [Fast Refresh] rebuilding @ http://localhost:4300/_next/static/chunks/ee53c_next_dist_client_e5d7a3._.js:13665
[ 1773412ms] [LOG] [Fast Refresh] rebuilding @ http://localhost:4300/_next/static/chunks/ee53c_next_dist_client_e5d7a3._.js:13665
[ 1773412ms] [LOG] [Fast Refresh] rebuilding @ http://localhost:4300/_next/static/chunks/ee53c_next_dist_client_e5d7a3._.js:13665
[ 1773412ms] [LOG] [Fast Refresh] rebuilding @ http://localhost:4300/_next/static/chunks/ee53c_next_dist_client_e5d7a3._.js:13665
[ 1773413ms] [LOG] [Fast Refresh] rebuilding @ http://localhost:4300/_next/static/chunks/ee53c_next_dist_client_e5d7a3._.js:13665
[ 1773424ms] [LOG] [Fast Refresh] rebuilding @ http://localhost:4300/_next/static/chunks/ee53c_next_dist_client_e5d7a3._.js:13665
[ 1773426ms] [ERROR] Failed to load resource: the server responded with a status of 404 (Not Found) @ http://localhost:4300/sequences/hero/0100.webp:0
[ 1773427ms] [LOG] [Fast Refresh] rebuilding @ http://localhost:4300/_next/static/chunks/ee53c_next_dist_client_e5d7a3._.js:13665
[ 1773429ms] [ERROR] Failed to load resource: the server responded with a status of 404 (Not Found) @ http://localhost:4300/sequences/hero/0102.webp:0
[ 1773430ms] [LOG] [Fast Refresh] rebuilding @ http://localhost:4300/_next/static/chunks/ee53c_next_dist_client_e5d7a3._.js:13665
[ 1773430ms] [LOG] [Fast Refresh] rebuilding @ http://localhost:4300/_next/static/chunks/ee53c_next_dist_client_e5d7a3._.js:13665
[ 1777042ms] [ERROR] Failed to load resource: the server responded with a status of 404 (Not Found) @ http://localhost:4300/sequences/hero/0106.webp:0
[ 1777043ms] [ERROR] Failed to load resource: the server responded with a status of 404 (Not Found) @ http://localhost:4300/sequences/hero/0108.webp:0
[ 1777044ms] [ERROR] Failed to load resource: the server responded with a status of 404 (Not Found) @ http://localhost:4300/sequences/hero/0104.webp:0
[ 1777044ms] [ERROR] Failed to load resource: the server responded with a status of 404 (Not Found) @ http://localhost:4300/sequences/hero/0110.webp:0
[ 1777045ms] [ERROR] Failed to load resource: the server responded with a status of 404 (Not Found) @ http://localhost:4300/sequences/hero/0112.webp:0
[ 1777051ms] [LOG] [Fast Refresh] rebuilding @ http://localhost:4300/_next/static/chunks/ee53c_next_dist_client_e5d7a3._.js:13665
[ 1777061ms] [LOG] [Fast Refresh] rebuilding @ http://localhost:4300/_next/static/chunks/ee53c_next_dist_client_e5d7a3._.js:13665
[ 1777061ms] [LOG] [Fast Refresh] rebuilding @ http://localhost:4300/_next/static/chunks/ee53c_next_dist_client_e5d7a3._.js:13665
[ 1777062ms] [LOG] [Fast Refresh] rebuilding @ http://localhost:4300/_next/static/chunks/ee53c_next_dist_client_e5d7a3._.js:13665
[ 1777063ms] [LOG] [Fast Refresh] rebuilding @ http://localhost:4300/_next/static/chunks/ee53c_next_dist_client_e5d7a3._.js:13665
[ 1777067ms] [LOG] [Fast Refresh] rebuilding @ http://localhost:4300/_next/static/chunks/ee53c_next_dist_client_e5d7a3._.js:13665
[ 1777068ms] [LOG] [Fast Refresh] rebuilding @ http://localhost:4300/_next/static/chunks/ee53c_next_dist_client_e5d7a3._.js:13665
[ 1777068ms] [LOG] [Fast Refresh] rebuilding @ http://localhost:4300/_next/static/chunks/ee53c_next_dist_client_e5d7a3._.js:13665
[ 1777069ms] [LOG] [Fast Refresh] rebuilding @ http://localhost:4300/_next/static/chunks/ee53c_next_dist_client_e5d7a3._.js:13665
[ 1777071ms] [LOG] [Fast Refresh] rebuilding @ http://localhost:4300/_next/static/chunks/ee53c_next_dist_client_e5d7a3._.js:13665
[ 1777071ms] [LOG] [Fast Refresh] rebuilding @ http://localhost:4300/_next/static/chunks/ee53c_next_dist_client_e5d7a3._.js:13665
[ 1777072ms] [LOG] [Fast Refresh] rebuilding @ http://localhost:4300/_next/static/chunks/ee53c_next_dist_client_e5d7a3._.js:13665
[ 1777072ms] [LOG] [Fast Refresh] rebuilding @ http://localhost:4300/_next/static/chunks/ee53c_next_dist_client_e5d7a3._.js:13665
[ 1777072ms] [LOG] [Fast Refresh] rebuilding @ http://localhost:4300/_next/static/chunks/ee53c_next_dist_client_e5d7a3._.js:13665
[ 1777073ms] [LOG] [Fast Refresh] rebuilding @ http://localhost:4300/_next/static/chunks/ee53c_next_dist_client_e5d7a3._.js:13665
[ 1777074ms] [LOG] [Fast Refresh] rebuilding @ http://localhost:4300/_next/static/chunks/ee53c_next_dist_client_e5d7a3._.js:13665
[ 1777074ms] [LOG] [Fast Refresh] rebuilding @ http://localhost:4300/_next/static/chunks/ee53c_next_dist_client_e5d7a3._.js:13665
[ 1777074ms] [LOG] [Fast Refresh] rebuilding @ http://localhost:4300/_next/static/chunks/ee53c_next_dist_client_e5d7a3._.js:13665
[ 1777075ms] [LOG] [Fast Refresh] rebuilding @ http://localhost:4300/_next/static/chunks/ee53c_next_dist_client_e5d7a3._.js:13665
[ 1777075ms] [LOG] [Fast Refresh] rebuilding @ http://localhost:4300/_next/static/chunks/ee53c_next_dist_client_e5d7a3._.js:13665
[ 1777077ms] [LOG] [Fast Refresh] rebuilding @ http://localhost:4300/_next/static/chunks/ee53c_next_dist_client_e5d7a3._.js:13665
[ 1777274ms] [LOG] [Fast Refresh] rebuilding @ http://localhost:4300/_next/static/chunks/ee53c_next_dist_client_e5d7a3._.js:13665
[ 1777276ms] [LOG] [Fast Refresh] rebuilding @ http://localhost:4300/_next/static/chunks/ee53c_next_dist_client_e5d7a3._.js:13665
[ 1777276ms] [LOG] [Fast Refresh] rebuilding @ http://localhost:4300/_next/static/chunks/ee53c_next_dist_client_e5d7a3._.js:13665
[ 1777425ms] [LOG] [Fast Refresh] rebuilding @ http://localhost:4300/_next/static/chunks/ee53c_next_dist_client_e5d7a3._.js:13665
[ 1777427ms] [LOG] [Fast Refresh] rebuilding @ http://localhost:4300/_next/static/chunks/ee53c_next_dist_client_e5d7a3._.js:13665
[ 1777427ms] [LOG] [Fast Refresh] rebuilding @ http://localhost:4300/_next/static/chunks/ee53c_next_dist_client_e5d7a3._.js:13665
[ 1781727ms] [ERROR] Failed to load resource: the server responded with a status of 404 (Not Found) @ http://localhost:4300/sequences/hero/0114.webp:0
[ 1781729ms] [ERROR] Failed to load resource: the server responded with a status of 404 (Not Found) @ http://localhost:4300/sequences/hero/0116.webp:0
[ 1781730ms] [ERROR] Failed to load resource: the server responded with a status of 404 (Not Found) @ http://localhost:4300/sequences/hero/0118.webp:0
[ 1781734ms] [ERROR] Failed to load resource: the server responded with a status of 404 (Not Found) @ http://localhost:4300/sequences/hero/0120.webp:0
[ 1781735ms] [ERROR] Failed to load resource: the server responded with a status of 404 (Not Found) @ http://localhost:4300/sequences/hero/0122.webp:0
[ 1781736ms] [ERROR] Failed to load resource: the server responded with a status of 404 (Not Found) @ http://localhost:4300/sequences/hero/0124.webp:0
[ 1781922ms] [LOG] [Fast Refresh] rebuilding @ http://localhost:4300/_next/static/chunks/ee53c_next_dist_client_e5d7a3._.js:13665
[ 1781956ms] [LOG] [Fast Refresh] rebuilding @ http://localhost:4300/_next/static/chunks/ee53c_next_dist_client_e5d7a3._.js:13665
[ 1781961ms] [LOG] [Fast Refresh] rebuilding @ http://localhost:4300/_next/static/chunks/ee53c_next_dist_client_e5d7a3._.js:13665
[ 1781963ms] [LOG] [Fast Refresh] rebuilding @ http://localhost:4300/_next/static/chunks/ee53c_next_dist_client_e5d7a3._.js:13665
[ 1781963ms] [LOG] [Fast Refresh] rebuilding @ http://localhost:4300/_next/static/chunks/ee53c_next_dist_client_e5d7a3._.js:13665
[ 1781965ms] [LOG] [Fast Refresh] rebuilding @ http://localhost:4300/_next/static/chunks/ee53c_next_dist_client_e5d7a3._.js:13665
[ 1781966ms] [LOG] [Fast Refresh] rebuilding @ http://localhost:4300/_next/static/chunks/ee53c_next_dist_client_e5d7a3._.js:13665
[ 1781967ms] [LOG] [Fast Refresh] rebuilding @ http://localhost:4300/_next/static/chunks/ee53c_next_dist_client_e5d7a3._.js:13665
[ 1781967ms] [LOG] [Fast Refresh] rebuilding @ http://localhost:4300/_next/static/chunks/ee53c_next_dist_client_e5d7a3._.js:13665
[ 1781967ms] [LOG] [Fast Refresh] rebuilding @ http://localhost:4300/_next/static/chunks/ee53c_next_dist_client_e5d7a3._.js:13665
[ 1781967ms] [LOG] [Fast Refresh] rebuilding @ http://localhost:4300/_next/static/chunks/ee53c_next_dist_client_e5d7a3._.js:13665
[ 1781968ms] [LOG] [Fast Refresh] rebuilding @ http://localhost:4300/_next/static/chunks/ee53c_next_dist_client_e5d7a3._.js:13665
[ 1781972ms] [LOG] [Fast Refresh] rebuilding @ http://localhost:4300/_next/static/chunks/ee53c_next_dist_client_e5d7a3._.js:13665
[ 1781984ms] [LOG] [Fast Refresh] rebuilding @ http://localhost:4300/_next/static/chunks/ee53c_next_dist_client_e5d7a3._.js:13665
[ 1781985ms] [LOG] [Fast Refresh] rebuilding @ http://localhost:4300/_next/static/chunks/ee53c_next_dist_client_e5d7a3._.js:13665
[ 1781985ms] [LOG] [Fast Refresh] rebuilding @ http://localhost:4300/_next/static/chunks/ee53c_next_dist_client_e5d7a3._.js:13665
[ 1781987ms] [LOG] [Fast Refresh] rebuilding @ http://localhost:4300/_next/static/chunks/ee53c_next_dist_client_e5d7a3._.js:13665
[ 1781989ms] [LOG] [Fast Refresh] rebuilding @ http://localhost:4300/_next/static/chunks/ee53c_next_dist_client_e5d7a3._.js:13665
[ 1781991ms] [LOG] [Fast Refresh] rebuilding @ http://localhost:4300/_next/static/chunks/ee53c_next_dist_client_e5d7a3._.js:13665
[ 1781992ms] [LOG] [Fast Refresh] rebuilding @ http://localhost:4300/_next/static/chunks/ee53c_next_dist_client_e5d7a3._.js:13665
[ 1781992ms] [LOG] [Fast Refresh] rebuilding @ http://localhost:4300/_next/static/chunks/ee53c_next_dist_client_e5d7a3._.js:13665
[ 1791310ms] [ERROR] Failed to load resource: the server responded with a status of 404 (Not Found) @ http://localhost:4300/sequences/hero/0128.webp:0
[ 1791311ms] [ERROR] Failed to load resource: the server responded with a status of 404 (Not Found) @ http://localhost:4300/sequences/hero/0130.webp:0
[ 1791312ms] [ERROR] Failed to load resource: the server responded with a status of 404 (Not Found) @ http://localhost:4300/sequences/hero/0126.webp:0
[ 1791315ms] [ERROR] Failed to load resource: the server responded with a status of 404 (Not Found) @ http://localhost:4300/sequences/hero/0132.webp:0
[ 1791315ms] [ERROR] Failed to load resource: the server responded with a status of 404 (Not Found) @ http://localhost:4300/sequences/hero/0134.webp:0
[ 1791316ms] [ERROR] Failed to load resource: the server responded with a status of 404 (Not Found) @ http://localhost:4300/sequences/hero/0136.webp:0
[ 1791320ms] [LOG] [Fast Refresh] rebuilding @ http://localhost:4300/_next/static/chunks/ee53c_next_dist_client_e5d7a3._.js:13665
[ 1791325ms] [LOG] [Fast Refresh] rebuilding @ http://localhost:4300/_next/static/chunks/ee53c_next_dist_client_e5d7a3._.js:13665
[ 1791326ms] [LOG] [Fast Refresh] rebuilding @ http://localhost:4300/_next/static/chunks/ee53c_next_dist_client_e5d7a3._.js:13665
[ 1791326ms] [LOG] [Fast Refresh] rebuilding @ http://localhost:4300/_next/static/chunks/ee53c_next_dist_client_e5d7a3._.js:13665
[ 1791327ms] [LOG] [Fast Refresh] rebuilding @ http://localhost:4300/_next/static/chunks/ee53c_next_dist_client_e5d7a3._.js:13665
[ 1791328ms] [LOG] [Fast Refresh] rebuilding @ http://localhost:4300/_next/static/chunks/ee53c_next_dist_client_e5d7a3._.js:13665
[ 1791328ms] [LOG] [Fast Refresh] rebuilding @ http://localhost:4300/_next/static/chunks/ee53c_next_dist_client_e5d7a3._.js:13665
[ 1791332ms] [LOG] [Fast Refresh] rebuilding @ http://localhost:4300/_next/static/chunks/ee53c_next_dist_client_e5d7a3._.js:13665
[ 1791333ms] [LOG] [Fast Refresh] rebuilding @ http://localhost:4300/_next/static/chunks/ee53c_next_dist_client_e5d7a3._.js:13665
[ 1791334ms] [LOG] [Fast Refresh] rebuilding @ http://localhost:4300/_next/static/chunks/ee53c_next_dist_client_e5d7a3._.js:13665
[ 1791336ms] [LOG] [Fast Refresh] rebuilding @ http://localhost:4300/_next/static/chunks/ee53c_next_dist_client_e5d7a3._.js:13665
[ 1791337ms] [LOG] [Fast Refresh] rebuilding @ http://localhost:4300/_next/static/chunks/ee53c_next_dist_client_e5d7a3._.js:13665
[ 1791338ms] [LOG] [Fast Refresh] rebuilding @ http://localhost:4300/_next/static/chunks/ee53c_next_dist_client_e5d7a3._.js:13665
[ 1791347ms] [LOG] [Fast Refresh] rebuilding @ http://localhost:4300/_next/static/chunks/ee53c_next_dist_client_e5d7a3._.js:13665
[ 1791352ms] [LOG] [Fast Refresh] rebuilding @ http://localhost:4300/_next/static/chunks/ee53c_next_dist_client_e5d7a3._.js:13665
[ 1792159ms] [LOG] [Fast Refresh] rebuilding @ http://localhost:4300/_next/static/chunks/ee53c_next_dist_client_e5d7a3._.js:13665
[ 1792160ms] [LOG] [Fast Refresh] rebuilding @ http://localhost:4300/_next/static/chunks/ee53c_next_dist_client_e5d7a3._.js:13665
[ 1792164ms] [LOG] [Fast Refresh] rebuilding @ http://localhost:4300/_next/static/chunks/ee53c_next_dist_client_e5d7a3._.js:13665
[ 1792165ms] [LOG] [Fast Refresh] rebuilding @ http://localhost:4300/_next/static/chunks/ee53c_next_dist_client_e5d7a3._.js:13665
[ 1792166ms] [LOG] [Fast Refresh] rebuilding @ http://localhost:4300/_next/static/chunks/ee53c_next_dist_client_e5d7a3._.js:13665
[ 1792168ms] [LOG] [Fast Refresh] rebuilding @ http://localhost:4300/_next/static/chunks/ee53c_next_dist_client_e5d7a3._.js:13665
[ 1792168ms] [LOG] [Fast Refresh] rebuilding @ http://localhost:4300/_next/static/chunks/ee53c_next_dist_client_e5d7a3._.js:13665
[ 1792169ms] [LOG] [Fast Refresh] rebuilding @ http://localhost:4300/_next/static/chunks/ee53c_next_dist_client_e5d7a3._.js:13665
[ 1792170ms] [LOG] [Fast Refresh] rebuilding @ http://localhost:4300/_next/static/chunks/ee53c_next_dist_client_e5d7a3._.js:13665
[ 1792172ms] [ERROR] Failed to load resource: the server responded with a status of 404 (Not Found) @ http://localhost:4300/sequences/hero/0138.webp:0
[ 1792178ms] [LOG] [Fast Refresh] rebuilding @ http://localhost:4300/_next/static/chunks/ee53c_next_dist_client_e5d7a3._.js:13665
[ 1792179ms] [LOG] [Fast Refresh] rebuilding @ http://localhost:4300/_next/static/chunks/ee53c_next_dist_client_e5d7a3._.js:13665
[ 1792182ms] [LOG] [Fast Refresh] rebuilding @ http://localhost:4300/_next/static/chunks/ee53c_next_dist_client_e5d7a3._.js:13665
[ 1792182ms] [LOG] [Fast Refresh] rebuilding @ http://localhost:4300/_next/static/chunks/ee53c_next_dist_client_e5d7a3._.js:13665
[ 1792183ms] [LOG] [Fast Refresh] rebuilding @ http://localhost:4300/_next/static/chunks/ee53c_next_dist_client_e5d7a3._.js:13665
[ 1792194ms] [LOG] [Fast Refresh] rebuilding @ http://localhost:4300/_next/static/chunks/ee53c_next_dist_client_e5d7a3._.js:13665
[ 1792195ms] [LOG] [Fast Refresh] rebuilding @ http://localhost:4300/_next/static/chunks/ee53c_next_dist_client_e5d7a3._.js:13665
[ 1792198ms] [LOG] [Fast Refresh] rebuilding @ http://localhost:4300/_next/static/chunks/ee53c_next_dist_client_e5d7a3._.js:13665
[ 1792198ms] [LOG] [Fast Refresh] rebuilding @ http://localhost:4300/_next/static/chunks/ee53c_next_dist_client_e5d7a3._.js:13665
[ 1792199ms] [LOG] [Fast Refresh] rebuilding @ http://localhost:4300/_next/static/chunks/ee53c_next_dist_client_e5d7a3._.js:13665
[ 1798520ms] [LOG] [Fast Refresh] rebuilding @ http://localhost:4300/_next/static/chunks/ee53c_next_dist_client_e5d7a3._.js:13665
[ 1798522ms] [LOG] [Fast Refresh] rebuilding @ http://localhost:4300/_next/static/chunks/ee53c_next_dist_client_e5d7a3._.js:13665
[ 1798523ms] [LOG] [Fast Refresh] rebuilding @ http://localhost:4300/_next/static/chunks/ee53c_next_dist_client_e5d7a3._.js:13665
[ 1798523ms] [LOG] [Fast Refresh] rebuilding @ http://localhost:4300/_next/static/chunks/ee53c_next_dist_client_e5d7a3._.js:13665
[ 1798523ms] [LOG] [Fast Refresh] rebuilding @ http://localhost:4300/_next/static/chunks/ee53c_next_dist_client_e5d7a3._.js:13665
[ 1798524ms] [LOG] [Fast Refresh] rebuilding @ http://localhost:4300/_next/static/chunks/ee53c_next_dist_client_e5d7a3._.js:13665
[ 1798524ms] [LOG] [Fast Refresh] rebuilding @ http://localhost:4300/_next/static/chunks/ee53c_next_dist_client_e5d7a3._.js:13665
[ 1798524ms] [LOG] [Fast Refresh] rebuilding @ http://localhost:4300/_next/static/chunks/ee53c_next_dist_client_e5d7a3._.js:13665
[ 1798636ms] [LOG] [Fast Refresh] rebuilding @ http://localhost:4300/_next/static/chunks/ee53c_next_dist_client_e5d7a3._.js:13665
[ 1798638ms] [LOG] [Fast Refresh] rebuilding @ http://localhost:4300/_next/static/chunks/ee53c_next_dist_client_e5d7a3._.js:13665
[ 1798640ms] [LOG] [Fast Refresh] rebuilding @ http://localhost:4300/_next/static/chunks/ee53c_next_dist_client_e5d7a3._.js:13665
[ 1798654ms] [LOG] [Fast Refresh] rebuilding @ http://localhost:4300/_next/static/chunks/ee53c_next_dist_client_e5d7a3._.js:13665
[ 1798656ms] [LOG] [Fast Refresh] rebuilding @ http://localhost:4300/_next/static/chunks/ee53c_next_dist_client_e5d7a3._.js:13665
[ 1798795ms] [LOG] [Fast Refresh] rebuilding @ http://localhost:4300/_next/static/chunks/ee53c_next_dist_client_e5d7a3._.js:13665
[ 1798825ms] [ERROR] Failed to load resource: the server responded with a status of 404 (Not Found) @ http://localhost:4300/sequences/hero/0148.webp:0
[ 1798834ms] [LOG] [Fast Refresh] rebuilding @ http://localhost:4300/_next/static/chunks/ee53c_next_dist_client_e5d7a3._.js:13665
[ 1802006ms] [ERROR] Failed to load resource: the server responded with a status of 404 (Not Found) @ http://localhost:4300/sequences/hero/0146.webp:0
[ 1802009ms] [ERROR] Failed to load resource: the server responded with a status of 404 (Not Found) @ http://localhost:4300/sequences/hero/0140.webp:0
[ 1802388ms] [ERROR] Failed to load resource: the server responded with a status of 404 (Not Found) @ http://localhost:4300/sequences/hero/0142.webp:0
[ 1802423ms] [ERROR] Failed to load resource: the server responded with a status of 404 (Not Found) @ http://localhost:4300/sequences/hero/0144.webp:0
[ 1802440ms] [ERROR] Failed to load resource: the server responded with a status of 404 (Not Found) @ http://localhost:4300/sequences/hero/0150.webp:0
[ 1802809ms] [LOG] [Fast Refresh] rebuilding @ http://localhost:4300/_next/static/chunks/ee53c_next_dist_client_e5d7a3._.js:13665
[ 1802819ms] [LOG] [Fast Refresh] rebuilding @ http://localhost:4300/_next/static/chunks/ee53c_next_dist_client_e5d7a3._.js:13665
[ 1802826ms] [LOG] [Fast Refresh] rebuilding @ http://localhost:4300/_next/static/chunks/ee53c_next_dist_client_e5d7a3._.js:13665
[ 1802827ms] [LOG] [Fast Refresh] rebuilding @ http://localhost:4300/_next/static/chunks/ee53c_next_dist_client_e5d7a3._.js:13665
[ 1802827ms] [LOG] [Fast Refresh] rebuilding @ http://localhost:4300/_next/static/chunks/ee53c_next_dist_client_e5d7a3._.js:13665
[ 1802831ms] [LOG] [Fast Refresh] rebuilding @ http://localhost:4300/_next/static/chunks/ee53c_next_dist_client_e5d7a3._.js:13665
[ 1802831ms] [LOG] [Fast Refresh] rebuilding @ http://localhost:4300/_next/static/chunks/ee53c_next_dist_client_e5d7a3._.js:13665
[ 1802831ms] [LOG] [Fast Refresh] rebuilding @ http://localhost:4300/_next/static/chunks/ee53c_next_dist_client_e5d7a3._.js:13665
[ 2019234ms] [LOG] [Fast Refresh] rebuilding @ http://localhost:4300/_next/static/chunks/ee53c_next_dist_client_e5d7a3._.js:13665
[ 2233787ms] [LOG] [Fast Refresh] rebuilding @ http://localhost:4300/_next/static/chunks/ee53c_next_dist_client_e5d7a3._.js:13665
[ 2249020ms] [LOG] [Fast Refresh] rebuilding @ http://localhost:4300/_next/static/chunks/ee53c_next_dist_client_e5d7a3._.js:13665
[ 2487979ms] [LOG] [Fast Refresh] rebuilding @ http://localhost:4300/_next/static/chunks/ee53c_next_dist_client_e5d7a3._.js:13665
[ 2488464ms] [LOG] [Fast Refresh] rebuilding @ http://localhost:4300/_next/static/chunks/ee53c_next_dist_client_e5d7a3._.js:13665
[ 2523359ms] [LOG] [Fast Refresh] rebuilding @ http://localhost:4300/_next/static/chunks/ee53c_next_dist_client_e5d7a3._.js:13665
[ 2551948ms] [LOG] [Fast Refresh] rebuilding @ http://localhost:4300/_next/static/chunks/ee53c_next_dist_client_e5d7a3._.js:13665
[ 2553975ms] [LOG] [Fast Refresh] rebuilding @ http://localhost:4300/_next/static/chunks/ee53c_next_dist_client_e5d7a3._.js:13665
[ 2553981ms] [LOG] [Fast Refresh] done in 6ms @ http://localhost:4300/_next/static/chunks/ee53c_next_dist_client_e5d7a3._.js:13492
[ 2565583ms] [LOG] [Fast Refresh] rebuilding @ http://localhost:4300/_next/static/chunks/ee53c_next_dist_client_e5d7a3._.js:13665
[ 2566398ms] [LOG] [Fast Refresh] done in 816ms @ http://localhost:4300/_next/static/chunks/ee53c_next_dist_client_e5d7a3._.js:13492
[ 2597002ms] [LOG] [Fast Refresh] rebuilding @ http://localhost:4300/_next/static/chunks/ee53c_next_dist_client_e5d7a3._.js:13665
[ 2598021ms] [LOG] [Fast Refresh] done in 1019ms @ http://localhost:4300/_next/static/chunks/ee53c_next_dist_client_e5d7a3._.js:13492
[ 2598633ms] [ERROR] [Turbopack HMR] Expected module to match pattern: [project]/apps/website/src/i18n/en.json (json) @ http://localhost:4300/_next/static/chunks/ee53c_next_dist_client_e5d7a3._.js:993
[ 2598646ms] [ERROR] [Turbopack HMR] Expected module to match pattern: [project]/apps/website/src/i18n/fr.json (json) @ http://localhost:4300/_next/static/chunks/ee53c_next_dist_client_e5d7a3._.js:993
[ 2598661ms] [LOG] [Fast Refresh] done in 1658ms @ http://localhost:4300/_next/static/chunks/ee53c_next_dist_client_e5d7a3._.js:13492
[ 2598726ms] [LOG] [Fast Refresh] rebuilding @ http://localhost:4300/_next/static/chunks/ee53c_next_dist_client_e5d7a3._.js:13665
[ 2598866ms] [LOG] [Fast Refresh] rebuilding @ http://localhost:4300/_next/static/chunks/ee53c_next_dist_client_e5d7a3._.js:13665
[ 2598939ms] [LOG] [Fast Refresh] rebuilding @ http://localhost:4300/_next/static/chunks/ee53c_next_dist_client_e5d7a3._.js:13665
[ 2599037ms] [LOG] [Fast Refresh] rebuilding @ http://localhost:4300/_next/static/chunks/ee53c_next_dist_client_e5d7a3._.js:13665
[ 2599253ms] [LOG] [Fast Refresh] rebuilding @ http://localhost:4300/_next/static/chunks/ee53c_next_dist_client_e5d7a3._.js:13665
[ 2599318ms] [LOG] [Fast Refresh] rebuilding @ http://localhost:4300/_next/static/chunks/ee53c_next_dist_client_e5d7a3._.js:13665
[ 2599466ms] [LOG] [Fast Refresh] rebuilding @ http://localhost:4300/_next/static/chunks/ee53c_next_dist_client_e5d7a3._.js:13665
[ 2599575ms] [LOG] [Fast Refresh] rebuilding @ http://localhost:4300/_next/static/chunks/ee53c_next_dist_client_e5d7a3._.js:13665
[ 2599657ms] [LOG] [Fast Refresh] rebuilding @ http://localhost:4300/_next/static/chunks/ee53c_next_dist_client_e5d7a3._.js:13665
[ 2599896ms] [LOG] [Fast Refresh] rebuilding @ http://localhost:4300/_next/static/chunks/ee53c_next_dist_client_e5d7a3._.js:13665
[ 2601229ms] [LOG] [Fast Refresh] rebuilding @ http://localhost:4300/_next/static/chunks/ee53c_next_dist_client_e5d7a3._.js:13665
[ 2614317ms] [INFO] %cDownload the React DevTools for a better development experience: https://react.dev/link/react-devtools font-weight:bold @ http://localhost:4300/_next/static/chunks/ee53c_next_dist_compiled_react-dom_20e176._.js:13948
[ 2623071ms] [WARNING] The resource http://localhost:4300/_next/static/chunks/%5Broot%20of%20the%20server%5D__c7eba6._.css was preloaded using link preload but not used within a few seconds from the window's load event. Please make sure it has an appropriate `as` value and it is preloaded intentionally. @ http://localhost:4300/fr:0
[ 2623225ms] [LOG] [Fast Refresh] rebuilding @ http://localhost:4300/_next/static/chunks/ee53c_next_dist_client_e5d7a3._.js:13665
[ 2623231ms] [LOG] [Fast Refresh] rebuilding @ http://localhost:4300/_next/static/chunks/ee53c_next_dist_client_e5d7a3._.js:13665
[ 2623240ms] [LOG] [Fast Refresh] rebuilding @ http://localhost:4300/_next/static/chunks/ee53c_next_dist_client_e5d7a3._.js:13665
[ 2623243ms] [LOG] [Fast Refresh] rebuilding @ http://localhost:4300/_next/static/chunks/ee53c_next_dist_client_e5d7a3._.js:13665
[ 2623245ms] [LOG] [Fast Refresh] rebuilding @ http://localhost:4300/_next/static/chunks/ee53c_next_dist_client_e5d7a3._.js:13665
[ 2623249ms] [LOG] [Fast Refresh] rebuilding @ http://localhost:4300/_next/static/chunks/ee53c_next_dist_client_e5d7a3._.js:13665
[ 2623251ms] [LOG] [Fast Refresh] rebuilding @ http://localhost:4300/_next/static/chunks/ee53c_next_dist_client_e5d7a3._.js:13665
[ 2623266ms] [LOG] [Fast Refresh] rebuilding @ http://localhost:4300/_next/static/chunks/ee53c_next_dist_client_e5d7a3._.js:13665
[ 2623268ms] [LOG] [Fast Refresh] rebuilding @ http://localhost:4300/_next/static/chunks/ee53c_next_dist_client_e5d7a3._.js:13665
[ 2623274ms] [LOG] [Fast Refresh] rebuilding @ http://localhost:4300/_next/static/chunks/ee53c_next_dist_client_e5d7a3._.js:13665
[ 2623279ms] [LOG] [Fast Refresh] rebuilding @ http://localhost:4300/_next/static/chunks/ee53c_next_dist_client_e5d7a3._.js:13665
[ 2623285ms] [LOG] [Fast Refresh] rebuilding @ http://localhost:4300/_next/static/chunks/ee53c_next_dist_client_e5d7a3._.js:13665
[ 2623287ms] [LOG] [Fast Refresh] rebuilding @ http://localhost:4300/_next/static/chunks/ee53c_next_dist_client_e5d7a3._.js:13665
[ 2623295ms] [LOG] [Fast Refresh] rebuilding @ http://localhost:4300/_next/static/chunks/ee53c_next_dist_client_e5d7a3._.js:13665
[ 2623301ms] [LOG] [Fast Refresh] rebuilding @ http://localhost:4300/_next/static/chunks/ee53c_next_dist_client_e5d7a3._.js:13665
[ 2623315ms] [LOG] [Fast Refresh] rebuilding @ http://localhost:4300/_next/static/chunks/ee53c_next_dist_client_e5d7a3._.js:13665
[ 2623327ms] [LOG] [Fast Refresh] rebuilding @ http://localhost:4300/_next/static/chunks/ee53c_next_dist_client_e5d7a3._.js:13665
[ 2623334ms] [LOG] [Fast Refresh] rebuilding @ http://localhost:4300/_next/static/chunks/ee53c_next_dist_client_e5d7a3._.js:13665
[ 2623336ms] [LOG] [Fast Refresh] rebuilding @ http://localhost:4300/_next/static/chunks/ee53c_next_dist_client_e5d7a3._.js:13665
[ 2623348ms] [LOG] [Fast Refresh] rebuilding @ http://localhost:4300/_next/static/chunks/ee53c_next_dist_client_e5d7a3._.js:13665
[ 2623396ms] [ERROR] Failed to load resource: the server responded with a status of 404 (Not Found) @ http://localhost:4300/sequences/hero/0017.webp:0
[ 2623397ms] [ERROR] Failed to load resource: the server responded with a status of 404 (Not Found) @ http://localhost:4300/sequences/hero/0001.webp:0
[ 2623399ms] [ERROR] Failed to load resource: the server responded with a status of 404 (Not Found) @ http://localhost:4300/sequences/hero/0033.webp:0
[ 2623417ms] [ERROR] Failed to load resource: the server responded with a status of 404 (Not Found) @ http://localhost:4300/sequences/hero/0049.webp:0
[ 2623418ms] [ERROR] Failed to load resource: the server responded with a status of 404 (Not Found) @ http://localhost:4300/sequences/hero/0065.webp:0
[ 2623420ms] [ERROR] Failed to load resource: the server responded with a status of 404 (Not Found) @ http://localhost:4300/sequences/hero/0081.webp:0
[ 2623441ms] [LOG] [Fast Refresh] rebuilding @ http://localhost:4300/_next/static/chunks/ee53c_next_dist_client_e5d7a3._.js:13665
[ 2624663ms] [LOG] [Fast Refresh] rebuilding @ http://localhost:4300/_next/static/chunks/ee53c_next_dist_client_e5d7a3._.js:13665
[ 2624716ms] [LOG] [Fast Refresh] rebuilding @ http://localhost:4300/_next/static/chunks/ee53c_next_dist_client_e5d7a3._.js:13665
[ 2624751ms] [LOG] [Fast Refresh] rebuilding @ http://localhost:4300/_next/static/chunks/ee53c_next_dist_client_e5d7a3._.js:13665
[ 2624775ms] [LOG] [Fast Refresh] rebuilding @ http://localhost:4300/_next/static/chunks/ee53c_next_dist_client_e5d7a3._.js:13665
[ 2626343ms] [LOG] [Fast Refresh] rebuilding @ http://localhost:4300/_next/static/chunks/ee53c_next_dist_client_e5d7a3._.js:13665
[ 2626386ms] [LOG] [Fast Refresh] rebuilding @ http://localhost:4300/_next/static/chunks/ee53c_next_dist_client_e5d7a3._.js:13665
[ 2626387ms] [LOG] [Fast Refresh] rebuilding @ http://localhost:4300/_next/static/chunks/ee53c_next_dist_client_e5d7a3._.js:13665
[ 2626392ms] [LOG] [Fast Refresh] rebuilding @ http://localhost:4300/_next/static/chunks/ee53c_next_dist_client_e5d7a3._.js:13665
[ 2626393ms] [LOG] [Fast Refresh] rebuilding @ http://localhost:4300/_next/static/chunks/ee53c_next_dist_client_e5d7a3._.js:13665
[ 2626395ms] [LOG] [Fast Refresh] rebuilding @ http://localhost:4300/_next/static/chunks/ee53c_next_dist_client_e5d7a3._.js:13665
[ 2626398ms] [LOG] [Fast Refresh] rebuilding @ http://localhost:4300/_next/static/chunks/ee53c_next_dist_client_e5d7a3._.js:13665
[ 2626413ms] [ERROR] Failed to load resource: the server responded with a status of 404 (Not Found) @ http://localhost:4300/sequences/hero/0097.webp:0
[ 2626435ms] [ERROR] Failed to load resource: the server responded with a status of 404 (Not Found) @ http://localhost:4300/sequences/hero/0113.webp:0
[ 2626472ms] [ERROR] Failed to load resource: the server responded with a status of 404 (Not Found) @ http://localhost:4300/sequences/hero/0129.webp:0
[ 2626481ms] [LOG] [Fast Refresh] rebuilding @ http://localhost:4300/_next/static/chunks/ee53c_next_dist_client_e5d7a3._.js:13665
[ 2626614ms] [LOG] [Fast Refresh] rebuilding @ http://localhost:4300/_next/static/chunks/ee53c_next_dist_client_e5d7a3._.js:13665
[ 2626614ms] [LOG] [Fast Refresh] rebuilding @ http://localhost:4300/_next/static/chunks/ee53c_next_dist_client_e5d7a3._.js:13665
[ 2626883ms] [LOG] [Fast Refresh] rebuilding @ http://localhost:4300/_next/static/chunks/ee53c_next_dist_client_e5d7a3._.js:13665
[ 2626898ms] [LOG] [Fast Refresh] rebuilding @ http://localhost:4300/_next/static/chunks/ee53c_next_dist_client_e5d7a3._.js:13665
[ 2626916ms] [ERROR] Failed to load resource: the server responded with a status of 404 (Not Found) @ http://localhost:4300/sequences/hero/0145.webp:0
[ 2626931ms] [LOG] [Fast Refresh] rebuilding @ http://localhost:4300/_next/static/chunks/ee53c_next_dist_client_e5d7a3._.js:13665
[ 2626942ms] [ERROR] Failed to load resource: the server responded with a status of 404 (Not Found) @ http://localhost:4300/sequences/hero/0025.webp:0
[ 2627030ms] [ERROR] Failed to load resource: the server responded with a status of 404 (Not Found) @ http://localhost:4300/sequences/hero/0009.webp:0
[ 2627034ms] [LOG] [Fast Refresh] rebuilding @ http://localhost:4300/_next/static/chunks/ee53c_next_dist_client_e5d7a3._.js:13665
[ 2627380ms] [LOG] [Fast Refresh] rebuilding @ http://localhost:4300/_next/static/chunks/ee53c_next_dist_client_e5d7a3._.js:13665
[ 2627392ms] [LOG] [Fast Refresh] rebuilding @ http://localhost:4300/_next/static/chunks/ee53c_next_dist_client_e5d7a3._.js:13665
[ 2627399ms] [LOG] [Fast Refresh] rebuilding @ http://localhost:4300/_next/static/chunks/ee53c_next_dist_client_e5d7a3._.js:13665
[ 2627416ms] [ERROR] Failed to load resource: the server responded with a status of 404 (Not Found) @ http://localhost:4300/sequences/hero/0041.webp:0
[ 2627424ms] [ERROR] Failed to load resource: the server responded with a status of 404 (Not Found) @ http://localhost:4300/sequences/hero/0073.webp:0
[ 2627436ms] [ERROR] Failed to load resource: the server responded with a status of 404 (Not Found) @ http://localhost:4300/sequences/hero/0057.webp:0
[ 2627464ms] [LOG] [Fast Refresh] rebuilding @ http://localhost:4300/_next/static/chunks/ee53c_next_dist_client_e5d7a3._.js:13665
[ 2627647ms] [LOG] [Fast Refresh] rebuilding @ http://localhost:4300/_next/static/chunks/ee53c_next_dist_client_e5d7a3._.js:13665
[ 2627775ms] [ERROR] Failed to load resource: the server responded with a status of 404 (Not Found) @ http://localhost:4300/sequences/hero/0121.webp:0
[ 2628292ms] [LOG] [Fast Refresh] rebuilding @ http://localhost:4300/_next/static/chunks/ee53c_next_dist_client_e5d7a3._.js:13665
[ 2628300ms] [LOG] [Fast Refresh] rebuilding @ http://localhost:4300/_next/static/chunks/ee53c_next_dist_client_e5d7a3._.js:13665
[ 2628401ms] [LOG] [Fast Refresh] rebuilding @ http://localhost:4300/_next/static/chunks/ee53c_next_dist_client_e5d7a3._.js:13665
[ 2629873ms] [ERROR] Failed to load resource: the server responded with a status of 404 (Not Found) @ http://localhost:4300/sequences/hero/0105.webp:0
[ 2629874ms] [ERROR] Failed to load resource: the server responded with a status of 404 (Not Found) @ http://localhost:4300/sequences/hero/0089.webp:0
[ 2629875ms] [ERROR] Failed to load resource: the server responded with a status of 404 (Not Found) @ http://localhost:4300/sequences/hero/0137.webp:0
[ 2629875ms] [ERROR] Failed to load resource: the server responded with a status of 404 (Not Found) @ http://localhost:4300/sequences/hero/0013.webp:0
[ 2629876ms] [ERROR] Failed to load resource: the server responded with a status of 404 (Not Found) @ http://localhost:4300/sequences/hero/0005.webp:0
[ 2629883ms] [ERROR] Failed to load resource: the server responded with a status of 404 (Not Found) @ http://localhost:4300/sequences/hero/0021.webp:0
[ 2629896ms] [LOG] [Fast Refresh] rebuilding @ http://localhost:4300/_next/static/chunks/ee53c_next_dist_client_e5d7a3._.js:13665
[ 2629903ms] [LOG] [Fast Refresh] rebuilding @ http://localhost:4300/_next/static/chunks/ee53c_next_dist_client_e5d7a3._.js:13665
[ 2629903ms] [LOG] [Fast Refresh] rebuilding @ http://localhost:4300/_next/static/chunks/ee53c_next_dist_client_e5d7a3._.js:13665
[ 2629906ms] [LOG] [Fast Refresh] rebuilding @ http://localhost:4300/_next/static/chunks/ee53c_next_dist_client_e5d7a3._.js:13665
[ 2629906ms] [LOG] [Fast Refresh] rebuilding @ http://localhost:4300/_next/static/chunks/ee53c_next_dist_client_e5d7a3._.js:13665
[ 2629907ms] [LOG] [Fast Refresh] rebuilding @ http://localhost:4300/_next/static/chunks/ee53c_next_dist_client_e5d7a3._.js:13665
[ 2629909ms] [LOG] [Fast Refresh] rebuilding @ http://localhost:4300/_next/static/chunks/ee53c_next_dist_client_e5d7a3._.js:13665
[ 2629966ms] [LOG] [Fast Refresh] rebuilding @ http://localhost:4300/_next/static/chunks/ee53c_next_dist_client_e5d7a3._.js:13665
[ 2631634ms] [ERROR] Failed to load resource: the server responded with a status of 404 (Not Found) @ http://localhost:4300/sequences/hero/0029.webp:0
[ 2631635ms] [ERROR] Failed to load resource: the server responded with a status of 404 (Not Found) @ http://localhost:4300/sequences/hero/0037.webp:0
[ 2631636ms] [ERROR] Failed to load resource: the server responded with a status of 404 (Not Found) @ http://localhost:4300/sequences/hero/0045.webp:0
[ 2631638ms] [ERROR] Failed to load resource: the server responded with a status of 404 (Not Found) @ http://localhost:4300/sequences/hero/0069.webp:0
[ 2631638ms] [ERROR] Failed to load resource: the server responded with a status of 404 (Not Found) @ http://localhost:4300/sequences/hero/0061.webp:0
[ 2631639ms] [ERROR] Failed to load resource: the server responded with a status of 404 (Not Found) @ http://localhost:4300/sequences/hero/0053.webp:0
[ 2631647ms] [LOG] [Fast Refresh] rebuilding @ http://localhost:4300/_next/static/chunks/ee53c_next_dist_client_e5d7a3._.js:13665
[ 2631647ms] [LOG] [Fast Refresh] rebuilding @ http://localhost:4300/_next/static/chunks/ee53c_next_dist_client_e5d7a3._.js:13665
[ 2631648ms] [LOG] [Fast Refresh] rebuilding @ http://localhost:4300/_next/static/chunks/ee53c_next_dist_client_e5d7a3._.js:13665
[ 2631648ms] [LOG] [Fast Refresh] rebuilding @ http://localhost:4300/_next/static/chunks/ee53c_next_dist_client_e5d7a3._.js:13665
[ 2631648ms] [LOG] [Fast Refresh] rebuilding @ http://localhost:4300/_next/static/chunks/ee53c_next_dist_client_e5d7a3._.js:13665
[ 2631649ms] [LOG] [Fast Refresh] rebuilding @ http://localhost:4300/_next/static/chunks/ee53c_next_dist_client_e5d7a3._.js:13665
[ 2631649ms] [LOG] [Fast Refresh] rebuilding @ http://localhost:4300/_next/static/chunks/ee53c_next_dist_client_e5d7a3._.js:13665
[ 2631651ms] [LOG] [Fast Refresh] rebuilding @ http://localhost:4300/_next/static/chunks/ee53c_next_dist_client_e5d7a3._.js:13665
[ 2631652ms] [LOG] [Fast Refresh] rebuilding @ http://localhost:4300/_next/static/chunks/ee53c_next_dist_client_e5d7a3._.js:13665
[ 2631652ms] [LOG] [Fast Refresh] rebuilding @ http://localhost:4300/_next/static/chunks/ee53c_next_dist_client_e5d7a3._.js:13665
[ 2631653ms] [LOG] [Fast Refresh] rebuilding @ http://localhost:4300/_next/static/chunks/ee53c_next_dist_client_e5d7a3._.js:13665
[ 2631654ms] [LOG] [Fast Refresh] rebuilding @ http://localhost:4300/_next/static/chunks/ee53c_next_dist_client_e5d7a3._.js:13665
[ 2631655ms] [LOG] [Fast Refresh] rebuilding @ http://localhost:4300/_next/static/chunks/ee53c_next_dist_client_e5d7a3._.js:13665
[ 2635353ms] [ERROR] Failed to load resource: the server responded with a status of 404 (Not Found) @ http://localhost:4300/sequences/hero/0077.webp:0
[ 2635355ms] [ERROR] Failed to load resource: the server responded with a status of 404 (Not Found) @ http://localhost:4300/sequences/hero/0085.webp:0
[ 2635361ms] [ERROR] Failed to load resource: the server responded with a status of 404 (Not Found) @ http://localhost:4300/sequences/hero/0101.webp:0
[ 2635362ms] [ERROR] Failed to load resource: the server responded with a status of 404 (Not Found) @ http://localhost:4300/sequences/hero/0093.webp:0
[ 2635362ms] [ERROR] Failed to load resource: the server responded with a status of 404 (Not Found) @ http://localhost:4300/sequences/hero/0109.webp:0
[ 2635363ms] [ERROR] Failed to load resource: the server responded with a status of 404 (Not Found) @ http://localhost:4300/sequences/hero/0117.webp:0
[ 2635367ms] [LOG] [Fast Refresh] rebuilding @ http://localhost:4300/_next/static/chunks/ee53c_next_dist_client_e5d7a3._.js:13665
[ 2635383ms] [LOG] [Fast Refresh] rebuilding @ http://localhost:4300/_next/static/chunks/ee53c_next_dist_client_e5d7a3._.js:13665
[ 2635384ms] [LOG] [Fast Refresh] rebuilding @ http://localhost:4300/_next/static/chunks/ee53c_next_dist_client_e5d7a3._.js:13665
[ 2635385ms] [LOG] [Fast Refresh] rebuilding @ http://localhost:4300/_next/static/chunks/ee53c_next_dist_client_e5d7a3._.js:13665
[ 2635386ms] [LOG] [Fast Refresh] rebuilding @ http://localhost:4300/_next/static/chunks/ee53c_next_dist_client_e5d7a3._.js:13665
[ 2635389ms] [LOG] [Fast Refresh] rebuilding @ http://localhost:4300/_next/static/chunks/ee53c_next_dist_client_e5d7a3._.js:13665
[ 2635389ms] [LOG] [Fast Refresh] rebuilding @ http://localhost:4300/_next/static/chunks/ee53c_next_dist_client_e5d7a3._.js:13665
[ 2635390ms] [LOG] [Fast Refresh] rebuilding @ http://localhost:4300/_next/static/chunks/ee53c_next_dist_client_e5d7a3._.js:13665
[ 2635390ms] [LOG] [Fast Refresh] rebuilding @ http://localhost:4300/_next/static/chunks/ee53c_next_dist_client_e5d7a3._.js:13665
[ 2635390ms] [LOG] [Fast Refresh] rebuilding @ http://localhost:4300/_next/static/chunks/ee53c_next_dist_client_e5d7a3._.js:13665
[ 2635391ms] [LOG] [Fast Refresh] rebuilding @ http://localhost:4300/_next/static/chunks/ee53c_next_dist_client_e5d7a3._.js:13665
[ 2635391ms] [LOG] [Fast Refresh] rebuilding @ http://localhost:4300/_next/static/chunks/ee53c_next_dist_client_e5d7a3._.js:13665
[ 2637125ms] [LOG] [Fast Refresh] rebuilding @ http://localhost:4300/_next/static/chunks/ee53c_next_dist_client_e5d7a3._.js:13665
[ 2637129ms] [LOG] [Fast Refresh] rebuilding @ http://localhost:4300/_next/static/chunks/ee53c_next_dist_client_e5d7a3._.js:13665
[ 2637133ms] [LOG] [Fast Refresh] rebuilding @ http://localhost:4300/_next/static/chunks/ee53c_next_dist_client_e5d7a3._.js:13665
[ 2637136ms] [LOG] [Fast Refresh] rebuilding @ http://localhost:4300/_next/static/chunks/ee53c_next_dist_client_e5d7a3._.js:13665
[ 2637794ms] [ERROR] Failed to load resource: the server responded with a status of 404 (Not Found) @ http://localhost:4300/sequences/hero/0141.webp:0
[ 2637814ms] [ERROR] Failed to load resource: the server responded with a status of 404 (Not Found) @ http://localhost:4300/sequences/hero/0125.webp:0
[ 2637816ms] [ERROR] Failed to load resource: the server responded with a status of 404 (Not Found) @ http://localhost:4300/sequences/hero/0133.webp:0
[ 2637819ms] [ERROR] Failed to load resource: the server responded with a status of 404 (Not Found) @ http://localhost:4300/sequences/hero/0149.webp:0
[ 2637825ms] [ERROR] Failed to load resource: the server responded with a status of 404 (Not Found) @ http://localhost:4300/sequences/hero/0007.webp:0
[ 2637827ms] [LOG] [Fast Refresh] rebuilding @ http://localhost:4300/_next/static/chunks/ee53c_next_dist_client_e5d7a3._.js:13665
[ 2637833ms] [LOG] [Fast Refresh] rebuilding @ http://localhost:4300/_next/static/chunks/ee53c_next_dist_client_e5d7a3._.js:13665
[ 2637834ms] [LOG] [Fast Refresh] rebuilding @ http://localhost:4300/_next/static/chunks/ee53c_next_dist_client_e5d7a3._.js:13665
[ 2637842ms] [LOG] [Fast Refresh] rebuilding @ http://localhost:4300/_next/static/chunks/ee53c_next_dist_client_e5d7a3._.js:13665
[ 2637843ms] [LOG] [Fast Refresh] rebuilding @ http://localhost:4300/_next/static/chunks/ee53c_next_dist_client_e5d7a3._.js:13665
[ 2637845ms] [LOG] [Fast Refresh] rebuilding @ http://localhost:4300/_next/static/chunks/ee53c_next_dist_client_e5d7a3._.js:13665
[ 2637846ms] [LOG] [Fast Refresh] rebuilding @ http://localhost:4300/_next/static/chunks/ee53c_next_dist_client_e5d7a3._.js:13665
[ 2637846ms] [LOG] [Fast Refresh] rebuilding @ http://localhost:4300/_next/static/chunks/ee53c_next_dist_client_e5d7a3._.js:13665
[ 2637847ms] [LOG] [Fast Refresh] rebuilding @ http://localhost:4300/_next/static/chunks/ee53c_next_dist_client_e5d7a3._.js:13665
[ 2637928ms] [LOG] [Fast Refresh] rebuilding @ http://localhost:4300/_next/static/chunks/ee53c_next_dist_client_e5d7a3._.js:13665
[ 2639606ms] [ERROR] Failed to load resource: the server responded with a status of 404 (Not Found) @ http://localhost:4300/sequences/hero/0019.webp:0
[ 2639611ms] [ERROR] Failed to load resource: the server responded with a status of 404 (Not Found) @ http://localhost:4300/sequences/hero/0023.webp:0
[ 2639614ms] [ERROR] Failed to load resource: the server responded with a status of 404 (Not Found) @ http://localhost:4300/sequences/hero/0027.webp:0
[ 2639616ms] [ERROR] Failed to load resource: the server responded with a status of 404 (Not Found) @ http://localhost:4300/sequences/hero/0031.webp:0
[ 2639626ms] [ERROR] Failed to load resource: the server responded with a status of 404 (Not Found) @ http://localhost:4300/sequences/hero/0015.webp:0
[ 2639639ms] [ERROR] Failed to load resource: the server responded with a status of 404 (Not Found) @ http://localhost:4300/sequences/hero/0011.webp:0
[ 2639648ms] [LOG] [Fast Refresh] rebuilding @ http://localhost:4300/_next/static/chunks/ee53c_next_dist_client_e5d7a3._.js:13665
[ 2639649ms] [LOG] [Fast Refresh] rebuilding @ http://localhost:4300/_next/static/chunks/ee53c_next_dist_client_e5d7a3._.js:13665
[ 2639650ms] [LOG] [Fast Refresh] rebuilding @ http://localhost:4300/_next/static/chunks/ee53c_next_dist_client_e5d7a3._.js:13665
[ 2639651ms] [LOG] [Fast Refresh] rebuilding @ http://localhost:4300/_next/static/chunks/ee53c_next_dist_client_e5d7a3._.js:13665
[ 2639652ms] [LOG] [Fast Refresh] rebuilding @ http://localhost:4300/_next/static/chunks/ee53c_next_dist_client_e5d7a3._.js:13665
[ 2639656ms] [LOG] [Fast Refresh] rebuilding @ http://localhost:4300/_next/static/chunks/ee53c_next_dist_client_e5d7a3._.js:13665
[ 2639658ms] [LOG] [Fast Refresh] rebuilding @ http://localhost:4300/_next/static/chunks/ee53c_next_dist_client_e5d7a3._.js:13665
[ 2639661ms] [LOG] [Fast Refresh] rebuilding @ http://localhost:4300/_next/static/chunks/ee53c_next_dist_client_e5d7a3._.js:13665
[ 2639664ms] [LOG] [Fast Refresh] rebuilding @ http://localhost:4300/_next/static/chunks/ee53c_next_dist_client_e5d7a3._.js:13665
[ 2639675ms] [LOG] [Fast Refresh] rebuilding @ http://localhost:4300/_next/static/chunks/ee53c_next_dist_client_e5d7a3._.js:13665
[ 2639767ms] [LOG] [Fast Refresh] rebuilding @ http://localhost:4300/_next/static/chunks/ee53c_next_dist_client_e5d7a3._.js:13665
[ 2639983ms] [LOG] [Fast Refresh] rebuilding @ http://localhost:4300/_next/static/chunks/ee53c_next_dist_client_e5d7a3._.js:13665
[ 2639984ms] [LOG] [Fast Refresh] rebuilding @ http://localhost:4300/_next/static/chunks/ee53c_next_dist_client_e5d7a3._.js:13665
[ 2639984ms] [LOG] [Fast Refresh] rebuilding @ http://localhost:4300/_next/static/chunks/ee53c_next_dist_client_e5d7a3._.js:13665
[ 2639985ms] [LOG] [Fast Refresh] rebuilding @ http://localhost:4300/_next/static/chunks/ee53c_next_dist_client_e5d7a3._.js:13665
[ 2640091ms] [LOG] [Fast Refresh] rebuilding @ http://localhost:4300/_next/static/chunks/ee53c_next_dist_client_e5d7a3._.js:13665
[ 2640118ms] [LOG] [Fast Refresh] rebuilding @ http://localhost:4300/_next/static/chunks/ee53c_next_dist_client_e5d7a3._.js:13665
[ 2640212ms] [LOG] [Fast Refresh] rebuilding @ http://localhost:4300/_next/static/chunks/ee53c_next_dist_client_e5d7a3._.js:13665
[ 2640228ms] [ERROR] Failed to load resource: the server responded with a status of 404 (Not Found) @ http://localhost:4300/sequences/hero/0035.webp:0
[ 2640938ms] [LOG] [Fast Refresh] rebuilding @ http://localhost:4300/_next/static/chunks/ee53c_next_dist_client_e5d7a3._.js:13665
[ 2640950ms] [LOG] [Fast Refresh] rebuilding @ http://localhost:4300/_next/static/chunks/ee53c_next_dist_client_e5d7a3._.js:13665
[ 2640956ms] [LOG] [Fast Refresh] rebuilding @ http://localhost:4300/_next/static/chunks/ee53c_next_dist_client_e5d7a3._.js:13665
[ 2640960ms] [LOG] [Fast Refresh] rebuilding @ http://localhost:4300/_next/static/chunks/ee53c_next_dist_client_e5d7a3._.js:13665
[ 2640969ms] [LOG] [Fast Refresh] rebuilding @ http://localhost:4300/_next/static/chunks/ee53c_next_dist_client_e5d7a3._.js:13665
[ 2640993ms] [ERROR] Failed to load resource: the server responded with a status of 404 (Not Found) @ http://localhost:4300/sequences/hero/0039.webp:0
[ 2641011ms] [ERROR] Failed to load resource: the server responded with a status of 404 (Not Found) @ http://localhost:4300/sequences/hero/0047.webp:0
[ 2641015ms] [ERROR] Failed to load resource: the server responded with a status of 404 (Not Found) @ http://localhost:4300/sequences/hero/0043.webp:0
[ 2641019ms] [ERROR] Failed to load resource: the server responded with a status of 404 (Not Found) @ http://localhost:4300/sequences/hero/0055.webp:0
[ 2641025ms] [ERROR] Failed to load resource: the server responded with a status of 404 (Not Found) @ http://localhost:4300/sequences/hero/0051.webp:0
[ 2641039ms] [LOG] [Fast Refresh] rebuilding @ http://localhost:4300/_next/static/chunks/ee53c_next_dist_client_e5d7a3._.js:13665
[ 2641256ms] [LOG] [Fast Refresh] rebuilding @ http://localhost:4300/_next/static/chunks/ee53c_next_dist_client_e5d7a3._.js:13665
[ 2641258ms] [LOG] [Fast Refresh] rebuilding @ http://localhost:4300/_next/static/chunks/ee53c_next_dist_client_e5d7a3._.js:13665
[ 2641263ms] [LOG] [Fast Refresh] rebuilding @ http://localhost:4300/_next/static/chunks/ee53c_next_dist_client_e5d7a3._.js:13665
[ 2641291ms] [ERROR] Failed to load resource: the server responded with a status of 404 (Not Found) @ http://localhost:4300/sequences/hero/0059.webp:0
[ 2641297ms] [LOG] [Fast Refresh] rebuilding @ http://localhost:4300/_next/static/chunks/ee53c_next_dist_client_e5d7a3._.js:13665
[ 2643737ms] [ERROR] Failed to load resource: the server responded with a status of 404 (Not Found) @ http://localhost:4300/sequences/hero/0063.webp:0
[ 2643741ms] [ERROR] Failed to load resource: the server responded with a status of 404 (Not Found) @ http://localhost:4300/sequences/hero/0067.webp:0
[ 2643745ms] [ERROR] Failed to load resource: the server responded with a status of 404 (Not Found) @ http://localhost:4300/sequences/hero/0079.webp:0
[ 2643746ms] [ERROR] Failed to load resource: the server responded with a status of 404 (Not Found) @ http://localhost:4300/sequences/hero/0075.webp:0
[ 2643750ms] [ERROR] Failed to load resource: the server responded with a status of 404 (Not Found) @ http://localhost:4300/sequences/hero/0083.webp:0
[ 2643751ms] [ERROR] Failed to load resource: the server responded with a status of 404 (Not Found) @ http://localhost:4300/sequences/hero/0071.webp:0
[ 2643756ms] [LOG] [Fast Refresh] rebuilding @ http://localhost:4300/_next/static/chunks/ee53c_next_dist_client_e5d7a3._.js:13665
[ 2643759ms] [LOG] [Fast Refresh] rebuilding @ http://localhost:4300/_next/static/chunks/ee53c_next_dist_client_e5d7a3._.js:13665
[ 2643762ms] [LOG] [Fast Refresh] rebuilding @ http://localhost:4300/_next/static/chunks/ee53c_next_dist_client_e5d7a3._.js:13665
[ 2643779ms] [LOG] [Fast Refresh] rebuilding @ http://localhost:4300/_next/static/chunks/ee53c_next_dist_client_e5d7a3._.js:13665
[ 2643792ms] [LOG] [Fast Refresh] rebuilding @ http://localhost:4300/_next/static/chunks/ee53c_next_dist_client_e5d7a3._.js:13665
[ 2643797ms] [LOG] [Fast Refresh] rebuilding @ http://localhost:4300/_next/static/chunks/ee53c_next_dist_client_e5d7a3._.js:13665
[ 2643800ms] [LOG] [Fast Refresh] rebuilding @ http://localhost:4300/_next/static/chunks/ee53c_next_dist_client_e5d7a3._.js:13665
[ 2643805ms] [LOG] [Fast Refresh] rebuilding @ http://localhost:4300/_next/static/chunks/ee53c_next_dist_client_e5d7a3._.js:13665
[ 2643811ms] [LOG] [Fast Refresh] rebuilding @ http://localhost:4300/_next/static/chunks/ee53c_next_dist_client_e5d7a3._.js:13665
[ 2643817ms] [LOG] [Fast Refresh] rebuilding @ http://localhost:4300/_next/static/chunks/ee53c_next_dist_client_e5d7a3._.js:13665
[ 2643832ms] [LOG] [Fast Refresh] rebuilding @ http://localhost:4300/_next/static/chunks/ee53c_next_dist_client_e5d7a3._.js:13665
[ 2643871ms] [LOG] [Fast Refresh] rebuilding @ http://localhost:4300/_next/static/chunks/ee53c_next_dist_client_e5d7a3._.js:13665
[ 2643874ms] [LOG] [Fast Refresh] rebuilding @ http://localhost:4300/_next/static/chunks/ee53c_next_dist_client_e5d7a3._.js:13665
[ 2644243ms] [LOG] [Fast Refresh] rebuilding @ http://localhost:4300/_next/static/chunks/ee53c_next_dist_client_e5d7a3._.js:13665
[ 2644263ms] [LOG] [Fast Refresh] rebuilding @ http://localhost:4300/_next/static/chunks/ee53c_next_dist_client_e5d7a3._.js:13665
[ 2644264ms] [LOG] [Fast Refresh] rebuilding @ http://localhost:4300/_next/static/chunks/ee53c_next_dist_client_e5d7a3._.js:13665
[ 2644791ms] [LOG] [Fast Refresh] rebuilding @ http://localhost:4300/_next/static/chunks/ee53c_next_dist_client_e5d7a3._.js:13665
[ 2644806ms] [LOG] [Fast Refresh] rebuilding @ http://localhost:4300/_next/static/chunks/ee53c_next_dist_client_e5d7a3._.js:13665
[ 2644806ms] [LOG] [Fast Refresh] rebuilding @ http://localhost:4300/_next/static/chunks/ee53c_next_dist_client_e5d7a3._.js:13665
[ 2644807ms] [LOG] [Fast Refresh] rebuilding @ http://localhost:4300/_next/static/chunks/ee53c_next_dist_client_e5d7a3._.js:13665
[ 2644808ms] [LOG] [Fast Refresh] rebuilding @ http://localhost:4300/_next/static/chunks/ee53c_next_dist_client_e5d7a3._.js:13665
[ 2645055ms] [LOG] [Fast Refresh] rebuilding @ http://localhost:4300/_next/static/chunks/ee53c_next_dist_client_e5d7a3._.js:13665
[ 2645059ms] [LOG] [Fast Refresh] rebuilding @ http://localhost:4300/_next/static/chunks/ee53c_next_dist_client_e5d7a3._.js:13665
[ 2645192ms] [LOG] [Fast Refresh] rebuilding @ http://localhost:4300/_next/static/chunks/ee53c_next_dist_client_e5d7a3._.js:13665
[ 2645202ms] [LOG] [Fast Refresh] rebuilding @ http://localhost:4300/_next/static/chunks/ee53c_next_dist_client_e5d7a3._.js:13665
[ 2645248ms] [LOG] [Fast Refresh] rebuilding @ http://localhost:4300/_next/static/chunks/ee53c_next_dist_client_e5d7a3._.js:13665
[ 2645264ms] [ERROR] Failed to load resource: the server responded with a status of 404 (Not Found) @ http://localhost:4300/sequences/hero/0087.webp:0
[ 2645383ms] [LOG] [Fast Refresh] rebuilding @ http://localhost:4300/_next/static/chunks/ee53c_next_dist_client_e5d7a3._.js:13665
[ 2646123ms] [LOG] [Fast Refresh] rebuilding @ http://localhost:4300/_next/static/chunks/ee53c_next_dist_client_e5d7a3._.js:13665
[ 2646151ms] [ERROR] Failed to load resource: the server responded with a status of 404 (Not Found) @ http://localhost:4300/sequences/hero/0095.webp:0
[ 2646164ms] [ERROR] Failed to load resource: the server responded with a status of 404 (Not Found) @ http://localhost:4300/sequences/hero/0091.webp:0
[ 2646165ms] [ERROR] Failed to load resource: the server responded with a status of 404 (Not Found) @ http://localhost:4300/sequences/hero/0099.webp:0
[ 2646166ms] [ERROR] Failed to load resource: the server responded with a status of 404 (Not Found) @ http://localhost:4300/sequences/hero/0103.webp:0
[ 2646175ms] [ERROR] Failed to load resource: the server responded with a status of 404 (Not Found) @ http://localhost:4300/sequences/hero/0107.webp:0
[ 2646179ms] [LOG] [Fast Refresh] rebuilding @ http://localhost:4300/_next/static/chunks/ee53c_next_dist_client_e5d7a3._.js:13665
[ 2648212ms] [LOG] [Fast Refresh] rebuilding @ http://localhost:4300/_next/static/chunks/ee53c_next_dist_client_e5d7a3._.js:13665
[ 2648224ms] [LOG] [Fast Refresh] rebuilding @ http://localhost:4300/_next/static/chunks/ee53c_next_dist_client_e5d7a3._.js:13665
[ 2648226ms] [LOG] [Fast Refresh] rebuilding @ http://localhost:4300/_next/static/chunks/ee53c_next_dist_client_e5d7a3._.js:13665
[ 2648230ms] [LOG] [Fast Refresh] rebuilding @ http://localhost:4300/_next/static/chunks/ee53c_next_dist_client_e5d7a3._.js:13665
[ 2648234ms] [LOG] [Fast Refresh] rebuilding @ http://localhost:4300/_next/static/chunks/ee53c_next_dist_client_e5d7a3._.js:13665
[ 2648239ms] [LOG] [Fast Refresh] rebuilding @ http://localhost:4300/_next/static/chunks/ee53c_next_dist_client_e5d7a3._.js:13665
[ 2648241ms] [LOG] [Fast Refresh] rebuilding @ http://localhost:4300/_next/static/chunks/ee53c_next_dist_client_e5d7a3._.js:13665
[ 2648244ms] [LOG] [Fast Refresh] rebuilding @ http://localhost:4300/_next/static/chunks/ee53c_next_dist_client_e5d7a3._.js:13665
[ 2648247ms] [LOG] [Fast Refresh] rebuilding @ http://localhost:4300/_next/static/chunks/ee53c_next_dist_client_e5d7a3._.js:13665
[ 2648271ms] [ERROR] Failed to load resource: the server responded with a status of 404 (Not Found) @ http://localhost:4300/sequences/hero/0111.webp:0
[ 2648272ms] [ERROR] Failed to load resource: the server responded with a status of 404 (Not Found) @ http://localhost:4300/sequences/hero/0115.webp:0
[ 2648273ms] [ERROR] Failed to load resource: the server responded with a status of 404 (Not Found) @ http://localhost:4300/sequences/hero/0131.webp:0
[ 2648277ms] [ERROR] Failed to load resource: the server responded with a status of 404 (Not Found) @ http://localhost:4300/sequences/hero/0127.webp:0
[ 2648279ms] [ERROR] Failed to load resource: the server responded with a status of 404 (Not Found) @ http://localhost:4300/sequences/hero/0119.webp:0
[ 2648282ms] [ERROR] Failed to load resource: the server responded with a status of 404 (Not Found) @ http://localhost:4300/sequences/hero/0123.webp:0
[ 2648305ms] [LOG] [Fast Refresh] rebuilding @ http://localhost:4300/_next/static/chunks/ee53c_next_dist_client_e5d7a3._.js:13665
[ 2649147ms] [LOG] [Fast Refresh] rebuilding @ http://localhost:4300/_next/static/chunks/ee53c_next_dist_client_e5d7a3._.js:13665
[ 2649148ms] [LOG] [Fast Refresh] rebuilding @ http://localhost:4300/_next/static/chunks/ee53c_next_dist_client_e5d7a3._.js:13665
[ 2649174ms] [LOG] [Fast Refresh] rebuilding @ http://localhost:4300/_next/static/chunks/ee53c_next_dist_client_e5d7a3._.js:13665
[ 2649176ms] [LOG] [Fast Refresh] rebuilding @ http://localhost:4300/_next/static/chunks/ee53c_next_dist_client_e5d7a3._.js:13665
[ 2649183ms] [LOG] [Fast Refresh] rebuilding @ http://localhost:4300/_next/static/chunks/ee53c_next_dist_client_e5d7a3._.js:13665
[ 2649205ms] [LOG] [Fast Refresh] rebuilding @ http://localhost:4300/_next/static/chunks/ee53c_next_dist_client_e5d7a3._.js:13665
[ 2649215ms] [ERROR] Failed to load resource: the server responded with a status of 404 (Not Found) @ http://localhost:4300/sequences/hero/0143.webp:0
[ 2649433ms] [LOG] [Fast Refresh] rebuilding @ http://localhost:4300/_next/static/chunks/ee53c_next_dist_client_e5d7a3._.js:13665
[ 2649439ms] [LOG] [Fast Refresh] rebuilding @ http://localhost:4300/_next/static/chunks/ee53c_next_dist_client_e5d7a3._.js:13665
[ 2649442ms] [LOG] [Fast Refresh] rebuilding @ http://localhost:4300/_next/static/chunks/ee53c_next_dist_client_e5d7a3._.js:13665
[ 2649446ms] [ERROR] Failed to load resource: the server responded with a status of 404 (Not Found) @ http://localhost:4300/sequences/hero/0139.webp:0
[ 2649450ms] [ERROR] Failed to load resource: the server responded with a status of 404 (Not Found) @ http://localhost:4300/sequences/hero/0135.webp:0
[ 2649499ms] [ERROR] Failed to load resource: the server responded with a status of 404 (Not Found) @ http://localhost:4300/sequences/hero/0147.webp:0
[ 2649854ms] [LOG] [Fast Refresh] rebuilding @ http://localhost:4300/_next/static/chunks/ee53c_next_dist_client_e5d7a3._.js:13665
[ 2649866ms] [LOG] [Fast Refresh] rebuilding @ http://localhost:4300/_next/static/chunks/ee53c_next_dist_client_e5d7a3._.js:13665
[ 2649872ms] [LOG] [Fast Refresh] rebuilding @ http://localhost:4300/_next/static/chunks/ee53c_next_dist_client_e5d7a3._.js:13665
[ 2649878ms] [LOG] [Fast Refresh] rebuilding @ http://localhost:4300/_next/static/chunks/ee53c_next_dist_client_e5d7a3._.js:13665
[ 2651882ms] [ERROR] Failed to load resource: the server responded with a status of 404 (Not Found) @ http://localhost:4300/sequences/hero/0016.webp:0
[ 2651899ms] [ERROR] Failed to load resource: the server responded with a status of 404 (Not Found) @ http://localhost:4300/sequences/hero/0018.webp:0
[ 2651934ms] [ERROR] Failed to load resource: the server responded with a status of 404 (Not Found) @ http://localhost:4300/sequences/hero/0022.webp:0
[ 2652116ms] [ERROR] Failed to load resource: the server responded with a status of 404 (Not Found) @ http://localhost:4300/sequences/hero/0020.webp:0
[ 2652132ms] [ERROR] Failed to load resource: the server responded with a status of 404 (Not Found) @ http://localhost:4300/sequences/hero/0024.webp:0
[ 2652139ms] [ERROR] Failed to load resource: the server responded with a status of 404 (Not Found) @ http://localhost:4300/sequences/hero/0026.webp:0
[ 2652143ms] [LOG] [Fast Refresh] rebuilding @ http://localhost:4300/_next/static/chunks/ee53c_next_dist_client_e5d7a3._.js:13665
[ 2652145ms] [LOG] [Fast Refresh] rebuilding @ http://localhost:4300/_next/static/chunks/ee53c_next_dist_client_e5d7a3._.js:13665
[ 2652149ms] [LOG] [Fast Refresh] rebuilding @ http://localhost:4300/_next/static/chunks/ee53c_next_dist_client_e5d7a3._.js:13665
[ 2652152ms] [LOG] [Fast Refresh] rebuilding @ http://localhost:4300/_next/static/chunks/ee53c_next_dist_client_e5d7a3._.js:13665
[ 2652155ms] [LOG] [Fast Refresh] rebuilding @ http://localhost:4300/_next/static/chunks/ee53c_next_dist_client_e5d7a3._.js:13665
[ 2652158ms] [LOG] [Fast Refresh] rebuilding @ http://localhost:4300/_next/static/chunks/ee53c_next_dist_client_e5d7a3._.js:13665
[ 2652160ms] [LOG] [Fast Refresh] rebuilding @ http://localhost:4300/_next/static/chunks/ee53c_next_dist_client_e5d7a3._.js:13665
[ 2652163ms] [LOG] [Fast Refresh] rebuilding @ http://localhost:4300/_next/static/chunks/ee53c_next_dist_client_e5d7a3._.js:13665
[ 2652178ms] [LOG] [Fast Refresh] rebuilding @ http://localhost:4300/_next/static/chunks/ee53c_next_dist_client_e5d7a3._.js:13665
[ 2652184ms] [LOG] [Fast Refresh] rebuilding @ http://localhost:4300/_next/static/chunks/ee53c_next_dist_client_e5d7a3._.js:13665
[ 2652190ms] [LOG] [Fast Refresh] rebuilding @ http://localhost:4300/_next/static/chunks/ee53c_next_dist_client_e5d7a3._.js:13665
[ 2652441ms] [LOG] [Fast Refresh] rebuilding @ http://localhost:4300/_next/static/chunks/ee53c_next_dist_client_e5d7a3._.js:13665
[ 2652451ms] [LOG] [Fast Refresh] rebuilding @ http://localhost:4300/_next/static/chunks/ee53c_next_dist_client_e5d7a3._.js:13665
[ 2652465ms] [LOG] [Fast Refresh] rebuilding @ http://localhost:4300/_next/static/chunks/ee53c_next_dist_client_e5d7a3._.js:13665
[ 2653380ms] [ERROR] Failed to load resource: the server responded with a status of 404 (Not Found) @ http://localhost:4300/sequences/hero/0028.webp:0
[ 2653384ms] [ERROR] Failed to load resource: the server responded with a status of 404 (Not Found) @ http://localhost:4300/sequences/hero/0030.webp:0
[ 2653390ms] [ERROR] Failed to load resource: the server responded with a status of 404 (Not Found) @ http://localhost:4300/sequences/hero/0032.webp:0
[ 2653393ms] [ERROR] Failed to load resource: the server responded with a status of 404 (Not Found) @ http://localhost:4300/sequences/hero/0034.webp:0
[ 2653395ms] [ERROR] Failed to load resource: the server responded with a status of 404 (Not Found) @ http://localhost:4300/sequences/hero/0036.webp:0
[ 2653397ms] [ERROR] Failed to load resource: the server responded with a status of 404 (Not Found) @ http://localhost:4300/sequences/hero/0038.webp:0
[ 2653412ms] [LOG] [Fast Refresh] rebuilding @ http://localhost:4300/_next/static/chunks/ee53c_next_dist_client_e5d7a3._.js:13665
[ 2653418ms] [LOG] [Fast Refresh] rebuilding @ http://localhost:4300/_next/static/chunks/ee53c_next_dist_client_e5d7a3._.js:13665
[ 2653432ms] [LOG] [Fast Refresh] rebuilding @ http://localhost:4300/_next/static/chunks/ee53c_next_dist_client_e5d7a3._.js:13665
[ 2653441ms] [LOG] [Fast Refresh] rebuilding @ http://localhost:4300/_next/static/chunks/ee53c_next_dist_client_e5d7a3._.js:13665
[ 2653464ms] [LOG] [Fast Refresh] rebuilding @ http://localhost:4300/_next/static/chunks/ee53c_next_dist_client_e5d7a3._.js:13665
[ 2653471ms] [LOG] [Fast Refresh] rebuilding @ http://localhost:4300/_next/static/chunks/ee53c_next_dist_client_e5d7a3._.js:13665
[ 2653475ms] [LOG] [Fast Refresh] rebuilding @ http://localhost:4300/_next/static/chunks/ee53c_next_dist_client_e5d7a3._.js:13665
[ 2653478ms] [LOG] [Fast Refresh] rebuilding @ http://localhost:4300/_next/static/chunks/ee53c_next_dist_client_e5d7a3._.js:13665
[ 2653484ms] [LOG] [Fast Refresh] rebuilding @ http://localhost:4300/_next/static/chunks/ee53c_next_dist_client_e5d7a3._.js:13665
[ 2653492ms] [LOG] [Fast Refresh] rebuilding @ http://localhost:4300/_next/static/chunks/ee53c_next_dist_client_e5d7a3._.js:13665
[ 2653499ms] [LOG] [Fast Refresh] rebuilding @ http://localhost:4300/_next/static/chunks/ee53c_next_dist_client_e5d7a3._.js:13665
[ 2653548ms] [LOG] [Fast Refresh] rebuilding @ http://localhost:4300/_next/static/chunks/ee53c_next_dist_client_e5d7a3._.js:13665
[ 2655253ms] [ERROR] Failed to load resource: the server responded with a status of 404 (Not Found) @ http://localhost:4300/sequences/hero/0048.webp:0
[ 2655550ms] [ERROR] Failed to load resource: the server responded with a status of 404 (Not Found) @ http://localhost:4300/sequences/hero/0042.webp:0
[ 2655553ms] [ERROR] Failed to load resource: the server responded with a status of 404 (Not Found) @ http://localhost:4300/sequences/hero/0040.webp:0
[ 2655556ms] [ERROR] Failed to load resource: the server responded with a status of 404 (Not Found) @ http://localhost:4300/sequences/hero/0046.webp:0
[ 2655562ms] [ERROR] Failed to load resource: the server responded with a status of 404 (Not Found) @ http://localhost:4300/sequences/hero/0044.webp:0
[ 2655563ms] [ERROR] Failed to load resource: the server responded with a status of 404 (Not Found) @ http://localhost:4300/sequences/hero/0050.webp:0
[ 2655583ms] [LOG] [Fast Refresh] rebuilding @ http://localhost:4300/_next/static/chunks/ee53c_next_dist_client_e5d7a3._.js:13665
[ 2655587ms] [LOG] [Fast Refresh] rebuilding @ http://localhost:4300/_next/static/chunks/ee53c_next_dist_client_e5d7a3._.js:13665
[ 2655598ms] [LOG] [Fast Refresh] rebuilding @ http://localhost:4300/_next/static/chunks/ee53c_next_dist_client_e5d7a3._.js:13665
[ 2655604ms] [LOG] [Fast Refresh] rebuilding @ http://localhost:4300/_next/static/chunks/ee53c_next_dist_client_e5d7a3._.js:13665
[ 2655608ms] [LOG] [Fast Refresh] rebuilding @ http://localhost:4300/_next/static/chunks/ee53c_next_dist_client_e5d7a3._.js:13665
[ 2655611ms] [LOG] [Fast Refresh] rebuilding @ http://localhost:4300/_next/static/chunks/ee53c_next_dist_client_e5d7a3._.js:13665
[ 2655615ms] [LOG] [Fast Refresh] rebuilding @ http://localhost:4300/_next/static/chunks/ee53c_next_dist_client_e5d7a3._.js:13665
[ 2656805ms] [ERROR] Failed to load resource: the server responded with a status of 404 (Not Found) @ http://localhost:4300/sequences/hero/0052.webp:0
[ 2656808ms] [ERROR] Failed to load resource: the server responded with a status of 404 (Not Found) @ http://localhost:4300/sequences/hero/0056.webp:0
[ 2656813ms] [ERROR] Failed to load resource: the server responded with a status of 404 (Not Found) @ http://localhost:4300/sequences/hero/0062.webp:0
[ 2656816ms] [ERROR] Failed to load resource: the server responded with a status of 404 (Not Found) @ http://localhost:4300/sequences/hero/0058.webp:0
[ 2656820ms] [ERROR] Failed to load resource: the server responded with a status of 404 (Not Found) @ http://localhost:4300/sequences/hero/0054.webp:0
[ 2656823ms] [ERROR] Failed to load resource: the server responded with a status of 404 (Not Found) @ http://localhost:4300/sequences/hero/0060.webp:0
[ 2656843ms] [LOG] [Fast Refresh] rebuilding @ http://localhost:4300/_next/static/chunks/ee53c_next_dist_client_e5d7a3._.js:13665
[ 2656851ms] [LOG] [Fast Refresh] rebuilding @ http://localhost:4300/_next/static/chunks/ee53c_next_dist_client_e5d7a3._.js:13665
[ 2656854ms] [LOG] [Fast Refresh] rebuilding @ http://localhost:4300/_next/static/chunks/ee53c_next_dist_client_e5d7a3._.js:13665
[ 2656855ms] [LOG] [Fast Refresh] rebuilding @ http://localhost:4300/_next/static/chunks/ee53c_next_dist_client_e5d7a3._.js:13665
[ 2656859ms] [LOG] [Fast Refresh] rebuilding @ http://localhost:4300/_next/static/chunks/ee53c_next_dist_client_e5d7a3._.js:13665
[ 2656862ms] [LOG] [Fast Refresh] rebuilding @ http://localhost:4300/_next/static/chunks/ee53c_next_dist_client_e5d7a3._.js:13665
[ 2656863ms] [LOG] [Fast Refresh] rebuilding @ http://localhost:4300/_next/static/chunks/ee53c_next_dist_client_e5d7a3._.js:13665
[ 2656866ms] [LOG] [Fast Refresh] rebuilding @ http://localhost:4300/_next/static/chunks/ee53c_next_dist_client_e5d7a3._.js:13665
[ 2656869ms] [LOG] [Fast Refresh] rebuilding @ http://localhost:4300/_next/static/chunks/ee53c_next_dist_client_e5d7a3._.js:13665
[ 2656874ms] [LOG] [Fast Refresh] rebuilding @ http://localhost:4300/_next/static/chunks/ee53c_next_dist_client_e5d7a3._.js:13665
[ 2656878ms] [LOG] [Fast Refresh] rebuilding @ http://localhost:4300/_next/static/chunks/ee53c_next_dist_client_e5d7a3._.js:13665
[ 2656881ms] [LOG] [Fast Refresh] rebuilding @ http://localhost:4300/_next/static/chunks/ee53c_next_dist_client_e5d7a3._.js:13665
[ 2656891ms] [LOG] [Fast Refresh] rebuilding @ http://localhost:4300/_next/static/chunks/ee53c_next_dist_client_e5d7a3._.js:13665
[ 2656922ms] [LOG] [Fast Refresh] rebuilding @ http://localhost:4300/_next/static/chunks/ee53c_next_dist_client_e5d7a3._.js:13665
[ 2658826ms] [LOG] [Fast Refresh] rebuilding @ http://localhost:4300/_next/static/chunks/ee53c_next_dist_client_e5d7a3._.js:13665
[ 2658833ms] [LOG] [Fast Refresh] rebuilding @ http://localhost:4300/_next/static/chunks/ee53c_next_dist_client_e5d7a3._.js:13665
[ 2658845ms] [LOG] [Fast Refresh] rebuilding @ http://localhost:4300/_next/static/chunks/ee53c_next_dist_client_e5d7a3._.js:13665
[ 2658850ms] [LOG] [Fast Refresh] rebuilding @ http://localhost:4300/_next/static/chunks/ee53c_next_dist_client_e5d7a3._.js:13665
[ 2658878ms] [LOG] [Fast Refresh] rebuilding @ http://localhost:4300/_next/static/chunks/ee53c_next_dist_client_e5d7a3._.js:13665
[ 2658883ms] [LOG] [Fast Refresh] rebuilding @ http://localhost:4300/_next/static/chunks/ee53c_next_dist_client_e5d7a3._.js:13665
[ 2658898ms] [ERROR] Failed to load resource: the server responded with a status of 404 (Not Found) @ http://localhost:4300/sequences/hero/0066.webp:0
[ 2658900ms] [ERROR] Failed to load resource: the server responded with a status of 404 (Not Found) @ http://localhost:4300/sequences/hero/0064.webp:0
[ 2658904ms] [ERROR] Failed to load resource: the server responded with a status of 404 (Not Found) @ http://localhost:4300/sequences/hero/0074.webp:0
[ 2658907ms] [ERROR] Failed to load resource: the server responded with a status of 404 (Not Found) @ http://localhost:4300/sequences/hero/0068.webp:0
[ 2658910ms] [ERROR] Failed to load resource: the server responded with a status of 404 (Not Found) @ http://localhost:4300/sequences/hero/0070.webp:0
[ 2658910ms] [ERROR] Failed to load resource: the server responded with a status of 404 (Not Found) @ http://localhost:4300/sequences/hero/0072.webp:0
[ 2658913ms] [LOG] [Fast Refresh] rebuilding @ http://localhost:4300/_next/static/chunks/ee53c_next_dist_client_e5d7a3._.js:13665
[ 2658915ms] [LOG] [Fast Refresh] rebuilding @ http://localhost:4300/_next/static/chunks/ee53c_next_dist_client_e5d7a3._.js:13665
[ 2658917ms] [LOG] [Fast Refresh] rebuilding @ http://localhost:4300/_next/static/chunks/ee53c_next_dist_client_e5d7a3._.js:13665
[ 2658921ms] [LOG] [Fast Refresh] rebuilding @ http://localhost:4300/_next/static/chunks/ee53c_next_dist_client_e5d7a3._.js:13665
[ 2658923ms] [LOG] [Fast Refresh] rebuilding @ http://localhost:4300/_next/static/chunks/ee53c_next_dist_client_e5d7a3._.js:13665
[ 2658928ms] [LOG] [Fast Refresh] rebuilding @ http://localhost:4300/_next/static/chunks/ee53c_next_dist_client_e5d7a3._.js:13665
[ 2658948ms] [LOG] [Fast Refresh] rebuilding @ http://localhost:4300/_next/static/chunks/ee53c_next_dist_client_e5d7a3._.js:13665
[ 2660955ms] [LOG] [Fast Refresh] rebuilding @ http://localhost:4300/_next/static/chunks/ee53c_next_dist_client_e5d7a3._.js:13665
[ 2660960ms] [LOG] [Fast Refresh] rebuilding @ http://localhost:4300/_next/static/chunks/ee53c_next_dist_client_e5d7a3._.js:13665
[ 2660970ms] [LOG] [Fast Refresh] rebuilding @ http://localhost:4300/_next/static/chunks/ee53c_next_dist_client_e5d7a3._.js:13665
[ 2660973ms] [LOG] [Fast Refresh] rebuilding @ http://localhost:4300/_next/static/chunks/ee53c_next_dist_client_e5d7a3._.js:13665
[ 2660975ms] [LOG] [Fast Refresh] rebuilding @ http://localhost:4300/_next/static/chunks/ee53c_next_dist_client_e5d7a3._.js:13665
[ 2660980ms] [LOG] [Fast Refresh] rebuilding @ http://localhost:4300/_next/static/chunks/ee53c_next_dist_client_e5d7a3._.js:13665
[ 2660981ms] [LOG] [Fast Refresh] rebuilding @ http://localhost:4300/_next/static/chunks/ee53c_next_dist_client_e5d7a3._.js:13665
[ 2660984ms] [LOG] [Fast Refresh] rebuilding @ http://localhost:4300/_next/static/chunks/ee53c_next_dist_client_e5d7a3._.js:13665
[ 2660987ms] [LOG] [Fast Refresh] rebuilding @ http://localhost:4300/_next/static/chunks/ee53c_next_dist_client_e5d7a3._.js:13665
[ 2660989ms] [LOG] [Fast Refresh] rebuilding @ http://localhost:4300/_next/static/chunks/ee53c_next_dist_client_e5d7a3._.js:13665
[ 2660993ms] [LOG] [Fast Refresh] rebuilding @ http://localhost:4300/_next/static/chunks/ee53c_next_dist_client_e5d7a3._.js:13665
[ 2660995ms] [LOG] [Fast Refresh] rebuilding @ http://localhost:4300/_next/static/chunks/ee53c_next_dist_client_e5d7a3._.js:13665
[ 2660999ms] [LOG] [Fast Refresh] rebuilding @ http://localhost:4300/_next/static/chunks/ee53c_next_dist_client_e5d7a3._.js:13665
[ 2661003ms] [ERROR] Failed to load resource: the server responded with a status of 404 (Not Found) @ http://localhost:4300/sequences/hero/0080.webp:0
[ 2661010ms] [ERROR] Failed to load resource: the server responded with a status of 404 (Not Found) @ http://localhost:4300/sequences/hero/0084.webp:0
[ 2661013ms] [ERROR] Failed to load resource: the server responded with a status of 404 (Not Found) @ http://localhost:4300/sequences/hero/0076.webp:0
[ 2661017ms] [ERROR] Failed to load resource: the server responded with a status of 404 (Not Found) @ http://localhost:4300/sequences/hero/0078.webp:0
[ 2661022ms] [ERROR] Failed to load resource: the server responded with a status of 404 (Not Found) @ http://localhost:4300/sequences/hero/0082.webp:0
[ 2661024ms] [ERROR] Failed to load resource: the server responded with a status of 404 (Not Found) @ http://localhost:4300/sequences/hero/0086.webp:0
[ 2661093ms] [LOG] [Fast Refresh] rebuilding @ http://localhost:4300/_next/static/chunks/ee53c_next_dist_client_e5d7a3._.js:13665
[ 2661964ms] [LOG] [Fast Refresh] rebuilding @ http://localhost:4300/_next/static/chunks/ee53c_next_dist_client_e5d7a3._.js:13665
[ 2661964ms] [LOG] [Fast Refresh] rebuilding @ http://localhost:4300/_next/static/chunks/ee53c_next_dist_client_e5d7a3._.js:13665
[ 2661964ms] [LOG] [Fast Refresh] rebuilding @ http://localhost:4300/_next/static/chunks/ee53c_next_dist_client_e5d7a3._.js:13665
[ 2662277ms] [ERROR] Failed to load resource: the server responded with a status of 404 (Not Found) @ http://localhost:4300/sequences/hero/0088.webp:0
[ 2662305ms] [ERROR] Failed to load resource: the server responded with a status of 404 (Not Found) @ http://localhost:4300/sequences/hero/0092.webp:0
[ 2662308ms] [ERROR] Failed to load resource: the server responded with a status of 404 (Not Found) @ http://localhost:4300/sequences/hero/0094.webp:0
[ 2662310ms] [ERROR] Failed to load resource: the server responded with a status of 404 (Not Found) @ http://localhost:4300/sequences/hero/0090.webp:0
[ 2662312ms] [ERROR] Failed to load resource: the server responded with a status of 404 (Not Found) @ http://localhost:4300/sequences/hero/0096.webp:0
[ 2662314ms] [ERROR] Failed to load resource: the server responded with a status of 404 (Not Found) @ http://localhost:4300/sequences/hero/0098.webp:0
[ 2662316ms] [LOG] [Fast Refresh] rebuilding @ http://localhost:4300/_next/static/chunks/ee53c_next_dist_client_e5d7a3._.js:13665
[ 2662322ms] [LOG] [Fast Refresh] rebuilding @ http://localhost:4300/_next/static/chunks/ee53c_next_dist_client_e5d7a3._.js:13665
[ 2662373ms] [LOG] [Fast Refresh] rebuilding @ http://localhost:4300/_next/static/chunks/ee53c_next_dist_client_e5d7a3._.js:13665
[ 2662376ms] [LOG] [Fast Refresh] rebuilding @ http://localhost:4300/_next/static/chunks/ee53c_next_dist_client_e5d7a3._.js:13665
[ 2662379ms] [LOG] [Fast Refresh] rebuilding @ http://localhost:4300/_next/static/chunks/ee53c_next_dist_client_e5d7a3._.js:13665
[ 2662396ms] [LOG] [Fast Refresh] rebuilding @ http://localhost:4300/_next/static/chunks/ee53c_next_dist_client_e5d7a3._.js:13665
[ 2664424ms] [LOG] [Fast Refresh] rebuilding @ http://localhost:4300/_next/static/chunks/ee53c_next_dist_client_e5d7a3._.js:13665
[ 2664432ms] [LOG] [Fast Refresh] rebuilding @ http://localhost:4300/_next/static/chunks/ee53c_next_dist_client_e5d7a3._.js:13665
[ 2664441ms] [LOG] [Fast Refresh] rebuilding @ http://localhost:4300/_next/static/chunks/ee53c_next_dist_client_e5d7a3._.js:13665
[ 2664445ms] [LOG] [Fast Refresh] rebuilding @ http://localhost:4300/_next/static/chunks/ee53c_next_dist_client_e5d7a3._.js:13665
[ 2664449ms] [LOG] [Fast Refresh] rebuilding @ http://localhost:4300/_next/static/chunks/ee53c_next_dist_client_e5d7a3._.js:13665
[ 2664455ms] [LOG] [Fast Refresh] rebuilding @ http://localhost:4300/_next/static/chunks/ee53c_next_dist_client_e5d7a3._.js:13665
[ 2664469ms] [LOG] [Fast Refresh] rebuilding @ http://localhost:4300/_next/static/chunks/ee53c_next_dist_client_e5d7a3._.js:13665
[ 2664782ms] [ERROR] Failed to load resource: the server responded with a status of 404 (Not Found) @ http://localhost:4300/sequences/hero/0100.webp:0
[ 2664788ms] [ERROR] Failed to load resource: the server responded with a status of 404 (Not Found) @ http://localhost:4300/sequences/hero/0106.webp:0
[ 2664791ms] [ERROR] Failed to load resource: the server responded with a status of 404 (Not Found) @ http://localhost:4300/sequences/hero/0102.webp:0
[ 2664796ms] [ERROR] Failed to load resource: the server responded with a status of 404 (Not Found) @ http://localhost:4300/sequences/hero/0104.webp:0
[ 2664805ms] [ERROR] Failed to load resource: the server responded with a status of 404 (Not Found) @ http://localhost:4300/sequences/hero/0110.webp:0
[ 2664805ms] [ERROR] Failed to load resource: the server responded with a status of 404 (Not Found) @ http://localhost:4300/sequences/hero/0108.webp:0
[ 2664827ms] [LOG] [Fast Refresh] rebuilding @ http://localhost:4300/_next/static/chunks/ee53c_next_dist_client_e5d7a3._.js:13665
[ 2665983ms] [ERROR] Failed to load resource: the server responded with a status of 404 (Not Found) @ http://localhost:4300/sequences/hero/0112.webp:0
[ 2665987ms] [ERROR] Failed to load resource: the server responded with a status of 404 (Not Found) @ http://localhost:4300/sequences/hero/0114.webp:0
[ 2665989ms] [ERROR] Failed to load resource: the server responded with a status of 404 (Not Found) @ http://localhost:4300/sequences/hero/0122.webp:0
[ 2665992ms] [ERROR] Failed to load resource: the server responded with a status of 404 (Not Found) @ http://localhost:4300/sequences/hero/0120.webp:0
[ 2665995ms] [ERROR] Failed to load resource: the server responded with a status of 404 (Not Found) @ http://localhost:4300/sequences/hero/0118.webp:0
[ 2666004ms] [ERROR] Failed to load resource: the server responded with a status of 404 (Not Found) @ http://localhost:4300/sequences/hero/0116.webp:0
[ 2666015ms] [LOG] [Fast Refresh] rebuilding @ http://localhost:4300/_next/static/chunks/ee53c_next_dist_client_e5d7a3._.js:13665
[ 2666027ms] [LOG] [Fast Refresh] rebuilding @ http://localhost:4300/_next/static/chunks/ee53c_next_dist_client_e5d7a3._.js:13665
[ 2666030ms] [LOG] [Fast Refresh] rebuilding @ http://localhost:4300/_next/static/chunks/ee53c_next_dist_client_e5d7a3._.js:13665
[ 2666033ms] [LOG] [Fast Refresh] rebuilding @ http://localhost:4300/_next/static/chunks/ee53c_next_dist_client_e5d7a3._.js:13665
[ 2666039ms] [LOG] [Fast Refresh] rebuilding @ http://localhost:4300/_next/static/chunks/ee53c_next_dist_client_e5d7a3._.js:13665
[ 2666044ms] [LOG] [Fast Refresh] rebuilding @ http://localhost:4300/_next/static/chunks/ee53c_next_dist_client_e5d7a3._.js:13665
[ 2666083ms] [LOG] [Fast Refresh] rebuilding @ http://localhost:4300/_next/static/chunks/ee53c_next_dist_client_e5d7a3._.js:13665
[ 2666913ms] [LOG] [Fast Refresh] rebuilding @ http://localhost:4300/_next/static/chunks/ee53c_next_dist_client_e5d7a3._.js:13665
[ 2666920ms] [LOG] [Fast Refresh] rebuilding @ http://localhost:4300/_next/static/chunks/ee53c_next_dist_client_e5d7a3._.js:13665
[ 2666925ms] [LOG] [Fast Refresh] rebuilding @ http://localhost:4300/_next/static/chunks/ee53c_next_dist_client_e5d7a3._.js:13665
[ 2666931ms] [LOG] [Fast Refresh] rebuilding @ http://localhost:4300/_next/static/chunks/ee53c_next_dist_client_e5d7a3._.js:13665
[ 2666965ms] [LOG] [Fast Refresh] rebuilding @ http://localhost:4300/_next/static/chunks/ee53c_next_dist_client_e5d7a3._.js:13665
[ 2666971ms] [ERROR] Failed to load resource: the server responded with a status of 404 (Not Found) @ http://localhost:4300/sequences/hero/0126.webp:0
[ 2667925ms] [LOG] [Fast Refresh] rebuilding @ http://localhost:4300/_next/static/chunks/ee53c_next_dist_client_e5d7a3._.js:13665
[ 2667938ms] [LOG] [Fast Refresh] rebuilding @ http://localhost:4300/_next/static/chunks/ee53c_next_dist_client_e5d7a3._.js:13665
[ 2667941ms] [LOG] [Fast Refresh] rebuilding @ http://localhost:4300/_next/static/chunks/ee53c_next_dist_client_e5d7a3._.js:13665
[ 2667944ms] [LOG] [Fast Refresh] rebuilding @ http://localhost:4300/_next/static/chunks/ee53c_next_dist_client_e5d7a3._.js:13665
[ 2667949ms] [LOG] [Fast Refresh] rebuilding @ http://localhost:4300/_next/static/chunks/ee53c_next_dist_client_e5d7a3._.js:13665
[ 2668022ms] [LOG] [Fast Refresh] rebuilding @ http://localhost:4300/_next/static/chunks/ee53c_next_dist_client_e5d7a3._.js:13665
[ 2668039ms] [ERROR] Failed to load resource: the server responded with a status of 404 (Not Found) @ http://localhost:4300/sequences/hero/0130.webp:0
[ 2668044ms] [ERROR] Failed to load resource: the server responded with a status of 404 (Not Found) @ http://localhost:4300/sequences/hero/0124.webp:0
[ 2668052ms] [ERROR] Failed to load resource: the server responded with a status of 404 (Not Found) @ http://localhost:4300/sequences/hero/0128.webp:0
[ 2668627ms] [ERROR] Failed to load resource: the server responded with a status of 404 (Not Found) @ http://localhost:4300/sequences/hero/0132.webp:0
[ 2668627ms] [ERROR] Failed to load resource: the server responded with a status of 404 (Not Found) @ http://localhost:4300/sequences/hero/0134.webp:0
[ 2669754ms] [ERROR] Failed to load resource: the server responded with a status of 404 (Not Found) @ http://localhost:4300/sequences/hero/0136.webp:0
[ 2669755ms] [LOG] [Fast Refresh] rebuilding @ http://localhost:4300/_next/static/chunks/ee53c_next_dist_client_e5d7a3._.js:13665
[ 2669757ms] [LOG] [Fast Refresh] rebuilding @ http://localhost:4300/_next/static/chunks/ee53c_next_dist_client_e5d7a3._.js:13665
[ 2669758ms] [LOG] [Fast Refresh] rebuilding @ http://localhost:4300/_next/static/chunks/ee53c_next_dist_client_e5d7a3._.js:13665
[ 2669759ms] [LOG] [Fast Refresh] rebuilding @ http://localhost:4300/_next/static/chunks/ee53c_next_dist_client_e5d7a3._.js:13665
[ 2669763ms] [LOG] [Fast Refresh] rebuilding @ http://localhost:4300/_next/static/chunks/ee53c_next_dist_client_e5d7a3._.js:13665
[ 2669764ms] [LOG] [Fast Refresh] rebuilding @ http://localhost:4300/_next/static/chunks/ee53c_next_dist_client_e5d7a3._.js:13665
[ 2669764ms] [LOG] [Fast Refresh] rebuilding @ http://localhost:4300/_next/static/chunks/ee53c_next_dist_client_e5d7a3._.js:13665
[ 2669764ms] [LOG] [Fast Refresh] rebuilding @ http://localhost:4300/_next/static/chunks/ee53c_next_dist_client_e5d7a3._.js:13665
[ 2669765ms] [LOG] [Fast Refresh] rebuilding @ http://localhost:4300/_next/static/chunks/ee53c_next_dist_client_e5d7a3._.js:13665
[ 2669766ms] [LOG] [Fast Refresh] rebuilding @ http://localhost:4300/_next/static/chunks/ee53c_next_dist_client_e5d7a3._.js:13665
[ 2669791ms] [ERROR] Failed to load resource: the server responded with a status of 404 (Not Found) @ http://localhost:4300/sequences/hero/0142.webp:0
[ 2669797ms] [LOG] [Fast Refresh] rebuilding @ http://localhost:4300/_next/static/chunks/ee53c_next_dist_client_e5d7a3._.js:13665
[ 2669799ms] [ERROR] Failed to load resource: the server responded with a status of 404 (Not Found) @ http://localhost:4300/sequences/hero/0138.webp:0
[ 2669988ms] [LOG] [Fast Refresh] rebuilding @ http://localhost:4300/_next/static/chunks/ee53c_next_dist_client_e5d7a3._.js:13665
[ 2670022ms] [ERROR] Failed to load resource: the server responded with a status of 404 (Not Found) @ http://localhost:4300/sequences/hero/0140.webp:0
[ 2670030ms] [LOG] [Fast Refresh] rebuilding @ http://localhost:4300/_next/static/chunks/ee53c_next_dist_client_e5d7a3._.js:13665
[ 2670039ms] [ERROR] Failed to load resource: the server responded with a status of 404 (Not Found) @ http://localhost:4300/sequences/hero/0144.webp:0
[ 2670716ms] [ERROR] Failed to load resource: the server responded with a status of 404 (Not Found) @ http://localhost:4300/sequences/hero/0148.webp:0
[ 2670723ms] [ERROR] Failed to load resource: the server responded with a status of 404 (Not Found) @ http://localhost:4300/sequences/hero/0146.webp:0
[ 2670738ms] [ERROR] Failed to load resource: the server responded with a status of 404 (Not Found) @ http://localhost:4300/sequences/hero/0150.webp:0
[ 2670746ms] [LOG] [Fast Refresh] rebuilding @ http://localhost:4300/_next/static/chunks/ee53c_next_dist_client_e5d7a3._.js:13665
[ 2670751ms] [LOG] [Fast Refresh] rebuilding @ http://localhost:4300/_next/static/chunks/ee53c_next_dist_client_e5d7a3._.js:13665
[ 2670753ms] [LOG] [Fast Refresh] rebuilding @ http://localhost:4300/_next/static/chunks/ee53c_next_dist_client_e5d7a3._.js:13665
[ 2670755ms] [LOG] [Fast Refresh] rebuilding @ http://localhost:4300/_next/static/chunks/ee53c_next_dist_client_e5d7a3._.js:13665
[ 2670760ms] [LOG] [Fast Refresh] rebuilding @ http://localhost:4300/_next/static/chunks/ee53c_next_dist_client_e5d7a3._.js:13665
[ 2673763ms] [WARNING] The resource http://localhost:4300/_next/static/chunks/%5Broot%20of%20the%20server%5D__c7eba6._.css was preloaded using link preload but not used within a few seconds from the window's load event. Please make sure it has an appropriate `as` value and it is preloaded intentionally. @ http://localhost:4300/fr:0
[ 2742973ms] [LOG] [Fast Refresh] rebuilding @ http://localhost:4300/_next/static/chunks/ee53c_next_dist_client_e5d7a3._.js:13665
[ 2743043ms] [LOG] [Fast Refresh] rebuilding @ http://localhost:4300/_next/static/chunks/ee53c_next_dist_client_e5d7a3._.js:13665
[ 2743160ms] [LOG] [Fast Refresh] rebuilding @ http://localhost:4300/_next/static/chunks/ee53c_next_dist_client_e5d7a3._.js:13665
[ 2745137ms] [LOG] [Fast Refresh] rebuilding @ http://localhost:4300/_next/static/chunks/ee53c_next_dist_client_e5d7a3._.js:13665
[ 2747519ms] [LOG] [Fast Refresh] rebuilding @ http://localhost:4300/_next/static/chunks/ee53c_next_dist_client_e5d7a3._.js:13665
[ 2749401ms] [LOG] [Fast Refresh] rebuilding @ http://localhost:4300/_next/static/chunks/ee53c_next_dist_client_e5d7a3._.js:13665
[ 2751302ms] [LOG] [Fast Refresh] rebuilding @ http://localhost:4300/_next/static/chunks/ee53c_next_dist_client_e5d7a3._.js:13665
[ 2753198ms] [LOG] [Fast Refresh] rebuilding @ http://localhost:4300/_next/static/chunks/ee53c_next_dist_client_e5d7a3._.js:13665
[ 2754329ms] [LOG] [Fast Refresh] rebuilding @ http://localhost:4300/_next/static/chunks/ee53c_next_dist_client_e5d7a3._.js:13665
[ 2754405ms] [LOG] [Fast Refresh] rebuilding @ http://localhost:4300/_next/static/chunks/ee53c_next_dist_client_e5d7a3._.js:13665
[ 2754527ms] [LOG] [Fast Refresh] rebuilding @ http://localhost:4300/_next/static/chunks/ee53c_next_dist_client_e5d7a3._.js:13665
[ 2756214ms] [LOG] [Fast Refresh] rebuilding @ http://localhost:4300/_next/static/chunks/ee53c_next_dist_client_e5d7a3._.js:13665
[ 2758706ms] [LOG] [Fast Refresh] rebuilding @ http://localhost:4300/_next/static/chunks/ee53c_next_dist_client_e5d7a3._.js:13665
[ 2760464ms] [LOG] [Fast Refresh] rebuilding @ http://localhost:4300/_next/static/chunks/ee53c_next_dist_client_e5d7a3._.js:13665
[ 2762244ms] [LOG] [Fast Refresh] rebuilding @ http://localhost:4300/_next/static/chunks/ee53c_next_dist_client_e5d7a3._.js:13665
[ 2764014ms] [LOG] [Fast Refresh] rebuilding @ http://localhost:4300/_next/static/chunks/ee53c_next_dist_client_e5d7a3._.js:13665
[ 2764452ms] [LOG] [Fast Refresh] rebuilding @ http://localhost:4300/_next/static/chunks/ee53c_next_dist_client_e5d7a3._.js:13665
[ 2764847ms] [LOG] [Fast Refresh] rebuilding @ http://localhost:4300/_next/static/chunks/ee53c_next_dist_client_e5d7a3._.js:13665
[ 2790782ms] [LOG] [Fast Refresh] rebuilding @ http://localhost:4300/_next/static/chunks/ee53c_next_dist_client_e5d7a3._.js:13665
[ 2791534ms] [LOG] [Fast Refresh] done in 753ms @ http://localhost:4300/_next/static/chunks/ee53c_next_dist_client_e5d7a3._.js:13492
[ 2791560ms] [LOG] [Fast Refresh] rebuilding @ http://localhost:4300/_next/static/chunks/ee53c_next_dist_client_e5d7a3._.js:13665
[ 2791563ms] [LOG] [Fast Refresh] rebuilding @ http://localhost:4300/_next/static/chunks/ee53c_next_dist_client_e5d7a3._.js:13665
[ 2791565ms] [LOG] [Fast Refresh] rebuilding @ http://localhost:4300/_next/static/chunks/ee53c_next_dist_client_e5d7a3._.js:13665
[ 2791569ms] [LOG] [Fast Refresh] rebuilding @ http://localhost:4300/_next/static/chunks/ee53c_next_dist_client_e5d7a3._.js:13665
[ 2791650ms] [LOG] [Fast Refresh] rebuilding @ http://localhost:4300/_next/static/chunks/ee53c_next_dist_client_e5d7a3._.js:13665
[ 2793935ms] [LOG] [Fast Refresh] rebuilding @ http://localhost:4300/_next/static/chunks/ee53c_next_dist_client_e5d7a3._.js:13665
[ 2793936ms] [LOG] [Fast Refresh] rebuilding @ http://localhost:4300/_next/static/chunks/ee53c_next_dist_client_e5d7a3._.js:13665
[ 2793936ms] [LOG] [Fast Refresh] rebuilding @ http://localhost:4300/_next/static/chunks/ee53c_next_dist_client_e5d7a3._.js:13665
[ 2793938ms] [LOG] [Fast Refresh] rebuilding @ http://localhost:4300/_next/static/chunks/ee53c_next_dist_client_e5d7a3._.js:13665
[ 2794430ms] [LOG] [Fast Refresh] rebuilding @ http://localhost:4300/_next/static/chunks/ee53c_next_dist_client_e5d7a3._.js:13665
[ 2794431ms] [LOG] [Fast Refresh] rebuilding @ http://localhost:4300/_next/static/chunks/ee53c_next_dist_client_e5d7a3._.js:13665
[ 2794431ms] [LOG] [Fast Refresh] rebuilding @ http://localhost:4300/_next/static/chunks/ee53c_next_dist_client_e5d7a3._.js:13665
[ 2794496ms] [LOG] [Fast Refresh] rebuilding @ http://localhost:4300/_next/static/chunks/ee53c_next_dist_client_e5d7a3._.js:13665
[ 2799010ms] [LOG] [Fast Refresh] rebuilding @ http://localhost:4300/_next/static/chunks/ee53c_next_dist_client_e5d7a3._.js:13665
[ 2799123ms] [WARNING] The resource http://localhost:4300/_next/static/chunks/%5Broot%20of%20the%20server%5D__c7eba6._.css was preloaded using link preload but not used within a few seconds from the window's load event. Please make sure it has an appropriate `as` value and it is preloaded intentionally. @ http://localhost:4300/fr:0
[ 2800104ms] [LOG] [Fast Refresh] rebuilding @ http://localhost:4300/_next/static/chunks/ee53c_next_dist_client_e5d7a3._.js:13665
[ 2800177ms] [LOG] [Fast Refresh] rebuilding @ http://localhost:4300/_next/static/chunks/ee53c_next_dist_client_e5d7a3._.js:13665
[ 2800296ms] [LOG] [Fast Refresh] rebuilding @ http://localhost:4300/_next/static/chunks/ee53c_next_dist_client_e5d7a3._.js:13665
[ 2801768ms] [LOG] [Fast Refresh] rebuilding @ http://localhost:4300/_next/static/chunks/ee53c_next_dist_client_e5d7a3._.js:13665
[ 2804143ms] [LOG] [Fast Refresh] rebuilding @ http://localhost:4300/_next/static/chunks/ee53c_next_dist_client_e5d7a3._.js:13665
[ 2805860ms] [LOG] [Fast Refresh] rebuilding @ http://localhost:4300/_next/static/chunks/ee53c_next_dist_client_e5d7a3._.js:13665
[ 2823899ms] [LOG] [Fast Refresh] rebuilding @ http://localhost:4300/_next/static/chunks/ee53c_next_dist_client_e5d7a3._.js:13665
[ 2824123ms] [LOG] [Fast Refresh] done in 224ms @ http://localhost:4300/_next/static/chunks/ee53c_next_dist_client_e5d7a3._.js:13492
[ 2824242ms] [LOG] [Fast Refresh] rebuilding @ http://localhost:4300/_next/static/chunks/ee53c_next_dist_client_e5d7a3._.js:13665
[ 2827878ms] [LOG] [Fast Refresh] rebuilding @ http://localhost:4300/_next/static/chunks/ee53c_next_dist_client_e5d7a3._.js:13665
[ 2827885ms] [LOG] [Fast Refresh] rebuilding @ http://localhost:4300/_next/static/chunks/ee53c_next_dist_client_e5d7a3._.js:13665
[ 2827892ms] [LOG] [Fast Refresh] rebuilding @ http://localhost:4300/_next/static/chunks/ee53c_next_dist_client_e5d7a3._.js:13665
[ 2827895ms] [LOG] [Fast Refresh] rebuilding @ http://localhost:4300/_next/static/chunks/ee53c_next_dist_client_e5d7a3._.js:13665
[ 2827904ms] [LOG] [Fast Refresh] rebuilding @ http://localhost:4300/_next/static/chunks/ee53c_next_dist_client_e5d7a3._.js:13665
[ 2827911ms] [LOG] [Fast Refresh] rebuilding @ http://localhost:4300/_next/static/chunks/ee53c_next_dist_client_e5d7a3._.js:13665
[ 2827913ms] [LOG] [Fast Refresh] rebuilding @ http://localhost:4300/_next/static/chunks/ee53c_next_dist_client_e5d7a3._.js:13665
[ 2827915ms] [LOG] [Fast Refresh] rebuilding @ http://localhost:4300/_next/static/chunks/ee53c_next_dist_client_e5d7a3._.js:13665
[ 2827917ms] [LOG] [Fast Refresh] rebuilding @ http://localhost:4300/_next/static/chunks/ee53c_next_dist_client_e5d7a3._.js:13665
[ 2827926ms] [LOG] [Fast Refresh] rebuilding @ http://localhost:4300/_next/static/chunks/ee53c_next_dist_client_e5d7a3._.js:13665
[ 2831856ms] [LOG] [Fast Refresh] rebuilding @ http://localhost:4300/_next/static/chunks/ee53c_next_dist_client_e5d7a3._.js:13665
[ 2849852ms] [LOG] [Fast Refresh] rebuilding @ http://localhost:4300/_next/static/chunks/ee53c_next_dist_client_e5d7a3._.js:13665
[ 2850081ms] [LOG] [Fast Refresh] done in 228ms @ http://localhost:4300/_next/static/chunks/ee53c_next_dist_client_e5d7a3._.js:13492
[ 2850111ms] [LOG] [Fast Refresh] rebuilding @ http://localhost:4300/_next/static/chunks/ee53c_next_dist_client_e5d7a3._.js:13665
[ 2850421ms] [LOG] [Fast Refresh] rebuilding @ http://localhost:4300/_next/static/chunks/ee53c_next_dist_client_e5d7a3._.js:13665
[ 2850421ms] [LOG] [Fast Refresh] rebuilding @ http://localhost:4300/_next/static/chunks/ee53c_next_dist_client_e5d7a3._.js:13665
[ 2853207ms] [LOG] [Fast Refresh] rebuilding @ http://localhost:4300/_next/static/chunks/ee53c_next_dist_client_e5d7a3._.js:13665
[ 2853223ms] [LOG] [Fast Refresh] rebuilding @ http://localhost:4300/_next/static/chunks/ee53c_next_dist_client_e5d7a3._.js:13665
[ 2853223ms] [LOG] [Fast Refresh] rebuilding @ http://localhost:4300/_next/static/chunks/ee53c_next_dist_client_e5d7a3._.js:13665
[ 2853246ms] [LOG] [Fast Refresh] rebuilding @ http://localhost:4300/_next/static/chunks/ee53c_next_dist_client_e5d7a3._.js:13665
[ 2853257ms] [LOG] [Fast Refresh] rebuilding @ http://localhost:4300/_next/static/chunks/ee53c_next_dist_client_e5d7a3._.js:13665
[ 2853847ms] [LOG] [Fast Refresh] rebuilding @ http://localhost:4300/_next/static/chunks/ee53c_next_dist_client_e5d7a3._.js:13665
[ 2853945ms] [LOG] [Fast Refresh] rebuilding @ http://localhost:4300/_next/static/chunks/ee53c_next_dist_client_e5d7a3._.js:13665
[ 2853956ms] [LOG] [Fast Refresh] rebuilding @ http://localhost:4300/_next/static/chunks/ee53c_next_dist_client_e5d7a3._.js:13665
[ 2853965ms] [LOG] [Fast Refresh] rebuilding @ http://localhost:4300/_next/static/chunks/ee53c_next_dist_client_e5d7a3._.js:13665
[ 2853977ms] [LOG] [Fast Refresh] rebuilding @ http://localhost:4300/_next/static/chunks/ee53c_next_dist_client_e5d7a3._.js:13665
[ 2892551ms] [LOG] [Fast Refresh] rebuilding @ http://localhost:4300/_next/static/chunks/ee53c_next_dist_client_e5d7a3._.js:13665
[ 2921497ms] [LOG] [Fast Refresh] rebuilding @ http://localhost:4300/_next/static/chunks/ee53c_next_dist_client_e5d7a3._.js:13665
[ 2954248ms] [LOG] [Fast Refresh] rebuilding @ http://localhost:4300/_next/static/chunks/ee53c_next_dist_client_e5d7a3._.js:13665
[ 3006964ms] [LOG] [Fast Refresh] rebuilding @ http://localhost:4300/_next/static/chunks/ee53c_next_dist_client_e5d7a3._.js:13665
[ 3118406ms] [LOG] [Fast Refresh] rebuilding @ http://localhost:4300/_next/static/chunks/ee53c_next_dist_client_e5d7a3._.js:13665
[ 3143469ms] [LOG] [Fast Refresh] rebuilding @ http://localhost:4300/_next/static/chunks/ee53c_next_dist_client_e5d7a3._.js:13665
[ 3143488ms] [ERROR] [Turbopack HMR] Expected module to match pattern: [project]/apps/website/src/i18n/en.json (json) @ http://localhost:4300/_next/static/chunks/ee53c_next_dist_client_e5d7a3._.js:993
[ 3143489ms] [ERROR] [Turbopack HMR] Expected module to match pattern: [project]/apps/website/src/i18n/fr.json (json) @ http://localhost:4300/_next/static/chunks/ee53c_next_dist_client_e5d7a3._.js:993
[ 3143499ms] [LOG] [Fast Refresh] done in 30ms @ http://localhost:4300/_next/static/chunks/ee53c_next_dist_client_e5d7a3._.js:13492
[ 3143595ms] [LOG] [Fast Refresh] rebuilding @ http://localhost:4300/_next/static/chunks/ee53c_next_dist_client_e5d7a3._.js:13665
[ 3143595ms] [LOG] [Fast Refresh] rebuilding @ http://localhost:4300/_next/static/chunks/ee53c_next_dist_client_e5d7a3._.js:13665
[ 3143596ms] [LOG] [Fast Refresh] rebuilding @ http://localhost:4300/_next/static/chunks/ee53c_next_dist_client_e5d7a3._.js:13665
[ 3149160ms] [LOG] [Fast Refresh] rebuilding @ http://localhost:4300/_next/static/chunks/ee53c_next_dist_client_e5d7a3._.js:13665
[ 3153426ms] [LOG] [Fast Refresh] rebuilding @ http://localhost:4300/_next/static/chunks/ee53c_next_dist_client_e5d7a3._.js:13665
[ 3153434ms] [LOG] [Fast Refresh] rebuilding @ http://localhost:4300/_next/static/chunks/ee53c_next_dist_client_e5d7a3._.js:13665
[ 3153449ms] [LOG] [Fast Refresh] rebuilding @ http://localhost:4300/_next/static/chunks/ee53c_next_dist_client_e5d7a3._.js:13665
[ 3153455ms] [LOG] [Fast Refresh] rebuilding @ http://localhost:4300/_next/static/chunks/ee53c_next_dist_client_e5d7a3._.js:13665
[ 3153468ms] [LOG] [Fast Refresh] rebuilding @ http://localhost:4300/_next/static/chunks/ee53c_next_dist_client_e5d7a3._.js:13665
[ 3153487ms] [LOG] [Fast Refresh] rebuilding @ http://localhost:4300/_next/static/chunks/ee53c_next_dist_client_e5d7a3._.js:13665
[ 3153586ms] [LOG] [Fast Refresh] rebuilding @ http://localhost:4300/_next/static/chunks/ee53c_next_dist_client_e5d7a3._.js:13665
[ 3160022ms] [LOG] [Fast Refresh] rebuilding @ http://localhost:4300/_next/static/chunks/ee53c_next_dist_client_e5d7a3._.js:13665
[ 3160023ms] [LOG] [Fast Refresh] rebuilding @ http://localhost:4300/_next/static/chunks/ee53c_next_dist_client_e5d7a3._.js:13665
[ 3160023ms] [LOG] [Fast Refresh] rebuilding @ http://localhost:4300/_next/static/chunks/ee53c_next_dist_client_e5d7a3._.js:13665
[ 3160023ms] [LOG] [Fast Refresh] rebuilding @ http://localhost:4300/_next/static/chunks/ee53c_next_dist_client_e5d7a3._.js:13665
[ 3160024ms] [LOG] [Fast Refresh] rebuilding @ http://localhost:4300/_next/static/chunks/ee53c_next_dist_client_e5d7a3._.js:13665
[ 3160024ms] [LOG] [Fast Refresh] rebuilding @ http://localhost:4300/_next/static/chunks/ee53c_next_dist_client_e5d7a3._.js:13665
[ 3160032ms] [LOG] [Fast Refresh] rebuilding @ http://localhost:4300/_next/static/chunks/ee53c_next_dist_client_e5d7a3._.js:13665
[ 3160033ms] [LOG] [Fast Refresh] rebuilding @ http://localhost:4300/_next/static/chunks/ee53c_next_dist_client_e5d7a3._.js:13665
[ 3160033ms] [LOG] [Fast Refresh] rebuilding @ http://localhost:4300/_next/static/chunks/ee53c_next_dist_client_e5d7a3._.js:13665
[ 3160033ms] [LOG] [Fast Refresh] rebuilding @ http://localhost:4300/_next/static/chunks/ee53c_next_dist_client_e5d7a3._.js:13665
[ 3171620ms] [LOG] [Fast Refresh] rebuilding @ http://localhost:4300/_next/static/chunks/ee53c_next_dist_client_e5d7a3._.js:13665
[ 3171626ms] [LOG] [Fast Refresh] rebuilding @ http://localhost:4300/_next/static/chunks/ee53c_next_dist_client_e5d7a3._.js:13665
[ 3171627ms] [LOG] [Fast Refresh] rebuilding @ http://localhost:4300/_next/static/chunks/ee53c_next_dist_client_e5d7a3._.js:13665
[ 3171628ms] [LOG] [Fast Refresh] rebuilding @ http://localhost:4300/_next/static/chunks/ee53c_next_dist_client_e5d7a3._.js:13665
[ 3171629ms] [LOG] [Fast Refresh] rebuilding @ http://localhost:4300/_next/static/chunks/ee53c_next_dist_client_e5d7a3._.js:13665
[ 3171629ms] [LOG] [Fast Refresh] rebuilding @ http://localhost:4300/_next/static/chunks/ee53c_next_dist_client_e5d7a3._.js:13665
[ 3171630ms] [LOG] [Fast Refresh] rebuilding @ http://localhost:4300/_next/static/chunks/ee53c_next_dist_client_e5d7a3._.js:13665
[ 3171630ms] [LOG] [Fast Refresh] rebuilding @ http://localhost:4300/_next/static/chunks/ee53c_next_dist_client_e5d7a3._.js:13665
[ 3171630ms] [LOG] [Fast Refresh] rebuilding @ http://localhost:4300/_next/static/chunks/ee53c_next_dist_client_e5d7a3._.js:13665
[ 3171631ms] [LOG] [Fast Refresh] rebuilding @ http://localhost:4300/_next/static/chunks/ee53c_next_dist_client_e5d7a3._.js:13665
[ 3171631ms] [LOG] [Fast Refresh] rebuilding @ http://localhost:4300/_next/static/chunks/ee53c_next_dist_client_e5d7a3._.js:13665
[ 3171632ms] [LOG] [Fast Refresh] rebuilding @ http://localhost:4300/_next/static/chunks/ee53c_next_dist_client_e5d7a3._.js:13665
[ 3171632ms] [LOG] [Fast Refresh] rebuilding @ http://localhost:4300/_next/static/chunks/ee53c_next_dist_client_e5d7a3._.js:13665
[ 3171634ms] [LOG] [Fast Refresh] rebuilding @ http://localhost:4300/_next/static/chunks/ee53c_next_dist_client_e5d7a3._.js:13665
[ 3171634ms] [LOG] [Fast Refresh] rebuilding @ http://localhost:4300/_next/static/chunks/ee53c_next_dist_client_e5d7a3._.js:13665
[ 3171670ms] [LOG] [Fast Refresh] rebuilding @ http://localhost:4300/_next/static/chunks/ee53c_next_dist_client_e5d7a3._.js:13665
[ 3171678ms] [LOG] [Fast Refresh] rebuilding @ http://localhost:4300/_next/static/chunks/ee53c_next_dist_client_e5d7a3._.js:13665
[ 3171681ms] [LOG] [Fast Refresh] rebuilding @ http://localhost:4300/_next/static/chunks/ee53c_next_dist_client_e5d7a3._.js:13665
[ 3171685ms] [LOG] [Fast Refresh] rebuilding @ http://localhost:4300/_next/static/chunks/ee53c_next_dist_client_e5d7a3._.js:13665
[ 3171686ms] [LOG] [Fast Refresh] rebuilding @ http://localhost:4300/_next/static/chunks/ee53c_next_dist_client_e5d7a3._.js:13665
[ 3171696ms] [LOG] [Fast Refresh] rebuilding @ http://localhost:4300/_next/static/chunks/ee53c_next_dist_client_e5d7a3._.js:13665
[ 3171697ms] [LOG] [Fast Refresh] rebuilding @ http://localhost:4300/_next/static/chunks/ee53c_next_dist_client_e5d7a3._.js:13665
[ 3171698ms] [LOG] [Fast Refresh] rebuilding @ http://localhost:4300/_next/static/chunks/ee53c_next_dist_client_e5d7a3._.js:13665
[ 3171698ms] [LOG] [Fast Refresh] rebuilding @ http://localhost:4300/_next/static/chunks/ee53c_next_dist_client_e5d7a3._.js:13665
[ 3175219ms] [LOG] [Fast Refresh] rebuilding @ http://localhost:4300/_next/static/chunks/ee53c_next_dist_client_e5d7a3._.js:13665
[ 3175223ms] [LOG] [Fast Refresh] rebuilding @ http://localhost:4300/_next/static/chunks/ee53c_next_dist_client_e5d7a3._.js:13665
[ 3175224ms] [LOG] [Fast Refresh] rebuilding @ http://localhost:4300/_next/static/chunks/ee53c_next_dist_client_e5d7a3._.js:13665
[ 3175226ms] [LOG] [Fast Refresh] rebuilding @ http://localhost:4300/_next/static/chunks/ee53c_next_dist_client_e5d7a3._.js:13665
[ 3175227ms] [LOG] [Fast Refresh] rebuilding @ http://localhost:4300/_next/static/chunks/ee53c_next_dist_client_e5d7a3._.js:13665
[ 3175227ms] [LOG] [Fast Refresh] rebuilding @ http://localhost:4300/_next/static/chunks/ee53c_next_dist_client_e5d7a3._.js:13665
[ 3175228ms] [LOG] [Fast Refresh] rebuilding @ http://localhost:4300/_next/static/chunks/ee53c_next_dist_client_e5d7a3._.js:13665
[ 3175228ms] [LOG] [Fast Refresh] rebuilding @ http://localhost:4300/_next/static/chunks/ee53c_next_dist_client_e5d7a3._.js:13665
[ 3175231ms] [LOG] [Fast Refresh] rebuilding @ http://localhost:4300/_next/static/chunks/ee53c_next_dist_client_e5d7a3._.js:13665
[ 3175232ms] [LOG] [Fast Refresh] rebuilding @ http://localhost:4300/_next/static/chunks/ee53c_next_dist_client_e5d7a3._.js:13665
[ 3175232ms] [LOG] [Fast Refresh] rebuilding @ http://localhost:4300/_next/static/chunks/ee53c_next_dist_client_e5d7a3._.js:13665
[ 3176057ms] [LOG] [Fast Refresh] rebuilding @ http://localhost:4300/_next/static/chunks/ee53c_next_dist_client_e5d7a3._.js:13665
[ 3176057ms] [LOG] [Fast Refresh] rebuilding @ http://localhost:4300/_next/static/chunks/ee53c_next_dist_client_e5d7a3._.js:13665
[ 3176058ms] [LOG] [Fast Refresh] rebuilding @ http://localhost:4300/_next/static/chunks/ee53c_next_dist_client_e5d7a3._.js:13665
[ 3176058ms] [LOG] [Fast Refresh] rebuilding @ http://localhost:4300/_next/static/chunks/ee53c_next_dist_client_e5d7a3._.js:13665
[ 3176058ms] [LOG] [Fast Refresh] rebuilding @ http://localhost:4300/_next/static/chunks/ee53c_next_dist_client_e5d7a3._.js:13665
[ 3176058ms] [LOG] [Fast Refresh] rebuilding @ http://localhost:4300/_next/static/chunks/ee53c_next_dist_client_e5d7a3._.js:13665
[ 3176060ms] [LOG] [Fast Refresh] rebuilding @ http://localhost:4300/_next/static/chunks/ee53c_next_dist_client_e5d7a3._.js:13665
[ 3176899ms] [LOG] [Fast Refresh] rebuilding @ http://localhost:4300/_next/static/chunks/ee53c_next_dist_client_e5d7a3._.js:13665
[ 3176902ms] [LOG] [Fast Refresh] rebuilding @ http://localhost:4300/_next/static/chunks/ee53c_next_dist_client_e5d7a3._.js:13665
[ 3176902ms] [LOG] [Fast Refresh] rebuilding @ http://localhost:4300/_next/static/chunks/ee53c_next_dist_client_e5d7a3._.js:13665
[ 3176902ms] [LOG] [Fast Refresh] rebuilding @ http://localhost:4300/_next/static/chunks/ee53c_next_dist_client_e5d7a3._.js:13665
[ 3176980ms] [LOG] [Fast Refresh] rebuilding @ http://localhost:4300/_next/static/chunks/ee53c_next_dist_client_e5d7a3._.js:13665
[ 3179949ms] [LOG] [Fast Refresh] rebuilding @ http://localhost:4300/_next/static/chunks/ee53c_next_dist_client_e5d7a3._.js:13665
[ 3187453ms] [LOG] [Fast Refresh] rebuilding @ http://localhost:4300/_next/static/chunks/ee53c_next_dist_client_e5d7a3._.js:13665
[ 3187460ms] [LOG] [Fast Refresh] done in 6ms @ http://localhost:4300/_next/static/chunks/ee53c_next_dist_client_e5d7a3._.js:13492
[ 3187467ms] [ERROR] The final argument passed to %s changed size between renders. The order and size of this array must remain constant.

Previous: %s
Incoming: %s useEffect [hero, 150, [object Object],[object Object],[object Object],[object Object]] [hero, 150, [object Object],[object Object],[object Object],[object Object], 0.5] @ http://localhost:4300/_next/static/chunks/ee53c_next_dist_client_e5d7a3._.js:993
[ 3187469ms] [LOG] [Fast Refresh] rebuilding @ http://localhost:4300/_next/static/chunks/ee53c_next_dist_client_e5d7a3._.js:13665
[ 3187470ms] [LOG] [Fast Refresh] rebuilding @ http://localhost:4300/_next/static/chunks/ee53c_next_dist_client_e5d7a3._.js:13665
[ 3187470ms] [LOG] [Fast Refresh] rebuilding @ http://localhost:4300/_next/static/chunks/ee53c_next_dist_client_e5d7a3._.js:13665
[ 3187470ms] [LOG] [Fast Refresh] rebuilding @ http://localhost:4300/_next/static/chunks/ee53c_next_dist_client_e5d7a3._.js:13665
[ 3187470ms] [LOG] [Fast Refresh] rebuilding @ http://localhost:4300/_next/static/chunks/ee53c_next_dist_client_e5d7a3._.js:13665
[ 3187471ms] [LOG] [Fast Refresh] rebuilding @ http://localhost:4300/_next/static/chunks/ee53c_next_dist_client_e5d7a3._.js:13665
[ 3187471ms] [LOG] [Fast Refresh] rebuilding @ http://localhost:4300/_next/static/chunks/ee53c_next_dist_client_e5d7a3._.js:13665
[ 3187472ms] [LOG] [Fast Refresh] rebuilding @ http://localhost:4300/_next/static/chunks/ee53c_next_dist_client_e5d7a3._.js:13665
[ 3187472ms] [LOG] [Fast Refresh] rebuilding @ http://localhost:4300/_next/static/chunks/ee53c_next_dist_client_e5d7a3._.js:13665
[ 3187472ms] [LOG] [Fast Refresh] rebuilding @ http://localhost:4300/_next/static/chunks/ee53c_next_dist_client_e5d7a3._.js:13665
[ 3187472ms] [LOG] [Fast Refresh] rebuilding @ http://localhost:4300/_next/static/chunks/ee53c_next_dist_client_e5d7a3._.js:13665
[ 3187473ms] [LOG] [Fast Refresh] rebuilding @ http://localhost:4300/_next/static/chunks/ee53c_next_dist_client_e5d7a3._.js:13665
[ 3190911ms] [LOG] [Fast Refresh] rebuilding @ http://localhost:4300/_next/static/chunks/ee53c_next_dist_client_e5d7a3._.js:13665
[ 3191518ms] [LOG] [Fast Refresh] rebuilding @ http://localhost:4300/_next/static/chunks/ee53c_next_dist_client_e5d7a3._.js:13665
[ 3191518ms] [LOG] [Fast Refresh] rebuilding @ http://localhost:4300/_next/static/chunks/ee53c_next_dist_client_e5d7a3._.js:13665
[ 3191520ms] [LOG] [Fast Refresh] rebuilding @ http://localhost:4300/_next/static/chunks/ee53c_next_dist_client_e5d7a3._.js:13665
[ 3191520ms] [LOG] [Fast Refresh] rebuilding @ http://localhost:4300/_next/static/chunks/ee53c_next_dist_client_e5d7a3._.js:13665
[ 3191521ms] [LOG] [Fast Refresh] rebuilding @ http://localhost:4300/_next/static/chunks/ee53c_next_dist_client_e5d7a3._.js:13665
[ 3191522ms] [LOG] [Fast Refresh] rebuilding @ http://localhost:4300/_next/static/chunks/ee53c_next_dist_client_e5d7a3._.js:13665
[ 3191522ms] [LOG] [Fast Refresh] rebuilding @ http://localhost:4300/_next/static/chunks/ee53c_next_dist_client_e5d7a3._.js:13665
[ 3191522ms] [LOG] [Fast Refresh] rebuilding @ http://localhost:4300/_next/static/chunks/ee53c_next_dist_client_e5d7a3._.js:13665
[ 3191522ms] [LOG] [Fast Refresh] rebuilding @ http://localhost:4300/_next/static/chunks/ee53c_next_dist_client_e5d7a3._.js:13665
[ 3191576ms] [LOG] [Fast Refresh] rebuilding @ http://localhost:4300/_next/static/chunks/ee53c_next_dist_client_e5d7a3._.js:13665
[ 3191583ms] [LOG] [Fast Refresh] rebuilding @ http://localhost:4300/_next/static/chunks/ee53c_next_dist_client_e5d7a3._.js:13665
[ 3191594ms] [LOG] [Fast Refresh] rebuilding @ http://localhost:4300/_next/static/chunks/ee53c_next_dist_client_e5d7a3._.js:13665
[ 3191761ms] [LOG] [Fast Refresh] rebuilding @ http://localhost:4300/_next/static/chunks/ee53c_next_dist_client_e5d7a3._.js:13665
[ 3193709ms] [LOG] [Fast Refresh] rebuilding @ http://localhost:4300/_next/static/chunks/ee53c_next_dist_client_e5d7a3._.js:13665
[ 3193797ms] [LOG] [Fast Refresh] rebuilding @ http://localhost:4300/_next/static/chunks/ee53c_next_dist_client_e5d7a3._.js:13665
[ 3194240ms] [LOG] [Fast Refresh] rebuilding @ http://localhost:4300/_next/static/chunks/ee53c_next_dist_client_e5d7a3._.js:13665
[ 3194240ms] [LOG] [Fast Refresh] rebuilding @ http://localhost:4300/_next/static/chunks/ee53c_next_dist_client_e5d7a3._.js:13665
[ 3194243ms] [LOG] [Fast Refresh] rebuilding @ http://localhost:4300/_next/static/chunks/ee53c_next_dist_client_e5d7a3._.js:13665
[ 3194244ms] [LOG] [Fast Refresh] rebuilding @ http://localhost:4300/_next/static/chunks/ee53c_next_dist_client_e5d7a3._.js:13665
[ 3194506ms] [LOG] [Fast Refresh] rebuilding @ http://localhost:4300/_next/static/chunks/ee53c_next_dist_client_e5d7a3._.js:13665
[ 3194635ms] [LOG] [Fast Refresh] rebuilding @ http://localhost:4300/_next/static/chunks/ee53c_next_dist_client_e5d7a3._.js:13665
[ 3204260ms] [LOG] [Fast Refresh] rebuilding @ http://localhost:4300/_next/static/chunks/ee53c_next_dist_client_e5d7a3._.js:13665
[ 3204266ms] [LOG] [Fast Refresh] rebuilding @ http://localhost:4300/_next/static/chunks/ee53c_next_dist_client_e5d7a3._.js:13665
[ 3204272ms] [LOG] [Fast Refresh] rebuilding @ http://localhost:4300/_next/static/chunks/ee53c_next_dist_client_e5d7a3._.js:13665
[ 3204279ms] [LOG] [Fast Refresh] rebuilding @ http://localhost:4300/_next/static/chunks/ee53c_next_dist_client_e5d7a3._.js:13665
[ 3204280ms] [LOG] [Fast Refresh] rebuilding @ http://localhost:4300/_next/static/chunks/ee53c_next_dist_client_e5d7a3._.js:13665
[ 3204306ms] [LOG] [Fast Refresh] rebuilding @ http://localhost:4300/_next/static/chunks/ee53c_next_dist_client_e5d7a3._.js:13665
[ 3204307ms] [LOG] [Fast Refresh] rebuilding @ http://localhost:4300/_next/static/chunks/ee53c_next_dist_client_e5d7a3._.js:13665
[ 3204308ms] [LOG] [Fast Refresh] rebuilding @ http://localhost:4300/_next/static/chunks/ee53c_next_dist_client_e5d7a3._.js:13665
[ 3204309ms] [LOG] [Fast Refresh] rebuilding @ http://localhost:4300/_next/static/chunks/ee53c_next_dist_client_e5d7a3._.js:13665
[ 3204309ms] [LOG] [Fast Refresh] rebuilding @ http://localhost:4300/_next/static/chunks/ee53c_next_dist_client_e5d7a3._.js:13665
[ 3204578ms] [LOG] [Fast Refresh] rebuilding @ http://localhost:4300/_next/static/chunks/ee53c_next_dist_client_e5d7a3._.js:13665
[ 3204578ms] [LOG] [Fast Refresh] rebuilding @ http://localhost:4300/_next/static/chunks/ee53c_next_dist_client_e5d7a3._.js:13665
[ 3211032ms] [LOG] [Fast Refresh] rebuilding @ http://localhost:4300/_next/static/chunks/ee53c_next_dist_client_e5d7a3._.js:13665
[ 3211057ms] [LOG] [Fast Refresh] rebuilding @ http://localhost:4300/_next/static/chunks/ee53c_next_dist_client_e5d7a3._.js:13665
[ 3211058ms] [LOG] [Fast Refresh] rebuilding @ http://localhost:4300/_next/static/chunks/ee53c_next_dist_client_e5d7a3._.js:13665
[ 3211058ms] [LOG] [Fast Refresh] rebuilding @ http://localhost:4300/_next/static/chunks/ee53c_next_dist_client_e5d7a3._.js:13665
[ 3211059ms] [LOG] [Fast Refresh] rebuilding @ http://localhost:4300/_next/static/chunks/ee53c_next_dist_client_e5d7a3._.js:13665
[ 3211059ms] [LOG] [Fast Refresh] rebuilding @ http://localhost:4300/_next/static/chunks/ee53c_next_dist_client_e5d7a3._.js:13665
[ 3215527ms] [ERROR] Failed to load resource: the server responded with a status of 404 (Not Found) @ http://localhost:4300/sequences/trust/0001.webp:0
[ 3215607ms] [ERROR] Failed to load resource: the server responded with a status of 404 (Not Found) @ http://localhost:4300/sequences/trust/0017.webp:0
[ 3215609ms] [ERROR] Failed to load resource: the server responded with a status of 404 (Not Found) @ http://localhost:4300/sequences/trust/0033.webp:0
[ 3215618ms] [ERROR] Failed to load resource: the server responded with a status of 404 (Not Found) @ http://localhost:4300/sequences/trust/0049.webp:0
[ 3215627ms] [ERROR] Failed to load resource: the server responded with a status of 404 (Not Found) @ http://localhost:4300/sequences/trust/0065.webp:0
[ 3215635ms] [ERROR] Failed to load resource: the server responded with a status of 404 (Not Found) @ http://localhost:4300/sequences/trust/0081.webp:0
[ 3215641ms] [LOG] [Fast Refresh] rebuilding @ http://localhost:4300/_next/static/chunks/ee53c_next_dist_client_e5d7a3._.js:13665
[ 3215646ms] [LOG] [Fast Refresh] rebuilding @ http://localhost:4300/_next/static/chunks/ee53c_next_dist_client_e5d7a3._.js:13665
[ 3215647ms] [LOG] [Fast Refresh] rebuilding @ http://localhost:4300/_next/static/chunks/ee53c_next_dist_client_e5d7a3._.js:13665
[ 3215647ms] [LOG] [Fast Refresh] rebuilding @ http://localhost:4300/_next/static/chunks/ee53c_next_dist_client_e5d7a3._.js:13665
[ 3215647ms] [LOG] [Fast Refresh] rebuilding @ http://localhost:4300/_next/static/chunks/ee53c_next_dist_client_e5d7a3._.js:13665
[ 3215649ms] [LOG] [Fast Refresh] rebuilding @ http://localhost:4300/_next/static/chunks/ee53c_next_dist_client_e5d7a3._.js:13665
[ 3215650ms] [LOG] [Fast Refresh] rebuilding @ http://localhost:4300/_next/static/chunks/ee53c_next_dist_client_e5d7a3._.js:13665
[ 3215655ms] [LOG] [Fast Refresh] rebuilding @ http://localhost:4300/_next/static/chunks/ee53c_next_dist_client_e5d7a3._.js:13665
[ 3215656ms] [LOG] [Fast Refresh] rebuilding @ http://localhost:4300/_next/static/chunks/ee53c_next_dist_client_e5d7a3._.js:13665
[ 3215656ms] [LOG] [Fast Refresh] rebuilding @ http://localhost:4300/_next/static/chunks/ee53c_next_dist_client_e5d7a3._.js:13665
[ 3215657ms] [LOG] [Fast Refresh] rebuilding @ http://localhost:4300/_next/static/chunks/ee53c_next_dist_client_e5d7a3._.js:13665
[ 3215658ms] [LOG] [Fast Refresh] rebuilding @ http://localhost:4300/_next/static/chunks/ee53c_next_dist_client_e5d7a3._.js:13665
[ 3215659ms] [LOG] [Fast Refresh] rebuilding @ http://localhost:4300/_next/static/chunks/ee53c_next_dist_client_e5d7a3._.js:13665
[ 3215661ms] [LOG] [Fast Refresh] rebuilding @ http://localhost:4300/_next/static/chunks/ee53c_next_dist_client_e5d7a3._.js:13665
[ 3215661ms] [LOG] [Fast Refresh] rebuilding @ http://localhost:4300/_next/static/chunks/ee53c_next_dist_client_e5d7a3._.js:13665
[ 3215663ms] [LOG] [Fast Refresh] rebuilding @ http://localhost:4300/_next/static/chunks/ee53c_next_dist_client_e5d7a3._.js:13665
[ 3215665ms] [LOG] [Fast Refresh] rebuilding @ http://localhost:4300/_next/static/chunks/ee53c_next_dist_client_e5d7a3._.js:13665
[ 3215666ms] [LOG] [Fast Refresh] rebuilding @ http://localhost:4300/_next/static/chunks/ee53c_next_dist_client_e5d7a3._.js:13665
[ 3215666ms] [LOG] [Fast Refresh] rebuilding @ http://localhost:4300/_next/static/chunks/ee53c_next_dist_client_e5d7a3._.js:13665
[ 3215667ms] [LOG] [Fast Refresh] rebuilding @ http://localhost:4300/_next/static/chunks/ee53c_next_dist_client_e5d7a3._.js:13665
[ 3215676ms] [LOG] [Fast Refresh] rebuilding @ http://localhost:4300/_next/static/chunks/ee53c_next_dist_client_e5d7a3._.js:13665
[ 3215676ms] [LOG] [Fast Refresh] rebuilding @ http://localhost:4300/_next/static/chunks/ee53c_next_dist_client_e5d7a3._.js:13665
[ 3215676ms] [LOG] [Fast Refresh] rebuilding @ http://localhost:4300/_next/static/chunks/ee53c_next_dist_client_e5d7a3._.js:13665
[ 3215677ms] [LOG] [Fast Refresh] rebuilding @ http://localhost:4300/_next/static/chunks/ee53c_next_dist_client_e5d7a3._.js:13665
[ 3215678ms] [LOG] [Fast Refresh] rebuilding @ http://localhost:4300/_next/static/chunks/ee53c_next_dist_client_e5d7a3._.js:13665
[ 3219442ms] [ERROR] Failed to load resource: the server responded with a status of 404 (Not Found) @ http://localhost:4300/sequences/trust/0097.webp:0
[ 3219446ms] [ERROR] Failed to load resource: the server responded with a status of 404 (Not Found) @ http://localhost:4300/sequences/trust/0113.webp:0
[ 3219447ms] [ERROR] Failed to load resource: the server responded with a status of 404 (Not Found) @ http://localhost:4300/sequences/trust/0145.webp:0
[ 3219453ms] [LOG] [Fast Refresh] rebuilding @ http://localhost:4300/_next/static/chunks/ee53c_next_dist_client_e5d7a3._.js:13665
[ 3219581ms] [LOG] [Fast Refresh] rebuilding @ http://localhost:4300/_next/static/chunks/ee53c_next_dist_client_e5d7a3._.js:13665
[ 3219582ms] [LOG] [Fast Refresh] rebuilding @ http://localhost:4300/_next/static/chunks/ee53c_next_dist_client_e5d7a3._.js:13665
[ 3219582ms] [LOG] [Fast Refresh] rebuilding @ http://localhost:4300/_next/static/chunks/ee53c_next_dist_client_e5d7a3._.js:13665
[ 3219586ms] [LOG] [Fast Refresh] rebuilding @ http://localhost:4300/_next/static/chunks/ee53c_next_dist_client_e5d7a3._.js:13665
[ 3219586ms] [LOG] [Fast Refresh] rebuilding @ http://localhost:4300/_next/static/chunks/ee53c_next_dist_client_e5d7a3._.js:13665
[ 3219587ms] [LOG] [Fast Refresh] rebuilding @ http://localhost:4300/_next/static/chunks/ee53c_next_dist_client_e5d7a3._.js:13665
[ 3219587ms] [LOG] [Fast Refresh] rebuilding @ http://localhost:4300/_next/static/chunks/ee53c_next_dist_client_e5d7a3._.js:13665
[ 3219588ms] [LOG] [Fast Refresh] rebuilding @ http://localhost:4300/_next/static/chunks/ee53c_next_dist_client_e5d7a3._.js:13665
[ 3219588ms] [LOG] [Fast Refresh] rebuilding @ http://localhost:4300/_next/static/chunks/ee53c_next_dist_client_e5d7a3._.js:13665
[ 3219588ms] [LOG] [Fast Refresh] rebuilding @ http://localhost:4300/_next/static/chunks/ee53c_next_dist_client_e5d7a3._.js:13665
[ 3219594ms] [LOG] [Fast Refresh] rebuilding @ http://localhost:4300/_next/static/chunks/ee53c_next_dist_client_e5d7a3._.js:13665
[ 3219595ms] [LOG] [Fast Refresh] rebuilding @ http://localhost:4300/_next/static/chunks/ee53c_next_dist_client_e5d7a3._.js:13665
[ 3219596ms] [LOG] [Fast Refresh] rebuilding @ http://localhost:4300/_next/static/chunks/ee53c_next_dist_client_e5d7a3._.js:13665
[ 3219715ms] [ERROR] Failed to load resource: the server responded with a status of 404 (Not Found) @ http://localhost:4300/sequences/trust/0009.webp:0
[ 3219726ms] [ERROR] Failed to load resource: the server responded with a status of 404 (Not Found) @ http://localhost:4300/sequences/trust/0025.webp:0
[ 3219732ms] [ERROR] Failed to load resource: the server responded with a status of 404 (Not Found) @ http://localhost:4300/sequences/trust/0129.webp:0
[ 3219765ms] [LOG] [Fast Refresh] rebuilding @ http://localhost:4300/_next/static/chunks/ee53c_next_dist_client_e5d7a3._.js:13665
[ 3222279ms] [LOG] [Fast Refresh] rebuilding @ http://localhost:4300/_next/static/chunks/ee53c_next_dist_client_e5d7a3._.js:13665
[ 3222297ms] [LOG] [Fast Refresh] rebuilding @ http://localhost:4300/_next/static/chunks/ee53c_next_dist_client_e5d7a3._.js:13665
[ 3222298ms] [LOG] [Fast Refresh] rebuilding @ http://localhost:4300/_next/static/chunks/ee53c_next_dist_client_e5d7a3._.js:13665
[ 3222299ms] [LOG] [Fast Refresh] rebuilding @ http://localhost:4300/_next/static/chunks/ee53c_next_dist_client_e5d7a3._.js:13665
[ 3222306ms] [LOG] [Fast Refresh] rebuilding @ http://localhost:4300/_next/static/chunks/ee53c_next_dist_client_e5d7a3._.js:13665
[ 3222307ms] [LOG] [Fast Refresh] rebuilding @ http://localhost:4300/_next/static/chunks/ee53c_next_dist_client_e5d7a3._.js:13665
[ 3222308ms] [LOG] [Fast Refresh] rebuilding @ http://localhost:4300/_next/static/chunks/ee53c_next_dist_client_e5d7a3._.js:13665
[ 3222310ms] [LOG] [Fast Refresh] rebuilding @ http://localhost:4300/_next/static/chunks/ee53c_next_dist_client_e5d7a3._.js:13665
[ 3225847ms] [ERROR] Failed to load resource: the server responded with a status of 404 (Not Found) @ http://localhost:4300/sequences/trust/0057.webp:0
[ 3225851ms] [ERROR] Failed to load resource: the server responded with a status of 404 (Not Found) @ http://localhost:4300/sequences/trust/0041.webp:0
[ 3225856ms] [ERROR] Failed to load resource: the server responded with a status of 404 (Not Found) @ http://localhost:4300/sequences/trust/0073.webp:0
[ 3225858ms] [ERROR] Failed to load resource: the server responded with a status of 404 (Not Found) @ http://localhost:4300/sequences/trust/0089.webp:0
[ 3225862ms] [ERROR] Failed to load resource: the server responded with a status of 404 (Not Found) @ http://localhost:4300/sequences/trust/0105.webp:0
[ 3225864ms] [ERROR] Failed to load resource: the server responded with a status of 404 (Not Found) @ http://localhost:4300/sequences/trust/0121.webp:0
[ 3225870ms] [LOG] [Fast Refresh] rebuilding @ http://localhost:4300/_next/static/chunks/ee53c_next_dist_client_e5d7a3._.js:13665
[ 3225874ms] [LOG] [Fast Refresh] rebuilding @ http://localhost:4300/_next/static/chunks/ee53c_next_dist_client_e5d7a3._.js:13665
[ 3225876ms] [LOG] [Fast Refresh] rebuilding @ http://localhost:4300/_next/static/chunks/ee53c_next_dist_client_e5d7a3._.js:13665
[ 3225889ms] [LOG] [Fast Refresh] rebuilding @ http://localhost:4300/_next/static/chunks/ee53c_next_dist_client_e5d7a3._.js:13665
[ 3225904ms] [LOG] [Fast Refresh] rebuilding @ http://localhost:4300/_next/static/chunks/ee53c_next_dist_client_e5d7a3._.js:13665
[ 3225911ms] [LOG] [Fast Refresh] rebuilding @ http://localhost:4300/_next/static/chunks/ee53c_next_dist_client_e5d7a3._.js:13665
[ 3225917ms] [LOG] [Fast Refresh] rebuilding @ http://localhost:4300/_next/static/chunks/ee53c_next_dist_client_e5d7a3._.js:13665
[ 3228279ms] [ERROR] Failed to load resource: the server responded with a status of 404 (Not Found) @ http://localhost:4300/sequences/trust/0153.webp:0
[ 3228289ms] [ERROR] Failed to load resource: the server responded with a status of 404 (Not Found) @ http://localhost:4300/sequences/trust/0013.webp:0
[ 3228322ms] [ERROR] Failed to load resource: the server responded with a status of 404 (Not Found) @ http://localhost:4300/sequences/trust/0137.webp:0
[ 3228326ms] [ERROR] Failed to load resource: the server responded with a status of 404 (Not Found) @ http://localhost:4300/sequences/trust/0021.webp:0
[ 3228330ms] [ERROR] Failed to load resource: the server responded with a status of 404 (Not Found) @ http://localhost:4300/sequences/trust/0005.webp:0
[ 3228355ms] [LOG] [Fast Refresh] rebuilding @ http://localhost:4300/_next/static/chunks/ee53c_next_dist_client_e5d7a3._.js:13665
[ 3228359ms] [LOG] [Fast Refresh] rebuilding @ http://localhost:4300/_next/static/chunks/ee53c_next_dist_client_e5d7a3._.js:13665
[ 3228359ms] [LOG] [Fast Refresh] rebuilding @ http://localhost:4300/_next/static/chunks/ee53c_next_dist_client_e5d7a3._.js:13665
[ 3228365ms] [LOG] [Fast Refresh] rebuilding @ http://localhost:4300/_next/static/chunks/ee53c_next_dist_client_e5d7a3._.js:13665
[ 3229307ms] [ERROR] Failed to load resource: the server responded with a status of 404 (Not Found) @ http://localhost:4300/sequences/trust/0029.webp:0
[ 3229426ms] [LOG] [Fast Refresh] rebuilding @ http://localhost:4300/_next/static/chunks/ee53c_next_dist_client_e5d7a3._.js:13665
[ 3229426ms] [LOG] [Fast Refresh] rebuilding @ http://localhost:4300/_next/static/chunks/ee53c_next_dist_client_e5d7a3._.js:13665
[ 3229429ms] [LOG] [Fast Refresh] rebuilding @ http://localhost:4300/_next/static/chunks/ee53c_next_dist_client_e5d7a3._.js:13665
[ 3229429ms] [LOG] [Fast Refresh] rebuilding @ http://localhost:4300/_next/static/chunks/ee53c_next_dist_client_e5d7a3._.js:13665
[ 3229436ms] [LOG] [Fast Refresh] rebuilding @ http://localhost:4300/_next/static/chunks/ee53c_next_dist_client_e5d7a3._.js:13665
[ 3229580ms] [LOG] [Fast Refresh] rebuilding @ http://localhost:4300/_next/static/chunks/ee53c_next_dist_client_e5d7a3._.js:13665
[ 3229590ms] [LOG] [Fast Refresh] rebuilding @ http://localhost:4300/_next/static/chunks/ee53c_next_dist_client_e5d7a3._.js:13665
[ 3229591ms] [LOG] [Fast Refresh] rebuilding @ http://localhost:4300/_next/static/chunks/ee53c_next_dist_client_e5d7a3._.js:13665
[ 3229809ms] [LOG] [Fast Refresh] rebuilding @ http://localhost:4300/_next/static/chunks/ee53c_next_dist_client_e5d7a3._.js:13665
[ 3229819ms] [LOG] [Fast Refresh] rebuilding @ http://localhost:4300/_next/static/chunks/ee53c_next_dist_client_e5d7a3._.js:13665
[ 3229826ms] [LOG] [Fast Refresh] rebuilding @ http://localhost:4300/_next/static/chunks/ee53c_next_dist_client_e5d7a3._.js:13665
[ 3233379ms] [ERROR] Failed to load resource: the server responded with a status of 404 (Not Found) @ http://localhost:4300/sequences/trust/0037.webp:0
[ 3233488ms] [ERROR] Failed to load resource: the server responded with a status of 404 (Not Found) @ http://localhost:4300/sequences/trust/0045.webp:0
[ 3233488ms] [ERROR] Failed to load resource: the server responded with a status of 404 (Not Found) @ http://localhost:4300/sequences/trust/0053.webp:0
[ 3233492ms] [LOG] [Fast Refresh] rebuilding @ http://localhost:4300/_next/static/chunks/ee53c_next_dist_client_e5d7a3._.js:13665
[ 3233493ms] [LOG] [Fast Refresh] rebuilding @ http://localhost:4300/_next/static/chunks/ee53c_next_dist_client_e5d7a3._.js:13665
[ 3233495ms] [LOG] [Fast Refresh] rebuilding @ http://localhost:4300/_next/static/chunks/ee53c_next_dist_client_e5d7a3._.js:13665
[ 3233496ms] [LOG] [Fast Refresh] rebuilding @ http://localhost:4300/_next/static/chunks/ee53c_next_dist_client_e5d7a3._.js:13665
[ 3233496ms] [LOG] [Fast Refresh] rebuilding @ http://localhost:4300/_next/static/chunks/ee53c_next_dist_client_e5d7a3._.js:13665
[ 3233498ms] [LOG] [Fast Refresh] rebuilding @ http://localhost:4300/_next/static/chunks/ee53c_next_dist_client_e5d7a3._.js:13665
[ 3233557ms] [ERROR] Failed to load resource: the server responded with a status of 404 (Not Found) @ http://localhost:4300/sequences/trust/0061.webp:0
[ 3233559ms] [ERROR] Failed to load resource: the server responded with a status of 404 (Not Found) @ http://localhost:4300/sequences/trust/0069.webp:0
[ 3242450ms] [LOG] [Fast Refresh] rebuilding @ http://localhost:4300/_next/static/chunks/ee53c_next_dist_client_e5d7a3._.js:13665
[ 3242454ms] [LOG] [Fast Refresh] rebuilding @ http://localhost:4300/_next/static/chunks/ee53c_next_dist_client_e5d7a3._.js:13665
[ 3242454ms] [LOG] [Fast Refresh] rebuilding @ http://localhost:4300/_next/static/chunks/ee53c_next_dist_client_e5d7a3._.js:13665
[ 3242460ms] [LOG] [Fast Refresh] rebuilding @ http://localhost:4300/_next/static/chunks/ee53c_next_dist_client_e5d7a3._.js:13665
[ 3242460ms] [LOG] [Fast Refresh] rebuilding @ http://localhost:4300/_next/static/chunks/ee53c_next_dist_client_e5d7a3._.js:13665
[ 3242461ms] [LOG] [Fast Refresh] rebuilding @ http://localhost:4300/_next/static/chunks/ee53c_next_dist_client_e5d7a3._.js:13665
[ 3242464ms] [LOG] [Fast Refresh] rebuilding @ http://localhost:4300/_next/static/chunks/ee53c_next_dist_client_e5d7a3._.js:13665
[ 3242464ms] [LOG] [Fast Refresh] rebuilding @ http://localhost:4300/_next/static/chunks/ee53c_next_dist_client_e5d7a3._.js:13665
[ 3242491ms] [LOG] [Fast Refresh] rebuilding @ http://localhost:4300/_next/static/chunks/ee53c_next_dist_client_e5d7a3._.js:13665
[ 3242725ms] [ERROR] Failed to load resource: the server responded with a status of 404 (Not Found) @ http://localhost:4300/sequences/trust/0077.webp:0
[ 3242728ms] [LOG] [Fast Refresh] rebuilding @ http://localhost:4300/_next/static/chunks/ee53c_next_dist_client_e5d7a3._.js:13665
[ 3242729ms] [LOG] [Fast Refresh] rebuilding @ http://localhost:4300/_next/static/chunks/ee53c_next_dist_client_e5d7a3._.js:13665
[ 3242730ms] [LOG] [Fast Refresh] rebuilding @ http://localhost:4300/_next/static/chunks/ee53c_next_dist_client_e5d7a3._.js:13665
[ 3242730ms] [LOG] [Fast Refresh] rebuilding @ http://localhost:4300/_next/static/chunks/ee53c_next_dist_client_e5d7a3._.js:13665
[ 3242733ms] [LOG] [Fast Refresh] rebuilding @ http://localhost:4300/_next/static/chunks/ee53c_next_dist_client_e5d7a3._.js:13665
[ 3242737ms] [LOG] [Fast Refresh] rebuilding @ http://localhost:4300/_next/static/chunks/ee53c_next_dist_client_e5d7a3._.js:13665
[ 3242742ms] [LOG] [Fast Refresh] rebuilding @ http://localhost:4300/_next/static/chunks/ee53c_next_dist_client_e5d7a3._.js:13665
[ 3242743ms] [LOG] [Fast Refresh] rebuilding @ http://localhost:4300/_next/static/chunks/ee53c_next_dist_client_e5d7a3._.js:13665
[ 3242743ms] [LOG] [Fast Refresh] rebuilding @ http://localhost:4300/_next/static/chunks/ee53c_next_dist_client_e5d7a3._.js:13665
[ 3242743ms] [LOG] [Fast Refresh] rebuilding @ http://localhost:4300/_next/static/chunks/ee53c_next_dist_client_e5d7a3._.js:13665
[ 3242743ms] [LOG] [Fast Refresh] rebuilding @ http://localhost:4300/_next/static/chunks/ee53c_next_dist_client_e5d7a3._.js:13665
[ 3242829ms] [LOG] [Fast Refresh] rebuilding @ http://localhost:4300/_next/static/chunks/ee53c_next_dist_client_e5d7a3._.js:13665
[ 3242837ms] [LOG] [Fast Refresh] rebuilding @ http://localhost:4300/_next/static/chunks/ee53c_next_dist_client_e5d7a3._.js:13665
[ 3242838ms] [LOG] [Fast Refresh] rebuilding @ http://localhost:4300/_next/static/chunks/ee53c_next_dist_client_e5d7a3._.js:13665
[ 3242841ms] [LOG] [Fast Refresh] rebuilding @ http://localhost:4300/_next/static/chunks/ee53c_next_dist_client_e5d7a3._.js:13665
[ 3242843ms] [LOG] [Fast Refresh] rebuilding @ http://localhost:4300/_next/static/chunks/ee53c_next_dist_client_e5d7a3._.js:13665
[ 3242858ms] [LOG] [Fast Refresh] rebuilding @ http://localhost:4300/_next/static/chunks/ee53c_next_dist_client_e5d7a3._.js:13665
[ 3242863ms] [LOG] [Fast Refresh] rebuilding @ http://localhost:4300/_next/static/chunks/ee53c_next_dist_client_e5d7a3._.js:13665
[ 3242928ms] [LOG] [Fast Refresh] done in 67ms @ http://localhost:4300/_next/static/chunks/ee53c_next_dist_client_e5d7a3._.js:13492
[ 3242929ms] [LOG] [Fast Refresh] done in 69ms @ http://localhost:4300/_next/static/chunks/ee53c_next_dist_client_e5d7a3._.js:13492
[ 3242933ms] [LOG] [Fast Refresh] rebuilding @ http://localhost:4300/_next/static/chunks/ee53c_next_dist_client_e5d7a3._.js:13665
[ 3242934ms] [LOG] [Fast Refresh] rebuilding @ http://localhost:4300/_next/static/chunks/ee53c_next_dist_client_e5d7a3._.js:13665
[ 3242934ms] [LOG] [Fast Refresh] rebuilding @ http://localhost:4300/_next/static/chunks/ee53c_next_dist_client_e5d7a3._.js:13665
[ 3242935ms] [LOG] [Fast Refresh] rebuilding @ http://localhost:4300/_next/static/chunks/ee53c_next_dist_client_e5d7a3._.js:13665
[ 3242935ms] [LOG] [Fast Refresh] rebuilding @ http://localhost:4300/_next/static/chunks/ee53c_next_dist_client_e5d7a3._.js:13665
[ 3242936ms] [LOG] [Fast Refresh] rebuilding @ http://localhost:4300/_next/static/chunks/ee53c_next_dist_client_e5d7a3._.js:13665
[ 3247446ms] [ERROR] Failed to load resource: the server responded with a status of 404 (Not Found) @ http://localhost:4300/sequences/trust/0101.webp:0
[ 3247447ms] [ERROR] Failed to load resource: the server responded with a status of 404 (Not Found) @ http://localhost:4300/sequences/trust/0085.webp:0
[ 3265711ms] [ERROR] Failed to load resource: the server responded with a status of 404 (Not Found) @ http://localhost:4300/sequences/trust/0093.webp:0
[ 3265712ms] [ERROR] Failed to load resource: the server responded with a status of 404 (Not Found) @ http://localhost:4300/sequences/trust/0109.webp:0
[ 3265716ms] [ERROR] Failed to load resource: the server responded with a status of 404 (Not Found) @ http://localhost:4300/sequences/trust/0117.webp:0
[ 3272400ms] [LOG] [Fast Refresh] rebuilding @ http://localhost:4300/_next/static/chunks/ee53c_next_dist_client_e5d7a3._.js:13665
[ 3272470ms] [LOG] [Fast Refresh] rebuilding @ http://localhost:4300/_next/static/chunks/ee53c_next_dist_client_e5d7a3._.js:13665
[ 3272549ms] [LOG] [Fast Refresh] rebuilding @ http://localhost:4300/_next/static/chunks/ee53c_next_dist_client_e5d7a3._.js:13665
[ 3272578ms] [LOG] [Fast Refresh] rebuilding @ http://localhost:4300/_next/static/chunks/ee53c_next_dist_client_e5d7a3._.js:13665
[ 3273243ms] [LOG] [Fast Refresh] rebuilding @ http://localhost:4300/_next/static/chunks/ee53c_next_dist_client_e5d7a3._.js:13665
[ 3275388ms] [ERROR] Failed to load resource: the server responded with a status of 404 (Not Found) @ http://localhost:4300/sequences/trust/0125.webp:0
[ 3279344ms] [LOG] [Fast Refresh] rebuilding @ http://localhost:4300/_next/static/chunks/ee53c_next_dist_client_e5d7a3._.js:13665
[ 3279362ms] [LOG] [Fast Refresh] rebuilding @ http://localhost:4300/_next/static/chunks/ee53c_next_dist_client_e5d7a3._.js:13665
[ 3281203ms] [LOG] [Fast Refresh] rebuilding @ http://localhost:4300/_next/static/chunks/ee53c_next_dist_client_e5d7a3._.js:13665
[ 3281204ms] [LOG] [Fast Refresh] rebuilding @ http://localhost:4300/_next/static/chunks/ee53c_next_dist_client_e5d7a3._.js:13665
[ 3281206ms] [LOG] [Fast Refresh] rebuilding @ http://localhost:4300/_next/static/chunks/ee53c_next_dist_client_e5d7a3._.js:13665
[ 3281207ms] [LOG] [Fast Refresh] rebuilding @ http://localhost:4300/_next/static/chunks/ee53c_next_dist_client_e5d7a3._.js:13665
[ 3281207ms] [LOG] [Fast Refresh] rebuilding @ http://localhost:4300/_next/static/chunks/ee53c_next_dist_client_e5d7a3._.js:13665
[ 3281223ms] [LOG] [Fast Refresh] rebuilding @ http://localhost:4300/_next/static/chunks/ee53c_next_dist_client_e5d7a3._.js:13665
[ 3281224ms] [LOG] [Fast Refresh] rebuilding @ http://localhost:4300/_next/static/chunks/ee53c_next_dist_client_e5d7a3._.js:13665
[ 3281242ms] [LOG] [Fast Refresh] rebuilding @ http://localhost:4300/_next/static/chunks/ee53c_next_dist_client_e5d7a3._.js:13665
[ 3281246ms] [LOG] [Fast Refresh] rebuilding @ http://localhost:4300/_next/static/chunks/ee53c_next_dist_client_e5d7a3._.js:13665
[ 3281249ms] [LOG] [Fast Refresh] rebuilding @ http://localhost:4300/_next/static/chunks/ee53c_next_dist_client_e5d7a3._.js:13665
[ 3281250ms] [LOG] [Fast Refresh] rebuilding @ http://localhost:4300/_next/static/chunks/ee53c_next_dist_client_e5d7a3._.js:13665
[ 3287089ms] [LOG] [Fast Refresh] done in 5839ms @ http://localhost:4300/_next/static/chunks/ee53c_next_dist_client_e5d7a3._.js:13492
[ 3287768ms] [ERROR] Failed to load resource: the server responded with a status of 404 (Not Found) @ http://localhost:4300/sequences/trust/0133.webp:0
[ 3304927ms] [ERROR] Failed to load resource: the server responded with a status of 404 (Not Found) @ http://localhost:4300/sequences/trust/0141.webp:0
[ 3304929ms] [ERROR] Failed to load resource: the server responded with a status of 404 (Not Found) @ http://localhost:4300/sequences/trust/0157.webp:0
[ 3304930ms] [ERROR] Failed to load resource: the server responded with a status of 404 (Not Found) @ http://localhost:4300/sequences/trust/0149.webp:0
[ 3306799ms] [ERROR] Failed to load resource: the server responded with a status of 404 (Not Found) @ http://localhost:4300/sequences/trust/0003.webp:0
[ 3306813ms] [LOG] [Fast Refresh] rebuilding @ http://localhost:4300/_next/static/chunks/ee53c_next_dist_client_e5d7a3._.js:13665
[ 3306821ms] [LOG] [Fast Refresh] rebuilding @ http://localhost:4300/_next/static/chunks/ee53c_next_dist_client_e5d7a3._.js:13665
[ 3306829ms] [LOG] [Fast Refresh] rebuilding @ http://localhost:4300/_next/static/chunks/ee53c_next_dist_client_e5d7a3._.js:13665
[ 3306988ms] [LOG] [Fast Refresh] rebuilding @ http://localhost:4300/_next/static/chunks/ee53c_next_dist_client_e5d7a3._.js:13665
[ 3307014ms] [LOG] [Fast Refresh] rebuilding @ http://localhost:4300/_next/static/chunks/ee53c_next_dist_client_e5d7a3._.js:13665
[ 3308073ms] [LOG] [Fast Refresh] rebuilding @ http://localhost:4300/_next/static/chunks/ee53c_next_dist_client_e5d7a3._.js:13665
[ 3308122ms] [LOG] [Fast Refresh] rebuilding @ http://localhost:4300/_next/static/chunks/ee53c_next_dist_client_e5d7a3._.js:13665
[ 3308149ms] [LOG] [Fast Refresh] rebuilding @ http://localhost:4300/_next/static/chunks/ee53c_next_dist_client_e5d7a3._.js:13665
[ 3308164ms] [LOG] [Fast Refresh] rebuilding @ http://localhost:4300/_next/static/chunks/ee53c_next_dist_client_e5d7a3._.js:13665
[ 3308283ms] [LOG] [Fast Refresh] rebuilding @ http://localhost:4300/_next/static/chunks/ee53c_next_dist_client_e5d7a3._.js:13665
[ 3308297ms] [LOG] [Fast Refresh] rebuilding @ http://localhost:4300/_next/static/chunks/ee53c_next_dist_client_e5d7a3._.js:13665
[ 3308322ms] [LOG] [Fast Refresh] rebuilding @ http://localhost:4300/_next/static/chunks/ee53c_next_dist_client_e5d7a3._.js:13665
[ 3308490ms] [LOG] [Fast Refresh] rebuilding @ http://localhost:4300/_next/static/chunks/ee53c_next_dist_client_e5d7a3._.js:13665
[ 3308647ms] [LOG] [Fast Refresh] rebuilding @ http://localhost:4300/_next/static/chunks/ee53c_next_dist_client_e5d7a3._.js:13665
[ 3309035ms] [ERROR] Failed to load resource: the server responded with a status of 404 (Not Found) @ http://localhost:4300/sequences/trust/0007.webp:0
[ 3309048ms] [LOG] [Fast Refresh] rebuilding @ http://localhost:4300/_next/static/chunks/ee53c_next_dist_client_e5d7a3._.js:13665
[ 3309078ms] [LOG] [Fast Refresh] rebuilding @ http://localhost:4300/_next/static/chunks/ee53c_next_dist_client_e5d7a3._.js:13665
[ 3309081ms] [LOG] [Fast Refresh] rebuilding @ http://localhost:4300/_next/static/chunks/ee53c_next_dist_client_e5d7a3._.js:13665
[ 3311365ms] [LOG] [Fast Refresh] rebuilding @ http://localhost:4300/_next/static/chunks/ee53c_next_dist_client_e5d7a3._.js:13665
[ 3311434ms] [LOG] [Fast Refresh] rebuilding @ http://localhost:4300/_next/static/chunks/ee53c_next_dist_client_e5d7a3._.js:13665
[ 3311472ms] [LOG] [Fast Refresh] rebuilding @ http://localhost:4300/_next/static/chunks/ee53c_next_dist_client_e5d7a3._.js:13665
[ 3311646ms] [LOG] [Fast Refresh] rebuilding @ http://localhost:4300/_next/static/chunks/ee53c_next_dist_client_e5d7a3._.js:13665
[ 3314551ms] [ERROR] Failed to load resource: the server responded with a status of 404 (Not Found) @ http://localhost:4300/sequences/trust/0011.webp:0
[ 3316512ms] [ERROR] Failed to load resource: the server responded with a status of 404 (Not Found) @ http://localhost:4300/sequences/trust/0015.webp:0
[ 3317279ms] [ERROR] Failed to load resource: the server responded with a status of 404 (Not Found) @ http://localhost:4300/sequences/trust/0023.webp:0
[ 3317286ms] [ERROR] Failed to load resource: the server responded with a status of 404 (Not Found) @ http://localhost:4300/sequences/trust/0019.webp:0
[ 3317381ms] [LOG] [Fast Refresh] rebuilding @ http://localhost:4300/_next/static/chunks/ee53c_next_dist_client_e5d7a3._.js:13665
[ 3317387ms] [LOG] [Fast Refresh] rebuilding @ http://localhost:4300/_next/static/chunks/ee53c_next_dist_client_e5d7a3._.js:13665
[ 3318488ms] [ERROR] Failed to load resource: the server responded with a status of 404 (Not Found) @ http://localhost:4300/sequences/trust/0027.webp:0
[ 3318561ms] [LOG] [Fast Refresh] rebuilding @ http://localhost:4300/_next/static/chunks/ee53c_next_dist_client_e5d7a3._.js:13665
[ 3318579ms] [LOG] [Fast Refresh] rebuilding @ http://localhost:4300/_next/static/chunks/ee53c_next_dist_client_e5d7a3._.js:13665
[ 3318579ms] [LOG] [Fast Refresh] rebuilding @ http://localhost:4300/_next/static/chunks/ee53c_next_dist_client_e5d7a3._.js:13665
[ 3318580ms] [LOG] [Fast Refresh] rebuilding @ http://localhost:4300/_next/static/chunks/ee53c_next_dist_client_e5d7a3._.js:13665
[ 3318580ms] [LOG] [Fast Refresh] rebuilding @ http://localhost:4300/_next/static/chunks/ee53c_next_dist_client_e5d7a3._.js:13665
[ 3318580ms] [LOG] [Fast Refresh] rebuilding @ http://localhost:4300/_next/static/chunks/ee53c_next_dist_client_e5d7a3._.js:13665
[ 3318581ms] [LOG] [Fast Refresh] rebuilding @ http://localhost:4300/_next/static/chunks/ee53c_next_dist_client_e5d7a3._.js:13665
[ 3318581ms] [LOG] [Fast Refresh] rebuilding @ http://localhost:4300/_next/static/chunks/ee53c_next_dist_client_e5d7a3._.js:13665
[ 3318588ms] [LOG] [Fast Refresh] rebuilding @ http://localhost:4300/_next/static/chunks/ee53c_next_dist_client_e5d7a3._.js:13665
[ 3318588ms] [LOG] [Fast Refresh] rebuilding @ http://localhost:4300/_next/static/chunks/ee53c_next_dist_client_e5d7a3._.js:13665
[ 3318589ms] [LOG] [Fast Refresh] rebuilding @ http://localhost:4300/_next/static/chunks/ee53c_next_dist_client_e5d7a3._.js:13665
[ 3318590ms] [LOG] [Fast Refresh] rebuilding @ http://localhost:4300/_next/static/chunks/ee53c_next_dist_client_e5d7a3._.js:13665
[ 3318590ms] [LOG] [Fast Refresh] rebuilding @ http://localhost:4300/_next/static/chunks/ee53c_next_dist_client_e5d7a3._.js:13665
[ 3318592ms] [LOG] [Fast Refresh] rebuilding @ http://localhost:4300/_next/static/chunks/ee53c_next_dist_client_e5d7a3._.js:13665
[ 3318686ms] [LOG] [Fast Refresh] rebuilding @ http://localhost:4300/_next/static/chunks/ee53c_next_dist_client_e5d7a3._.js:13665
[ 3318687ms] [LOG] [Fast Refresh] rebuilding @ http://localhost:4300/_next/static/chunks/ee53c_next_dist_client_e5d7a3._.js:13665
[ 3318688ms] [LOG] [Fast Refresh] rebuilding @ http://localhost:4300/_next/static/chunks/ee53c_next_dist_client_e5d7a3._.js:13665
[ 3319870ms] [LOG] [Fast Refresh] rebuilding @ http://localhost:4300/_next/static/chunks/ee53c_next_dist_client_e5d7a3._.js:13665
[ 3319871ms] [LOG] [Fast Refresh] rebuilding @ http://localhost:4300/_next/static/chunks/ee53c_next_dist_client_e5d7a3._.js:13665
[ 3319878ms] [LOG] [Fast Refresh] rebuilding @ http://localhost:4300/_next/static/chunks/ee53c_next_dist_client_e5d7a3._.js:13665
[ 3319878ms] [LOG] [Fast Refresh] rebuilding @ http://localhost:4300/_next/static/chunks/ee53c_next_dist_client_e5d7a3._.js:13665
[ 3319878ms] [LOG] [Fast Refresh] rebuilding @ http://localhost:4300/_next/static/chunks/ee53c_next_dist_client_e5d7a3._.js:13665
[ 3319879ms] [LOG] [Fast Refresh] rebuilding @ http://localhost:4300/_next/static/chunks/ee53c_next_dist_client_e5d7a3._.js:13665
[ 3319879ms] [LOG] [Fast Refresh] rebuilding @ http://localhost:4300/_next/static/chunks/ee53c_next_dist_client_e5d7a3._.js:13665
[ 3319879ms] [LOG] [Fast Refresh] rebuilding @ http://localhost:4300/_next/static/chunks/ee53c_next_dist_client_e5d7a3._.js:13665
[ 3319880ms] [LOG] [Fast Refresh] rebuilding @ http://localhost:4300/_next/static/chunks/ee53c_next_dist_client_e5d7a3._.js:13665
[ 3319881ms] [LOG] [Fast Refresh] rebuilding @ http://localhost:4300/_next/static/chunks/ee53c_next_dist_client_e5d7a3._.js:13665
[ 3319881ms] [LOG] [Fast Refresh] rebuilding @ http://localhost:4300/_next/static/chunks/ee53c_next_dist_client_e5d7a3._.js:13665
[ 3319911ms] [LOG] [Fast Refresh] rebuilding @ http://localhost:4300/_next/static/chunks/ee53c_next_dist_client_e5d7a3._.js:13665
[ 3319912ms] [LOG] [Fast Refresh] rebuilding @ http://localhost:4300/_next/static/chunks/ee53c_next_dist_client_e5d7a3._.js:13665
[ 3319914ms] [LOG] [Fast Refresh] rebuilding @ http://localhost:4300/_next/static/chunks/ee53c_next_dist_client_e5d7a3._.js:13665
[ 3319915ms] [LOG] [Fast Refresh] rebuilding @ http://localhost:4300/_next/static/chunks/ee53c_next_dist_client_e5d7a3._.js:13665
[ 3319922ms] [LOG] [Fast Refresh] rebuilding @ http://localhost:4300/_next/static/chunks/ee53c_next_dist_client_e5d7a3._.js:13665
[ 3319923ms] [LOG] [Fast Refresh] rebuilding @ http://localhost:4300/_next/static/chunks/ee53c_next_dist_client_e5d7a3._.js:13665
[ 3319928ms] [LOG] [Fast Refresh] rebuilding @ http://localhost:4300/_next/static/chunks/ee53c_next_dist_client_e5d7a3._.js:13665
[ 3319928ms] [LOG] [Fast Refresh] rebuilding @ http://localhost:4300/_next/static/chunks/ee53c_next_dist_client_e5d7a3._.js:13665
[ 3319929ms] [LOG] [Fast Refresh] rebuilding @ http://localhost:4300/_next/static/chunks/ee53c_next_dist_client_e5d7a3._.js:13665
[ 3319931ms] [LOG] [Fast Refresh] rebuilding @ http://localhost:4300/_next/static/chunks/ee53c_next_dist_client_e5d7a3._.js:13665
[ 3319931ms] [LOG] [Fast Refresh] rebuilding @ http://localhost:4300/_next/static/chunks/ee53c_next_dist_client_e5d7a3._.js:13665
[ 3319932ms] [LOG] [Fast Refresh] rebuilding @ http://localhost:4300/_next/static/chunks/ee53c_next_dist_client_e5d7a3._.js:13665
[ 3319933ms] [LOG] [Fast Refresh] rebuilding @ http://localhost:4300/_next/static/chunks/ee53c_next_dist_client_e5d7a3._.js:13665
[ 3319933ms] [LOG] [Fast Refresh] rebuilding @ http://localhost:4300/_next/static/chunks/ee53c_next_dist_client_e5d7a3._.js:13665
[ 3319934ms] [LOG] [Fast Refresh] rebuilding @ http://localhost:4300/_next/static/chunks/ee53c_next_dist_client_e5d7a3._.js:13665
[ 3319948ms] [LOG] [Fast Refresh] rebuilding @ http://localhost:4300/_next/static/chunks/ee53c_next_dist_client_e5d7a3._.js:13665
[ 3319967ms] [LOG] [Fast Refresh] rebuilding @ http://localhost:4300/_next/static/chunks/ee53c_next_dist_client_e5d7a3._.js:13665
[ 3319970ms] [LOG] [Fast Refresh] rebuilding @ http://localhost:4300/_next/static/chunks/ee53c_next_dist_client_e5d7a3._.js:13665
[ 3319998ms] [LOG] [Fast Refresh] rebuilding @ http://localhost:4300/_next/static/chunks/ee53c_next_dist_client_e5d7a3._.js:13665
[ 3320031ms] [LOG] [Fast Refresh] rebuilding @ http://localhost:4300/_next/static/chunks/ee53c_next_dist_client_e5d7a3._.js:13665
[ 3320449ms] [LOG] [Fast Refresh] rebuilding @ http://localhost:4300/_next/static/chunks/ee53c_next_dist_client_e5d7a3._.js:13665
[ 3321069ms] [LOG] [Fast Refresh] rebuilding @ http://localhost:4300/_next/static/chunks/ee53c_next_dist_client_e5d7a3._.js:13665
[ 3321069ms] [LOG] [Fast Refresh] rebuilding @ http://localhost:4300/_next/static/chunks/ee53c_next_dist_client_e5d7a3._.js:13665
[ 3321070ms] [LOG] [Fast Refresh] rebuilding @ http://localhost:4300/_next/static/chunks/ee53c_next_dist_client_e5d7a3._.js:13665
[ 3321071ms] [LOG] [Fast Refresh] rebuilding @ http://localhost:4300/_next/static/chunks/ee53c_next_dist_client_e5d7a3._.js:13665
[ 3321089ms] [LOG] [Fast Refresh] rebuilding @ http://localhost:4300/_next/static/chunks/ee53c_next_dist_client_e5d7a3._.js:13665
[ 3321090ms] [LOG] [Fast Refresh] rebuilding @ http://localhost:4300/_next/static/chunks/ee53c_next_dist_client_e5d7a3._.js:13665
[ 3322459ms] [ERROR] Failed to load resource: the server responded with a status of 404 (Not Found) @ http://localhost:4300/sequences/trust/0031.webp:0
[ 3324928ms] [LOG] [Fast Refresh] rebuilding @ http://localhost:4300/_next/static/chunks/ee53c_next_dist_client_e5d7a3._.js:13665
[ 3324930ms] [ERROR] Failed to load resource: the server responded with a status of 404 (Not Found) @ http://localhost:4300/sequences/trust/0039.webp:0
[ 3324931ms] [ERROR] Failed to load resource: the server responded with a status of 404 (Not Found) @ http://localhost:4300/sequences/trust/0043.webp:0
[ 3324932ms] [ERROR] Failed to load resource: the server responded with a status of 404 (Not Found) @ http://localhost:4300/sequences/trust/0047.webp:0
[ 3324933ms] [ERROR] Failed to load resource: the server responded with a status of 404 (Not Found) @ http://localhost:4300/sequences/trust/0035.webp:0
[ 3324934ms] [LOG] [Fast Refresh] rebuilding @ http://localhost:4300/_next/static/chunks/ee53c_next_dist_client_e5d7a3._.js:13665
[ 3324935ms] [LOG] [Fast Refresh] rebuilding @ http://localhost:4300/_next/static/chunks/ee53c_next_dist_client_e5d7a3._.js:13665
[ 3324935ms] [LOG] [Fast Refresh] rebuilding @ http://localhost:4300/_next/static/chunks/ee53c_next_dist_client_e5d7a3._.js:13665
[ 3324935ms] [LOG] [Fast Refresh] rebuilding @ http://localhost:4300/_next/static/chunks/ee53c_next_dist_client_e5d7a3._.js:13665
[ 3324935ms] [LOG] [Fast Refresh] rebuilding @ http://localhost:4300/_next/static/chunks/ee53c_next_dist_client_e5d7a3._.js:13665
[ 3324936ms] [LOG] [Fast Refresh] rebuilding @ http://localhost:4300/_next/static/chunks/ee53c_next_dist_client_e5d7a3._.js:13665
[ 3324949ms] [LOG] [Fast Refresh] rebuilding @ http://localhost:4300/_next/static/chunks/ee53c_next_dist_client_e5d7a3._.js:13665
[ 3324949ms] [LOG] [Fast Refresh] rebuilding @ http://localhost:4300/_next/static/chunks/ee53c_next_dist_client_e5d7a3._.js:13665
[ 3324950ms] [LOG] [Fast Refresh] rebuilding @ http://localhost:4300/_next/static/chunks/ee53c_next_dist_client_e5d7a3._.js:13665
[ 3324950ms] [LOG] [Fast Refresh] rebuilding @ http://localhost:4300/_next/static/chunks/ee53c_next_dist_client_e5d7a3._.js:13665
[ 3324950ms] [LOG] [Fast Refresh] rebuilding @ http://localhost:4300/_next/static/chunks/ee53c_next_dist_client_e5d7a3._.js:13665
[ 3324951ms] [LOG] [Fast Refresh] rebuilding @ http://localhost:4300/_next/static/chunks/ee53c_next_dist_client_e5d7a3._.js:13665
[ 3324951ms] [LOG] [Fast Refresh] rebuilding @ http://localhost:4300/_next/static/chunks/ee53c_next_dist_client_e5d7a3._.js:13665
[ 3324954ms] [LOG] [Fast Refresh] rebuilding @ http://localhost:4300/_next/static/chunks/ee53c_next_dist_client_e5d7a3._.js:13665
[ 3324956ms] [LOG] [Fast Refresh] rebuilding @ http://localhost:4300/_next/static/chunks/ee53c_next_dist_client_e5d7a3._.js:13665
[ 3324958ms] [LOG] [Fast Refresh] rebuilding @ http://localhost:4300/_next/static/chunks/ee53c_next_dist_client_e5d7a3._.js:13665
[ 3324958ms] [LOG] [Fast Refresh] rebuilding @ http://localhost:4300/_next/static/chunks/ee53c_next_dist_client_e5d7a3._.js:13665
[ 3324962ms] [LOG] [Fast Refresh] rebuilding @ http://localhost:4300/_next/static/chunks/ee53c_next_dist_client_e5d7a3._.js:13665
[ 3324962ms] [LOG] [Fast Refresh] rebuilding @ http://localhost:4300/_next/static/chunks/ee53c_next_dist_client_e5d7a3._.js:13665
[ 3324977ms] [LOG] [Fast Refresh] rebuilding @ http://localhost:4300/_next/static/chunks/ee53c_next_dist_client_e5d7a3._.js:13665
[ 3324978ms] [LOG] [Fast Refresh] rebuilding @ http://localhost:4300/_next/static/chunks/ee53c_next_dist_client_e5d7a3._.js:13665
[ 3328856ms] [LOG] [Fast Refresh] rebuilding @ http://localhost:4300/_next/static/chunks/ee53c_next_dist_client_e5d7a3._.js:13665
[ 3328858ms] [LOG] [Fast Refresh] rebuilding @ http://localhost:4300/_next/static/chunks/ee53c_next_dist_client_e5d7a3._.js:13665
[ 3328858ms] [LOG] [Fast Refresh] rebuilding @ http://localhost:4300/_next/static/chunks/ee53c_next_dist_client_e5d7a3._.js:13665
[ 3328859ms] [LOG] [Fast Refresh] rebuilding @ http://localhost:4300/_next/static/chunks/ee53c_next_dist_client_e5d7a3._.js:13665
[ 3328864ms] [LOG] [Fast Refresh] rebuilding @ http://localhost:4300/_next/static/chunks/ee53c_next_dist_client_e5d7a3._.js:13665
[ 3328871ms] [LOG] [Fast Refresh] rebuilding @ http://localhost:4300/_next/static/chunks/ee53c_next_dist_client_e5d7a3._.js:13665
[ 3328879ms] [LOG] [Fast Refresh] rebuilding @ http://localhost:4300/_next/static/chunks/ee53c_next_dist_client_e5d7a3._.js:13665
[ 3328880ms] [LOG] [Fast Refresh] rebuilding @ http://localhost:4300/_next/static/chunks/ee53c_next_dist_client_e5d7a3._.js:13665
[ 3328881ms] [LOG] [Fast Refresh] rebuilding @ http://localhost:4300/_next/static/chunks/ee53c_next_dist_client_e5d7a3._.js:13665
[ 3328881ms] [LOG] [Fast Refresh] rebuilding @ http://localhost:4300/_next/static/chunks/ee53c_next_dist_client_e5d7a3._.js:13665
[ 3328882ms] [LOG] [Fast Refresh] rebuilding @ http://localhost:4300/_next/static/chunks/ee53c_next_dist_client_e5d7a3._.js:13665
[ 3336963ms] [ERROR] Failed to load resource: the server responded with a status of 404 (Not Found) @ http://localhost:4300/sequences/trust/0051.webp:0
[ 3336967ms] [LOG] [Fast Refresh] rebuilding @ http://localhost:4300/_next/static/chunks/ee53c_next_dist_client_e5d7a3._.js:13665
[ 3336967ms] [LOG] [Fast Refresh] rebuilding @ http://localhost:4300/_next/static/chunks/ee53c_next_dist_client_e5d7a3._.js:13665
[ 3336968ms] [LOG] [Fast Refresh] rebuilding @ http://localhost:4300/_next/static/chunks/ee53c_next_dist_client_e5d7a3._.js:13665
[ 3336968ms] [LOG] [Fast Refresh] rebuilding @ http://localhost:4300/_next/static/chunks/ee53c_next_dist_client_e5d7a3._.js:13665
[ 3336968ms] [LOG] [Fast Refresh] rebuilding @ http://localhost:4300/_next/static/chunks/ee53c_next_dist_client_e5d7a3._.js:13665
[ 3336969ms] [LOG] [Fast Refresh] rebuilding @ http://localhost:4300/_next/static/chunks/ee53c_next_dist_client_e5d7a3._.js:13665
[ 3336971ms] [LOG] [Fast Refresh] rebuilding @ http://localhost:4300/_next/static/chunks/ee53c_next_dist_client_e5d7a3._.js:13665
[ 3336971ms] [LOG] [Fast Refresh] rebuilding @ http://localhost:4300/_next/static/chunks/ee53c_next_dist_client_e5d7a3._.js:13665
[ 3336971ms] [LOG] [Fast Refresh] rebuilding @ http://localhost:4300/_next/static/chunks/ee53c_next_dist_client_e5d7a3._.js:13665
[ 3336972ms] [LOG] [Fast Refresh] rebuilding @ http://localhost:4300/_next/static/chunks/ee53c_next_dist_client_e5d7a3._.js:13665
[ 3336972ms] [LOG] [Fast Refresh] rebuilding @ http://localhost:4300/_next/static/chunks/ee53c_next_dist_client_e5d7a3._.js:13665
[ 3336972ms] [LOG] [Fast Refresh] rebuilding @ http://localhost:4300/_next/static/chunks/ee53c_next_dist_client_e5d7a3._.js:13665
[ 3336973ms] [LOG] [Fast Refresh] rebuilding @ http://localhost:4300/_next/static/chunks/ee53c_next_dist_client_e5d7a3._.js:13665
[ 3336974ms] [LOG] [Fast Refresh] rebuilding @ http://localhost:4300/_next/static/chunks/ee53c_next_dist_client_e5d7a3._.js:13665
[ 3336974ms] [LOG] [Fast Refresh] rebuilding @ http://localhost:4300/_next/static/chunks/ee53c_next_dist_client_e5d7a3._.js:13665
[ 3336975ms] [LOG] [Fast Refresh] rebuilding @ http://localhost:4300/_next/static/chunks/ee53c_next_dist_client_e5d7a3._.js:13665
[ 3336975ms] [LOG] [Fast Refresh] rebuilding @ http://localhost:4300/_next/static/chunks/ee53c_next_dist_client_e5d7a3._.js:13665
[ 3336982ms] [LOG] [Fast Refresh] rebuilding @ http://localhost:4300/_next/static/chunks/ee53c_next_dist_client_e5d7a3._.js:13665
[ 3336982ms] [LOG] [Fast Refresh] rebuilding @ http://localhost:4300/_next/static/chunks/ee53c_next_dist_client_e5d7a3._.js:13665
[ 3336982ms] [LOG] [Fast Refresh] rebuilding @ http://localhost:4300/_next/static/chunks/ee53c_next_dist_client_e5d7a3._.js:13665
[ 3336983ms] [LOG] [Fast Refresh] rebuilding @ http://localhost:4300/_next/static/chunks/ee53c_next_dist_client_e5d7a3._.js:13665
[ 3336983ms] [LOG] [Fast Refresh] rebuilding @ http://localhost:4300/_next/static/chunks/ee53c_next_dist_client_e5d7a3._.js:13665
[ 3336984ms] [LOG] [Fast Refresh] rebuilding @ http://localhost:4300/_next/static/chunks/ee53c_next_dist_client_e5d7a3._.js:13665
[ 3336984ms] [LOG] [Fast Refresh] rebuilding @ http://localhost:4300/_next/static/chunks/ee53c_next_dist_client_e5d7a3._.js:13665
[ 3336984ms] [LOG] [Fast Refresh] rebuilding @ http://localhost:4300/_next/static/chunks/ee53c_next_dist_client_e5d7a3._.js:13665
[ 3336985ms] [LOG] [Fast Refresh] rebuilding @ http://localhost:4300/_next/static/chunks/ee53c_next_dist_client_e5d7a3._.js:13665
[ 3336985ms] [LOG] [Fast Refresh] rebuilding @ http://localhost:4300/_next/static/chunks/ee53c_next_dist_client_e5d7a3._.js:13665
[ 3336985ms] [LOG] [Fast Refresh] rebuilding @ http://localhost:4300/_next/static/chunks/ee53c_next_dist_client_e5d7a3._.js:13665
[ 3336986ms] [LOG] [Fast Refresh] rebuilding @ http://localhost:4300/_next/static/chunks/ee53c_next_dist_client_e5d7a3._.js:13665
[ 3336986ms] [LOG] [Fast Refresh] rebuilding @ http://localhost:4300/_next/static/chunks/ee53c_next_dist_client_e5d7a3._.js:13665
[ 3336986ms] [LOG] [Fast Refresh] rebuilding @ http://localhost:4300/_next/static/chunks/ee53c_next_dist_client_e5d7a3._.js:13665
[ 3336987ms] [LOG] [Fast Refresh] rebuilding @ http://localhost:4300/_next/static/chunks/ee53c_next_dist_client_e5d7a3._.js:13665
[ 3336987ms] [LOG] [Fast Refresh] rebuilding @ http://localhost:4300/_next/static/chunks/ee53c_next_dist_client_e5d7a3._.js:13665
[ 3336988ms] [LOG] [Fast Refresh] rebuilding @ http://localhost:4300/_next/static/chunks/ee53c_next_dist_client_e5d7a3._.js:13665
[ 3342820ms] [LOG] [Fast Refresh] rebuilding @ http://localhost:4300/_next/static/chunks/ee53c_next_dist_client_e5d7a3._.js:13665
[ 3342828ms] [LOG] [Fast Refresh] rebuilding @ http://localhost:4300/_next/static/chunks/ee53c_next_dist_client_e5d7a3._.js:13665
[ 3342837ms] [LOG] [Fast Refresh] rebuilding @ http://localhost:4300/_next/static/chunks/ee53c_next_dist_client_e5d7a3._.js:13665
[ 3343231ms] [ERROR] Failed to load resource: the server responded with a status of 404 (Not Found) @ http://localhost:4300/sequences/trust/0055.webp:0
[ 3343248ms] [ERROR] Failed to load resource: the server responded with a status of 404 (Not Found) @ http://localhost:4300/sequences/trust/0067.webp:0
[ 3343260ms] [ERROR] Failed to load resource: the server responded with a status of 404 (Not Found) @ http://localhost:4300/sequences/trust/0059.webp:0
[ 3343276ms] [ERROR] Failed to load resource: the server responded with a status of 404 (Not Found) @ http://localhost:4300/sequences/trust/0063.webp:0
[ 3343277ms] [ERROR] Failed to load resource: the server responded with a status of 404 (Not Found) @ http://localhost:4300/sequences/trust/0071.webp:0
[ 3343290ms] [ERROR] Failed to load resource: the server responded with a status of 404 (Not Found) @ http://localhost:4300/sequences/trust/0075.webp:0
[ 3343307ms] [LOG] [Fast Refresh] rebuilding @ http://localhost:4300/_next/static/chunks/ee53c_next_dist_client_e5d7a3._.js:13665
[ 3343307ms] [LOG] [Fast Refresh] rebuilding @ http://localhost:4300/_next/static/chunks/ee53c_next_dist_client_e5d7a3._.js:13665
[ 3343425ms] [LOG] [Fast Refresh] rebuilding @ http://localhost:4300/_next/static/chunks/ee53c_next_dist_client_e5d7a3._.js:13665
[ 3343426ms] [LOG] [Fast Refresh] rebuilding @ http://localhost:4300/_next/static/chunks/ee53c_next_dist_client_e5d7a3._.js:13665
[ 3343426ms] [LOG] [Fast Refresh] rebuilding @ http://localhost:4300/_next/static/chunks/ee53c_next_dist_client_e5d7a3._.js:13665
[ 3343427ms] [LOG] [Fast Refresh] rebuilding @ http://localhost:4300/_next/static/chunks/ee53c_next_dist_client_e5d7a3._.js:13665
[ 3343427ms] [LOG] [Fast Refresh] rebuilding @ http://localhost:4300/_next/static/chunks/ee53c_next_dist_client_e5d7a3._.js:13665
[ 3343429ms] [LOG] [Fast Refresh] rebuilding @ http://localhost:4300/_next/static/chunks/ee53c_next_dist_client_e5d7a3._.js:13665
[ 3343429ms] [LOG] [Fast Refresh] rebuilding @ http://localhost:4300/_next/static/chunks/ee53c_next_dist_client_e5d7a3._.js:13665
[ 3343429ms] [LOG] [Fast Refresh] rebuilding @ http://localhost:4300/_next/static/chunks/ee53c_next_dist_client_e5d7a3._.js:13665
[ 3343430ms] [LOG] [Fast Refresh] rebuilding @ http://localhost:4300/_next/static/chunks/ee53c_next_dist_client_e5d7a3._.js:13665
[ 3343432ms] [LOG] [Fast Refresh] rebuilding @ http://localhost:4300/_next/static/chunks/ee53c_next_dist_client_e5d7a3._.js:13665
[ 3343433ms] [LOG] [Fast Refresh] rebuilding @ http://localhost:4300/_next/static/chunks/ee53c_next_dist_client_e5d7a3._.js:13665
[ 3343433ms] [LOG] [Fast Refresh] rebuilding @ http://localhost:4300/_next/static/chunks/ee53c_next_dist_client_e5d7a3._.js:13665
[ 3343434ms] [LOG] [Fast Refresh] rebuilding @ http://localhost:4300/_next/static/chunks/ee53c_next_dist_client_e5d7a3._.js:13665
[ 3343434ms] [LOG] [Fast Refresh] rebuilding @ http://localhost:4300/_next/static/chunks/ee53c_next_dist_client_e5d7a3._.js:13665
[ 3343435ms] [LOG] [Fast Refresh] rebuilding @ http://localhost:4300/_next/static/chunks/ee53c_next_dist_client_e5d7a3._.js:13665
[ 3343435ms] [LOG] [Fast Refresh] rebuilding @ http://localhost:4300/_next/static/chunks/ee53c_next_dist_client_e5d7a3._.js:13665
[ 3343436ms] [LOG] [Fast Refresh] rebuilding @ http://localhost:4300/_next/static/chunks/ee53c_next_dist_client_e5d7a3._.js:13665
[ 3343438ms] [LOG] [Fast Refresh] rebuilding @ http://localhost:4300/_next/static/chunks/ee53c_next_dist_client_e5d7a3._.js:13665
[ 3343482ms] [LOG] [Fast Refresh] rebuilding @ http://localhost:4300/_next/static/chunks/ee53c_next_dist_client_e5d7a3._.js:13665
[ 3343485ms] [LOG] [Fast Refresh] rebuilding @ http://localhost:4300/_next/static/chunks/ee53c_next_dist_client_e5d7a3._.js:13665
[ 3343486ms] [LOG] [Fast Refresh] rebuilding @ http://localhost:4300/_next/static/chunks/ee53c_next_dist_client_e5d7a3._.js:13665
[ 3343493ms] [LOG] [Fast Refresh] rebuilding @ http://localhost:4300/_next/static/chunks/ee53c_next_dist_client_e5d7a3._.js:13665
[ 3343494ms] [LOG] [Fast Refresh] rebuilding @ http://localhost:4300/_next/static/chunks/ee53c_next_dist_client_e5d7a3._.js:13665
[ 3343494ms] [LOG] [Fast Refresh] rebuilding @ http://localhost:4300/_next/static/chunks/ee53c_next_dist_client_e5d7a3._.js:13665
[ 3343494ms] [LOG] [Fast Refresh] rebuilding @ http://localhost:4300/_next/static/chunks/ee53c_next_dist_client_e5d7a3._.js:13665
[ 3343494ms] [LOG] [Fast Refresh] rebuilding @ http://localhost:4300/_next/static/chunks/ee53c_next_dist_client_e5d7a3._.js:13665
[ 3343494ms] [LOG] [Fast Refresh] rebuilding @ http://localhost:4300/_next/static/chunks/ee53c_next_dist_client_e5d7a3._.js:13665
[ 3343498ms] [LOG] [Fast Refresh] rebuilding @ http://localhost:4300/_next/static/chunks/ee53c_next_dist_client_e5d7a3._.js:13665
[ 3343499ms] [LOG] [Fast Refresh] rebuilding @ http://localhost:4300/_next/static/chunks/ee53c_next_dist_client_e5d7a3._.js:13665
[ 3343502ms] [LOG] [Fast Refresh] rebuilding @ http://localhost:4300/_next/static/chunks/ee53c_next_dist_client_e5d7a3._.js:13665
[ 3343508ms] [LOG] [Fast Refresh] rebuilding @ http://localhost:4300/_next/static/chunks/ee53c_next_dist_client_e5d7a3._.js:13665
[ 3343528ms] [LOG] [Fast Refresh] rebuilding @ http://localhost:4300/_next/static/chunks/ee53c_next_dist_client_e5d7a3._.js:13665
[ 3343545ms] [LOG] [Fast Refresh] rebuilding @ http://localhost:4300/_next/static/chunks/ee53c_next_dist_client_e5d7a3._.js:13665
[ 3343546ms] [LOG] [Fast Refresh] rebuilding @ http://localhost:4300/_next/static/chunks/ee53c_next_dist_client_e5d7a3._.js:13665
[ 3343546ms] [LOG] [Fast Refresh] rebuilding @ http://localhost:4300/_next/static/chunks/ee53c_next_dist_client_e5d7a3._.js:13665
[ 3343549ms] [LOG] [Fast Refresh] rebuilding @ http://localhost:4300/_next/static/chunks/ee53c_next_dist_client_e5d7a3._.js:13665
[ 3343562ms] [LOG] [Fast Refresh] rebuilding @ http://localhost:4300/_next/static/chunks/ee53c_next_dist_client_e5d7a3._.js:13665
[ 3343566ms] [LOG] [Fast Refresh] rebuilding @ http://localhost:4300/_next/static/chunks/ee53c_next_dist_client_e5d7a3._.js:13665
[ 3343567ms] [LOG] [Fast Refresh] rebuilding @ http://localhost:4300/_next/static/chunks/ee53c_next_dist_client_e5d7a3._.js:13665
[ 3343567ms] [LOG] [Fast Refresh] rebuilding @ http://localhost:4300/_next/static/chunks/ee53c_next_dist_client_e5d7a3._.js:13665
[ 3343574ms] [LOG] [Fast Refresh] rebuilding @ http://localhost:4300/_next/static/chunks/ee53c_next_dist_client_e5d7a3._.js:13665
[ 3343577ms] [LOG] [Fast Refresh] rebuilding @ http://localhost:4300/_next/static/chunks/ee53c_next_dist_client_e5d7a3._.js:13665
[ 3343580ms] [LOG] [Fast Refresh] rebuilding @ http://localhost:4300/_next/static/chunks/ee53c_next_dist_client_e5d7a3._.js:13665
[ 3343582ms] [LOG] [Fast Refresh] rebuilding @ http://localhost:4300/_next/static/chunks/ee53c_next_dist_client_e5d7a3._.js:13665
[ 3343587ms] [LOG] [Fast Refresh] rebuilding @ http://localhost:4300/_next/static/chunks/ee53c_next_dist_client_e5d7a3._.js:13665
[ 3343587ms] [LOG] [Fast Refresh] rebuilding @ http://localhost:4300/_next/static/chunks/ee53c_next_dist_client_e5d7a3._.js:13665
[ 3343588ms] [LOG] [Fast Refresh] rebuilding @ http://localhost:4300/_next/static/chunks/ee53c_next_dist_client_e5d7a3._.js:13665
[ 3343588ms] [LOG] [Fast Refresh] rebuilding @ http://localhost:4300/_next/static/chunks/ee53c_next_dist_client_e5d7a3._.js:13665
[ 3343590ms] [LOG] [Fast Refresh] rebuilding @ http://localhost:4300/_next/static/chunks/ee53c_next_dist_client_e5d7a3._.js:13665
[ 3343591ms] [LOG] [Fast Refresh] rebuilding @ http://localhost:4300/_next/static/chunks/ee53c_next_dist_client_e5d7a3._.js:13665
[ 3343644ms] [LOG] [Fast Refresh] rebuilding @ http://localhost:4300/_next/static/chunks/ee53c_next_dist_client_e5d7a3._.js:13665
[ 3343646ms] [LOG] [Fast Refresh] rebuilding @ http://localhost:4300/_next/static/chunks/ee53c_next_dist_client_e5d7a3._.js:13665
[ 3343647ms] [LOG] [Fast Refresh] rebuilding @ http://localhost:4300/_next/static/chunks/ee53c_next_dist_client_e5d7a3._.js:13665
[ 3343649ms] [LOG] [Fast Refresh] rebuilding @ http://localhost:4300/_next/static/chunks/ee53c_next_dist_client_e5d7a3._.js:13665
[ 3343650ms] [LOG] [Fast Refresh] rebuilding @ http://localhost:4300/_next/static/chunks/ee53c_next_dist_client_e5d7a3._.js:13665
[ 3343651ms] [LOG] [Fast Refresh] rebuilding @ http://localhost:4300/_next/static/chunks/ee53c_next_dist_client_e5d7a3._.js:13665
[ 3343651ms] [LOG] [Fast Refresh] rebuilding @ http://localhost:4300/_next/static/chunks/ee53c_next_dist_client_e5d7a3._.js:13665
[ 3348576ms] [ERROR] Failed to load resource: the server responded with a status of 404 (Not Found) @ http://localhost:4300/sequences/trust/0079.webp:0
[ 3348577ms] [ERROR] Failed to load resource: the server responded with a status of 404 (Not Found) @ http://localhost:4300/sequences/trust/0091.webp:0
[ 3348944ms] [ERROR] Failed to load resource: the server responded with a status of 404 (Not Found) @ http://localhost:4300/sequences/trust/0095.webp:0
[ 3348953ms] [ERROR] Failed to load resource: the server responded with a status of 404 (Not Found) @ http://localhost:4300/sequences/trust/0087.webp:0
[ 3348961ms] [ERROR] Failed to load resource: the server responded with a status of 404 (Not Found) @ http://localhost:4300/sequences/trust/0099.webp:0
[ 3348969ms] [ERROR] Failed to load resource: the server responded with a status of 404 (Not Found) @ http://localhost:4300/sequences/trust/0083.webp:0
[ 3351151ms] [LOG] [Fast Refresh] rebuilding @ http://localhost:4300/_next/static/chunks/ee53c_next_dist_client_e5d7a3._.js:13665
[ 3351159ms] [LOG] [Fast Refresh] rebuilding @ http://localhost:4300/_next/static/chunks/ee53c_next_dist_client_e5d7a3._.js:13665
[ 3351168ms] [LOG] [Fast Refresh] rebuilding @ http://localhost:4300/_next/static/chunks/ee53c_next_dist_client_e5d7a3._.js:13665
[ 3351175ms] [LOG] [Fast Refresh] rebuilding @ http://localhost:4300/_next/static/chunks/ee53c_next_dist_client_e5d7a3._.js:13665
[ 3351181ms] [LOG] [Fast Refresh] rebuilding @ http://localhost:4300/_next/static/chunks/ee53c_next_dist_client_e5d7a3._.js:13665
[ 3351185ms] [LOG] [Fast Refresh] rebuilding @ http://localhost:4300/_next/static/chunks/ee53c_next_dist_client_e5d7a3._.js:13665
[ 3351190ms] [LOG] [Fast Refresh] rebuilding @ http://localhost:4300/_next/static/chunks/ee53c_next_dist_client_e5d7a3._.js:13665
[ 3351285ms] [LOG] [Fast Refresh] rebuilding @ http://localhost:4300/_next/static/chunks/ee53c_next_dist_client_e5d7a3._.js:13665
[ 3351629ms] [LOG] [Fast Refresh] rebuilding @ http://localhost:4300/_next/static/chunks/ee53c_next_dist_client_e5d7a3._.js:13665
[ 3351646ms] [LOG] [Fast Refresh] rebuilding @ http://localhost:4300/_next/static/chunks/ee53c_next_dist_client_e5d7a3._.js:13665
[ 3351662ms] [LOG] [Fast Refresh] rebuilding @ http://localhost:4300/_next/static/chunks/ee53c_next_dist_client_e5d7a3._.js:13665
[ 3351720ms] [LOG] [Fast Refresh] rebuilding @ http://localhost:4300/_next/static/chunks/ee53c_next_dist_client_e5d7a3._.js:13665
[ 3351737ms] [LOG] [Fast Refresh] rebuilding @ http://localhost:4300/_next/static/chunks/ee53c_next_dist_client_e5d7a3._.js:13665
[ 3351750ms] [LOG] [Fast Refresh] rebuilding @ http://localhost:4300/_next/static/chunks/ee53c_next_dist_client_e5d7a3._.js:13665
[ 3351777ms] [LOG] [Fast Refresh] rebuilding @ http://localhost:4300/_next/static/chunks/ee53c_next_dist_client_e5d7a3._.js:13665
[ 3351785ms] [LOG] [Fast Refresh] rebuilding @ http://localhost:4300/_next/static/chunks/ee53c_next_dist_client_e5d7a3._.js:13665
[ 3351792ms] [LOG] [Fast Refresh] rebuilding @ http://localhost:4300/_next/static/chunks/ee53c_next_dist_client_e5d7a3._.js:13665
[ 3351964ms] [LOG] [Fast Refresh] rebuilding @ http://localhost:4300/_next/static/chunks/ee53c_next_dist_client_e5d7a3._.js:13665
[ 3351968ms] [LOG] [Fast Refresh] rebuilding @ http://localhost:4300/_next/static/chunks/ee53c_next_dist_client_e5d7a3._.js:13665
[ 3351976ms] [LOG] [Fast Refresh] rebuilding @ http://localhost:4300/_next/static/chunks/ee53c_next_dist_client_e5d7a3._.js:13665
[ 3351986ms] [LOG] [Fast Refresh] rebuilding @ http://localhost:4300/_next/static/chunks/ee53c_next_dist_client_e5d7a3._.js:13665
[ 3352018ms] [LOG] [Fast Refresh] rebuilding @ http://localhost:4300/_next/static/chunks/ee53c_next_dist_client_e5d7a3._.js:13665
[ 3352030ms] [LOG] [Fast Refresh] rebuilding @ http://localhost:4300/_next/static/chunks/ee53c_next_dist_client_e5d7a3._.js:13665
[ 3352031ms] [LOG] [Fast Refresh] rebuilding @ http://localhost:4300/_next/static/chunks/ee53c_next_dist_client_e5d7a3._.js:13665
[ 3352035ms] [LOG] [Fast Refresh] rebuilding @ http://localhost:4300/_next/static/chunks/ee53c_next_dist_client_e5d7a3._.js:13665
[ 3352036ms] [LOG] [Fast Refresh] rebuilding @ http://localhost:4300/_next/static/chunks/ee53c_next_dist_client_e5d7a3._.js:13665
[ 3352036ms] [LOG] [Fast Refresh] rebuilding @ http://localhost:4300/_next/static/chunks/ee53c_next_dist_client_e5d7a3._.js:13665
[ 3352037ms] [LOG] [Fast Refresh] rebuilding @ http://localhost:4300/_next/static/chunks/ee53c_next_dist_client_e5d7a3._.js:13665
[ 3352091ms] [LOG] [Fast Refresh] rebuilding @ http://localhost:4300/_next/static/chunks/ee53c_next_dist_client_e5d7a3._.js:13665
[ 3352094ms] [LOG] [Fast Refresh] rebuilding @ http://localhost:4300/_next/static/chunks/ee53c_next_dist_client_e5d7a3._.js:13665
[ 3352096ms] [LOG] [Fast Refresh] rebuilding @ http://localhost:4300/_next/static/chunks/ee53c_next_dist_client_e5d7a3._.js:13665
[ 3352099ms] [LOG] [Fast Refresh] rebuilding @ http://localhost:4300/_next/static/chunks/ee53c_next_dist_client_e5d7a3._.js:13665
[ 3352114ms] [LOG] [Fast Refresh] rebuilding @ http://localhost:4300/_next/static/chunks/ee53c_next_dist_client_e5d7a3._.js:13665
[ 3352120ms] [LOG] [Fast Refresh] rebuilding @ http://localhost:4300/_next/static/chunks/ee53c_next_dist_client_e5d7a3._.js:13665
[ 3352130ms] [LOG] [Fast Refresh] rebuilding @ http://localhost:4300/_next/static/chunks/ee53c_next_dist_client_e5d7a3._.js:13665
[ 3354640ms] [ERROR] Failed to load resource: the server responded with a status of 404 (Not Found) @ http://localhost:4300/sequences/trust/0001.webp:0
[ 3354647ms] [ERROR] Failed to load resource: the server responded with a status of 404 (Not Found) @ http://localhost:4300/sequences/trust/0033.webp:0
[ 3354652ms] [ERROR] Failed to load resource: the server responded with a status of 404 (Not Found) @ http://localhost:4300/sequences/trust/0065.webp:0
[ 3354654ms] [ERROR] Failed to load resource: the server responded with a status of 404 (Not Found) @ http://localhost:4300/sequences/trust/0017.webp:0
[ 3354667ms] [ERROR] Failed to load resource: the server responded with a status of 404 (Not Found) @ http://localhost:4300/sequences/trust/0049.webp:0
[ 3354668ms] [ERROR] Failed to load resource: the server responded with a status of 404 (Not Found) @ http://localhost:4300/sequences/trust/0081.webp:0
[ 3354823ms] [LOG] [Fast Refresh] rebuilding @ http://localhost:4300/_next/static/chunks/ee53c_next_dist_client_e5d7a3._.js:13665
[ 3358576ms] [ERROR] Failed to load resource: the server responded with a status of 404 (Not Found) @ http://localhost:4300/sequences/trust/0097.webp:0
[ 3358676ms] [LOG] [Fast Refresh] rebuilding @ http://localhost:4300/_next/static/chunks/ee53c_next_dist_client_e5d7a3._.js:13665
[ 3358778ms] [LOG] [Fast Refresh] rebuilding @ http://localhost:4300/_next/static/chunks/ee53c_next_dist_client_e5d7a3._.js:13665
[ 3358779ms] [LOG] [Fast Refresh] rebuilding @ http://localhost:4300/_next/static/chunks/ee53c_next_dist_client_e5d7a3._.js:13665
[ 3358781ms] [LOG] [Fast Refresh] rebuilding @ http://localhost:4300/_next/static/chunks/ee53c_next_dist_client_e5d7a3._.js:13665
[ 3358781ms] [LOG] [Fast Refresh] rebuilding @ http://localhost:4300/_next/static/chunks/ee53c_next_dist_client_e5d7a3._.js:13665
[ 3358781ms] [LOG] [Fast Refresh] rebuilding @ http://localhost:4300/_next/static/chunks/ee53c_next_dist_client_e5d7a3._.js:13665
[ 3358794ms] [LOG] [Fast Refresh] rebuilding @ http://localhost:4300/_next/static/chunks/ee53c_next_dist_client_e5d7a3._.js:13665
[ 3358795ms] [LOG] [Fast Refresh] rebuilding @ http://localhost:4300/_next/static/chunks/ee53c_next_dist_client_e5d7a3._.js:13665
[ 3358795ms] [LOG] [Fast Refresh] rebuilding @ http://localhost:4300/_next/static/chunks/ee53c_next_dist_client_e5d7a3._.js:13665
[ 3358796ms] [LOG] [Fast Refresh] rebuilding @ http://localhost:4300/_next/static/chunks/ee53c_next_dist_client_e5d7a3._.js:13665
[ 3358796ms] [LOG] [Fast Refresh] rebuilding @ http://localhost:4300/_next/static/chunks/ee53c_next_dist_client_e5d7a3._.js:13665
[ 3358797ms] [LOG] [Fast Refresh] rebuilding @ http://localhost:4300/_next/static/chunks/ee53c_next_dist_client_e5d7a3._.js:13665
[ 3358798ms] [LOG] [Fast Refresh] rebuilding @ http://localhost:4300/_next/static/chunks/ee53c_next_dist_client_e5d7a3._.js:13665
[ 3358798ms] [LOG] [Fast Refresh] rebuilding @ http://localhost:4300/_next/static/chunks/ee53c_next_dist_client_e5d7a3._.js:13665
[ 3358798ms] [LOG] [Fast Refresh] rebuilding @ http://localhost:4300/_next/static/chunks/ee53c_next_dist_client_e5d7a3._.js:13665
[ 3358798ms] [LOG] [Fast Refresh] rebuilding @ http://localhost:4300/_next/static/chunks/ee53c_next_dist_client_e5d7a3._.js:13665
[ 3358800ms] [LOG] [Fast Refresh] rebuilding @ http://localhost:4300/_next/static/chunks/ee53c_next_dist_client_e5d7a3._.js:13665
[ 3358800ms] [LOG] [Fast Refresh] rebuilding @ http://localhost:4300/_next/static/chunks/ee53c_next_dist_client_e5d7a3._.js:13665
[ 3358801ms] [LOG] [Fast Refresh] rebuilding @ http://localhost:4300/_next/static/chunks/ee53c_next_dist_client_e5d7a3._.js:13665
[ 3358801ms] [LOG] [Fast Refresh] rebuilding @ http://localhost:4300/_next/static/chunks/ee53c_next_dist_client_e5d7a3._.js:13665
[ 3358801ms] [LOG] [Fast Refresh] rebuilding @ http://localhost:4300/_next/static/chunks/ee53c_next_dist_client_e5d7a3._.js:13665
[ 3358806ms] [LOG] [Fast Refresh] rebuilding @ http://localhost:4300/_next/static/chunks/ee53c_next_dist_client_e5d7a3._.js:13665
[ 3358807ms] [LOG] [Fast Refresh] rebuilding @ http://localhost:4300/_next/static/chunks/ee53c_next_dist_client_e5d7a3._.js:13665
[ 3358807ms] [LOG] [Fast Refresh] rebuilding @ http://localhost:4300/_next/static/chunks/ee53c_next_dist_client_e5d7a3._.js:13665
[ 3358808ms] [LOG] [Fast Refresh] rebuilding @ http://localhost:4300/_next/static/chunks/ee53c_next_dist_client_e5d7a3._.js:13665
[ 3358808ms] [LOG] [Fast Refresh] rebuilding @ http://localhost:4300/_next/static/chunks/ee53c_next_dist_client_e5d7a3._.js:13665
[ 3358809ms] [LOG] [Fast Refresh] rebuilding @ http://localhost:4300/_next/static/chunks/ee53c_next_dist_client_e5d7a3._.js:13665
[ 3358934ms] [ERROR] Failed to load resource: the server responded with a status of 404 (Not Found) @ http://localhost:4300/sequences/trust/0113.webp:0
[ 3358945ms] [ERROR] Failed to load resource: the server responded with a status of 404 (Not Found) @ http://localhost:4300/sequences/trust/0129.webp:0
[ 3358949ms] [ERROR] Failed to load resource: the server responded with a status of 404 (Not Found) @ http://localhost:4300/sequences/trust/0145.webp:0
[ 3358957ms] [ERROR] Failed to load resource: the server responded with a status of 404 (Not Found) @ http://localhost:4300/sequences/trust/0009.webp:0
[ 3358961ms] [ERROR] Failed to load resource: the server responded with a status of 404 (Not Found) @ http://localhost:4300/sequences/trust/0025.webp:0
[ 3360751ms] [LOG] [Fast Refresh] rebuilding @ http://localhost:4300/_next/static/chunks/ee53c_next_dist_client_e5d7a3._.js:13665
[ 3360835ms] [LOG] [Fast Refresh] rebuilding @ http://localhost:4300/_next/static/chunks/ee53c_next_dist_client_e5d7a3._.js:13665
[ 3360849ms] [LOG] [Fast Refresh] rebuilding @ http://localhost:4300/_next/static/chunks/ee53c_next_dist_client_e5d7a3._.js:13665
[ 3360850ms] [LOG] [Fast Refresh] rebuilding @ http://localhost:4300/_next/static/chunks/ee53c_next_dist_client_e5d7a3._.js:13665
[ 3360851ms] [LOG] [Fast Refresh] rebuilding @ http://localhost:4300/_next/static/chunks/ee53c_next_dist_client_e5d7a3._.js:13665
[ 3361476ms] [LOG] [Fast Refresh] rebuilding @ http://localhost:4300/_next/static/chunks/ee53c_next_dist_client_e5d7a3._.js:13665
[ 3361486ms] [LOG] [Fast Refresh] rebuilding @ http://localhost:4300/_next/static/chunks/ee53c_next_dist_client_e5d7a3._.js:13665
[ 3361488ms] [LOG] [Fast Refresh] rebuilding @ http://localhost:4300/_next/static/chunks/ee53c_next_dist_client_e5d7a3._.js:13665
[ 3361495ms] [LOG] [Fast Refresh] rebuilding @ http://localhost:4300/_next/static/chunks/ee53c_next_dist_client_e5d7a3._.js:13665
[ 3361497ms] [LOG] [Fast Refresh] rebuilding @ http://localhost:4300/_next/static/chunks/ee53c_next_dist_client_e5d7a3._.js:13665
[ 3364934ms] [ERROR] Failed to load resource: the server responded with a status of 404 (Not Found) @ http://localhost:4300/sequences/trust/0041.webp:0
[ 3365368ms] [ERROR] Failed to load resource: the server responded with a status of 404 (Not Found) @ http://localhost:4300/sequences/trust/0057.webp:0
[ 3365377ms] [ERROR] Failed to load resource: the server responded with a status of 404 (Not Found) @ http://localhost:4300/sequences/trust/0073.webp:0
[ 3365384ms] [ERROR] Failed to load resource: the server responded with a status of 404 (Not Found) @ http://localhost:4300/sequences/trust/0089.webp:0
[ 3365386ms] [ERROR] Failed to load resource: the server responded with a status of 404 (Not Found) @ http://localhost:4300/sequences/trust/0105.webp:0
[ 3365390ms] [ERROR] Failed to load resource: the server responded with a status of 404 (Not Found) @ http://localhost:4300/sequences/trust/0121.webp:0
[ 3365397ms] [LOG] [Fast Refresh] rebuilding @ http://localhost:4300/_next/static/chunks/ee53c_next_dist_client_e5d7a3._.js:13665
[ 3365397ms] [LOG] [Fast Refresh] rebuilding @ http://localhost:4300/_next/static/chunks/ee53c_next_dist_client_e5d7a3._.js:13665
[ 3365397ms] [LOG] [Fast Refresh] rebuilding @ http://localhost:4300/_next/static/chunks/ee53c_next_dist_client_e5d7a3._.js:13665
[ 3365398ms] [LOG] [Fast Refresh] rebuilding @ http://localhost:4300/_next/static/chunks/ee53c_next_dist_client_e5d7a3._.js:13665
[ 3365399ms] [LOG] [Fast Refresh] rebuilding @ http://localhost:4300/_next/static/chunks/ee53c_next_dist_client_e5d7a3._.js:13665
[ 3365399ms] [LOG] [Fast Refresh] rebuilding @ http://localhost:4300/_next/static/chunks/ee53c_next_dist_client_e5d7a3._.js:13665
[ 3365401ms] [LOG] [Fast Refresh] rebuilding @ http://localhost:4300/_next/static/chunks/ee53c_next_dist_client_e5d7a3._.js:13665
[ 3365407ms] [LOG] [Fast Refresh] rebuilding @ http://localhost:4300/_next/static/chunks/ee53c_next_dist_client_e5d7a3._.js:13665
[ 3365408ms] [LOG] [Fast Refresh] rebuilding @ http://localhost:4300/_next/static/chunks/ee53c_next_dist_client_e5d7a3._.js:13665
[ 3365408ms] [LOG] [Fast Refresh] rebuilding @ http://localhost:4300/_next/static/chunks/ee53c_next_dist_client_e5d7a3._.js:13665
[ 3365409ms] [LOG] [Fast Refresh] rebuilding @ http://localhost:4300/_next/static/chunks/ee53c_next_dist_client_e5d7a3._.js:13665
[ 3365410ms] [LOG] [Fast Refresh] rebuilding @ http://localhost:4300/_next/static/chunks/ee53c_next_dist_client_e5d7a3._.js:13665
[ 3365410ms] [LOG] [Fast Refresh] rebuilding @ http://localhost:4300/_next/static/chunks/ee53c_next_dist_client_e5d7a3._.js:13665
[ 3365411ms] [LOG] [Fast Refresh] rebuilding @ http://localhost:4300/_next/static/chunks/ee53c_next_dist_client_e5d7a3._.js:13665
[ 3368502ms] [ERROR] Failed to load resource: the server responded with a status of 404 (Not Found) @ http://localhost:4300/sequences/trust/0137.webp:0
[ 3370310ms] [ERROR] Failed to load resource: the server responded with a status of 404 (Not Found) @ http://localhost:4300/sequences/trust/0013.webp:0
[ 3370314ms] [ERROR] Failed to load resource: the server responded with a status of 404 (Not Found) @ http://localhost:4300/sequences/trust/0153.webp:0
[ 3370318ms] [ERROR] Failed to load resource: the server responded with a status of 404 (Not Found) @ http://localhost:4300/sequences/trust/0005.webp:0
[ 3370448ms] [ERROR] Failed to load resource: the server responded with a status of 404 (Not Found) @ http://localhost:4300/sequences/trust/0021.webp:0
[ 3370449ms] [ERROR] Failed to load resource: the server responded with a status of 404 (Not Found) @ http://localhost:4300/sequences/trust/0029.webp:0
[ 3370475ms] [LOG] [Fast Refresh] rebuilding @ http://localhost:4300/_next/static/chunks/ee53c_next_dist_client_e5d7a3._.js:13665
[ 3373917ms] [ERROR] Failed to load resource: the server responded with a status of 404 (Not Found) @ http://localhost:4300/sequences/trust/0037.webp:0
[ 3373918ms] [ERROR] Failed to load resource: the server responded with a status of 404 (Not Found) @ http://localhost:4300/sequences/trust/0045.webp:0
[ 3375025ms] [ERROR] Failed to load resource: the server responded with a status of 404 (Not Found) @ http://localhost:4300/sequences/trust/0053.webp:0
[ 3375032ms] [LOG] [Fast Refresh] rebuilding @ http://localhost:4300/_next/static/chunks/ee53c_next_dist_client_e5d7a3._.js:13665
[ 3375045ms] [LOG] [Fast Refresh] rebuilding @ http://localhost:4300/_next/static/chunks/ee53c_next_dist_client_e5d7a3._.js:13665
[ 3375052ms] [LOG] [Fast Refresh] rebuilding @ http://localhost:4300/_next/static/chunks/ee53c_next_dist_client_e5d7a3._.js:13665
[ 3379184ms] [ERROR] Failed to load resource: the server responded with a status of 404 (Not Found) @ http://localhost:4300/sequences/trust/0061.webp:0
[ 3381186ms] [ERROR] Failed to load resource: the server responded with a status of 404 (Not Found) @ http://localhost:4300/sequences/trust/0069.webp:0
[ 3381193ms] [ERROR] Failed to load resource: the server responded with a status of 404 (Not Found) @ http://localhost:4300/sequences/trust/0077.webp:0
[ 3381197ms] [LOG] [Fast Refresh] rebuilding @ http://localhost:4300/_next/static/chunks/ee53c_next_dist_client_e5d7a3._.js:13665
[ 3381197ms] [LOG] [Fast Refresh] rebuilding @ http://localhost:4300/_next/static/chunks/ee53c_next_dist_client_e5d7a3._.js:13665
[ 3381198ms] [LOG] [Fast Refresh] rebuilding @ http://localhost:4300/_next/static/chunks/ee53c_next_dist_client_e5d7a3._.js:13665
[ 3381228ms] [LOG] [Fast Refresh] rebuilding @ http://localhost:4300/_next/static/chunks/ee53c_next_dist_client_e5d7a3._.js:13665
[ 3381248ms] [LOG] [Fast Refresh] rebuilding @ http://localhost:4300/_next/static/chunks/ee53c_next_dist_client_e5d7a3._.js:13665
[ 3381555ms] [LOG] [Fast Refresh] rebuilding @ http://localhost:4300/_next/static/chunks/ee53c_next_dist_client_e5d7a3._.js:13665
[ 3381565ms] [LOG] [Fast Refresh] rebuilding @ http://localhost:4300/_next/static/chunks/ee53c_next_dist_client_e5d7a3._.js:13665
[ 3382494ms] [LOG] [Fast Refresh] rebuilding @ http://localhost:4300/_next/static/chunks/ee53c_next_dist_client_e5d7a3._.js:13665
[ 3382495ms] [LOG] [Fast Refresh] rebuilding @ http://localhost:4300/_next/static/chunks/ee53c_next_dist_client_e5d7a3._.js:13665
[ 3382495ms] [LOG] [Fast Refresh] rebuilding @ http://localhost:4300/_next/static/chunks/ee53c_next_dist_client_e5d7a3._.js:13665
[ 3382496ms] [LOG] [Fast Refresh] rebuilding @ http://localhost:4300/_next/static/chunks/ee53c_next_dist_client_e5d7a3._.js:13665
[ 3382521ms] [LOG] [Fast Refresh] rebuilding @ http://localhost:4300/_next/static/chunks/ee53c_next_dist_client_e5d7a3._.js:13665
[ 3382522ms] [LOG] [Fast Refresh] rebuilding @ http://localhost:4300/_next/static/chunks/ee53c_next_dist_client_e5d7a3._.js:13665
[ 3388787ms] [ERROR] Failed to load resource: the server responded with a status of 404 (Not Found) @ http://localhost:4300/sequences/trust/0085.webp:0
[ 3388788ms] [ERROR] Failed to load resource: the server responded with a status of 404 (Not Found) @ http://localhost:4300/sequences/trust/0093.webp:0
[ 3389040ms] [ERROR] Failed to load resource: the server responded with a status of 404 (Not Found) @ http://localhost:4300/sequences/trust/0101.webp:0
[ 3389042ms] [LOG] [Fast Refresh] rebuilding @ http://localhost:4300/_next/static/chunks/ee53c_next_dist_client_e5d7a3._.js:13665
[ 3389042ms] [LOG] [Fast Refresh] rebuilding @ http://localhost:4300/_next/static/chunks/ee53c_next_dist_client_e5d7a3._.js:13665
[ 3389043ms] [LOG] [Fast Refresh] rebuilding @ http://localhost:4300/_next/static/chunks/ee53c_next_dist_client_e5d7a3._.js:13665
[ 3389044ms] [LOG] [Fast Refresh] rebuilding @ http://localhost:4300/_next/static/chunks/ee53c_next_dist_client_e5d7a3._.js:13665
[ 3389049ms] [LOG] [Fast Refresh] rebuilding @ http://localhost:4300/_next/static/chunks/ee53c_next_dist_client_e5d7a3._.js:13665
[ 3389050ms] [LOG] [Fast Refresh] rebuilding @ http://localhost:4300/_next/static/chunks/ee53c_next_dist_client_e5d7a3._.js:13665
[ 3389050ms] [LOG] [Fast Refresh] rebuilding @ http://localhost:4300/_next/static/chunks/ee53c_next_dist_client_e5d7a3._.js:13665
[ 3394343ms] [LOG] [Fast Refresh] rebuilding @ http://localhost:4300/_next/static/chunks/ee53c_next_dist_client_e5d7a3._.js:13665
[ 3394346ms] [LOG] [Fast Refresh] rebuilding @ http://localhost:4300/_next/static/chunks/ee53c_next_dist_client_e5d7a3._.js:13665
[ 3394347ms] [LOG] [Fast Refresh] rebuilding @ http://localhost:4300/_next/static/chunks/ee53c_next_dist_client_e5d7a3._.js:13665
[ 3394362ms] [LOG] [Fast Refresh] rebuilding @ http://localhost:4300/_next/static/chunks/ee53c_next_dist_client_e5d7a3._.js:13665
[ 3394363ms] [LOG] [Fast Refresh] rebuilding @ http://localhost:4300/_next/static/chunks/ee53c_next_dist_client_e5d7a3._.js:13665
[ 3394363ms] [LOG] [Fast Refresh] rebuilding @ http://localhost:4300/_next/static/chunks/ee53c_next_dist_client_e5d7a3._.js:13665
[ 3394381ms] [LOG] [Fast Refresh] rebuilding @ http://localhost:4300/_next/static/chunks/ee53c_next_dist_client_e5d7a3._.js:13665
[ 3394386ms] [LOG] [Fast Refresh] rebuilding @ http://localhost:4300/_next/static/chunks/ee53c_next_dist_client_e5d7a3._.js:13665
[ 3394389ms] [LOG] [Fast Refresh] rebuilding @ http://localhost:4300/_next/static/chunks/ee53c_next_dist_client_e5d7a3._.js:13665
[ 3394392ms] [LOG] [Fast Refresh] rebuilding @ http://localhost:4300/_next/static/chunks/ee53c_next_dist_client_e5d7a3._.js:13665
[ 3394395ms] [LOG] [Fast Refresh] rebuilding @ http://localhost:4300/_next/static/chunks/ee53c_next_dist_client_e5d7a3._.js:13665
[ 3394405ms] [LOG] [Fast Refresh] rebuilding @ http://localhost:4300/_next/static/chunks/ee53c_next_dist_client_e5d7a3._.js:13665
[ 3394406ms] [LOG] [Fast Refresh] rebuilding @ http://localhost:4300/_next/static/chunks/ee53c_next_dist_client_e5d7a3._.js:13665
[ 3394407ms] [LOG] [Fast Refresh] rebuilding @ http://localhost:4300/_next/static/chunks/ee53c_next_dist_client_e5d7a3._.js:13665
[ 3394409ms] [LOG] [Fast Refresh] rebuilding @ http://localhost:4300/_next/static/chunks/ee53c_next_dist_client_e5d7a3._.js:13665
[ 3394410ms] [LOG] [Fast Refresh] rebuilding @ http://localhost:4300/_next/static/chunks/ee53c_next_dist_client_e5d7a3._.js:13665
[ 3394412ms] [LOG] [Fast Refresh] rebuilding @ http://localhost:4300/_next/static/chunks/ee53c_next_dist_client_e5d7a3._.js:13665
[ 3394424ms] [LOG] [Fast Refresh] rebuilding @ http://localhost:4300/_next/static/chunks/ee53c_next_dist_client_e5d7a3._.js:13665
[ 3394425ms] [LOG] [Fast Refresh] rebuilding @ http://localhost:4300/_next/static/chunks/ee53c_next_dist_client_e5d7a3._.js:13665
[ 3394425ms] [LOG] [Fast Refresh] rebuilding @ http://localhost:4300/_next/static/chunks/ee53c_next_dist_client_e5d7a3._.js:13665
[ 3394426ms] [LOG] [Fast Refresh] rebuilding @ http://localhost:4300/_next/static/chunks/ee53c_next_dist_client_e5d7a3._.js:13665
[ 3394426ms] [LOG] [Fast Refresh] rebuilding @ http://localhost:4300/_next/static/chunks/ee53c_next_dist_client_e5d7a3._.js:13665
[ 3394437ms] [LOG] [Fast Refresh] rebuilding @ http://localhost:4300/_next/static/chunks/ee53c_next_dist_client_e5d7a3._.js:13665
[ 3394438ms] [LOG] [Fast Refresh] rebuilding @ http://localhost:4300/_next/static/chunks/ee53c_next_dist_client_e5d7a3._.js:13665
[ 3394439ms] [LOG] [Fast Refresh] rebuilding @ http://localhost:4300/_next/static/chunks/ee53c_next_dist_client_e5d7a3._.js:13665
[ 3394441ms] [LOG] [Fast Refresh] rebuilding @ http://localhost:4300/_next/static/chunks/ee53c_next_dist_client_e5d7a3._.js:13665
[ 3394442ms] [LOG] [Fast Refresh] rebuilding @ http://localhost:4300/_next/static/chunks/ee53c_next_dist_client_e5d7a3._.js:13665
[ 3394473ms] [LOG] [Fast Refresh] rebuilding @ http://localhost:4300/_next/static/chunks/ee53c_next_dist_client_e5d7a3._.js:13665
[ 3396189ms] [ERROR] Failed to load resource: the server responded with a status of 404 (Not Found) @ http://localhost:4300/sequences/trust/0117.webp:0
[ 3396198ms] [ERROR] Failed to load resource: the server responded with a status of 404 (Not Found) @ http://localhost:4300/sequences/trust/0109.webp:0
[ 3396202ms] [ERROR] Failed to load resource: the server responded with a status of 404 (Not Found) @ http://localhost:4300/sequences/trust/0125.webp:0
[ 3400291ms] [ERROR] Failed to load resource: the server responded with a status of 404 (Not Found) @ http://localhost:4300/sequences/trust/0133.webp:0
[ 3400305ms] [ERROR] Failed to load resource: the server responded with a status of 404 (Not Found) @ http://localhost:4300/sequences/trust/0149.webp:0
[ 3400342ms] [ERROR] Failed to load resource: the server responded with a status of 404 (Not Found) @ http://localhost:4300/sequences/trust/0141.webp:0
[ 3400345ms] [LOG] [Fast Refresh] rebuilding @ http://localhost:4300/_next/static/chunks/ee53c_next_dist_client_e5d7a3._.js:13665
[ 3400345ms] [LOG] [Fast Refresh] rebuilding @ http://localhost:4300/_next/static/chunks/ee53c_next_dist_client_e5d7a3._.js:13665
[ 3400346ms] [LOG] [Fast Refresh] rebuilding @ http://localhost:4300/_next/static/chunks/ee53c_next_dist_client_e5d7a3._.js:13665
[ 3400348ms] [LOG] [Fast Refresh] rebuilding @ http://localhost:4300/_next/static/chunks/ee53c_next_dist_client_e5d7a3._.js:13665
[ 3400349ms] [LOG] [Fast Refresh] rebuilding @ http://localhost:4300/_next/static/chunks/ee53c_next_dist_client_e5d7a3._.js:13665
[ 3400349ms] [LOG] [Fast Refresh] rebuilding @ http://localhost:4300/_next/static/chunks/ee53c_next_dist_client_e5d7a3._.js:13665
[ 3400353ms] [LOG] [Fast Refresh] rebuilding @ http://localhost:4300/_next/static/chunks/ee53c_next_dist_client_e5d7a3._.js:13665
[ 3400358ms] [LOG] [Fast Refresh] rebuilding @ http://localhost:4300/_next/static/chunks/ee53c_next_dist_client_e5d7a3._.js:13665
[ 3400359ms] [LOG] [Fast Refresh] rebuilding @ http://localhost:4300/_next/static/chunks/ee53c_next_dist_client_e5d7a3._.js:13665
[ 3400362ms] [LOG] [Fast Refresh] rebuilding @ http://localhost:4300/_next/static/chunks/ee53c_next_dist_client_e5d7a3._.js:13665
[ 3400363ms] [LOG] [Fast Refresh] rebuilding @ http://localhost:4300/_next/static/chunks/ee53c_next_dist_client_e5d7a3._.js:13665
[ 3400370ms] [LOG] [Fast Refresh] done in 8ms @ http://localhost:4300/_next/static/chunks/ee53c_next_dist_client_e5d7a3._.js:13492
[ 3400644ms] [LOG] [Fast Refresh] done in 282ms @ http://localhost:4300/_next/static/chunks/ee53c_next_dist_client_e5d7a3._.js:13492
[ 3400658ms] [LOG] [Fast Refresh] rebuilding @ http://localhost:4300/_next/static/chunks/ee53c_next_dist_client_e5d7a3._.js:13665
[ 3400664ms] [LOG] [Fast Refresh] rebuilding @ http://localhost:4300/_next/static/chunks/ee53c_next_dist_client_e5d7a3._.js:13665
[ 3400665ms] [LOG] [Fast Refresh] rebuilding @ http://localhost:4300/_next/static/chunks/ee53c_next_dist_client_e5d7a3._.js:13665
[ 3400670ms] [LOG] [Fast Refresh] rebuilding @ http://localhost:4300/_next/static/chunks/ee53c_next_dist_client_e5d7a3._.js:13665
[ 3400670ms] [LOG] [Fast Refresh] rebuilding @ http://localhost:4300/_next/static/chunks/ee53c_next_dist_client_e5d7a3._.js:13665
[ 3400671ms] [LOG] [Fast Refresh] rebuilding @ http://localhost:4300/_next/static/chunks/ee53c_next_dist_client_e5d7a3._.js:13665
[ 3400704ms] [LOG] [Fast Refresh] rebuilding @ http://localhost:4300/_next/static/chunks/ee53c_next_dist_client_e5d7a3._.js:13665
[ 3400707ms] [LOG] [Fast Refresh] rebuilding @ http://localhost:4300/_next/static/chunks/ee53c_next_dist_client_e5d7a3._.js:13665
[ 3400711ms] [LOG] [Fast Refresh] rebuilding @ http://localhost:4300/_next/static/chunks/ee53c_next_dist_client_e5d7a3._.js:13665
[ 3400711ms] [LOG] [Fast Refresh] rebuilding @ http://localhost:4300/_next/static/chunks/ee53c_next_dist_client_e5d7a3._.js:13665
[ 3400712ms] [LOG] [Fast Refresh] rebuilding @ http://localhost:4300/_next/static/chunks/ee53c_next_dist_client_e5d7a3._.js:13665
[ 3400714ms] [LOG] [Fast Refresh] rebuilding @ http://localhost:4300/_next/static/chunks/ee53c_next_dist_client_e5d7a3._.js:13665
[ 3400755ms] [LOG] [Fast Refresh] rebuilding @ http://localhost:4300/_next/static/chunks/ee53c_next_dist_client_e5d7a3._.js:13665
[ 3414044ms] [ERROR] Failed to load resource: the server responded with a status of 404 (Not Found) @ http://localhost:4300/sequences/trust/0157.webp:0
[ 3414045ms] [ERROR] Failed to load resource: the server responded with a status of 404 (Not Found) @ http://localhost:4300/sequences/trust/0003.webp:0
[ 3414047ms] [LOG] [Fast Refresh] rebuilding @ http://localhost:4300/_next/static/chunks/ee53c_next_dist_client_e5d7a3._.js:13665
[ 3414056ms] [LOG] [Fast Refresh] rebuilding @ http://localhost:4300/_next/static/chunks/ee53c_next_dist_client_e5d7a3._.js:13665
[ 3414057ms] [LOG] [Fast Refresh] rebuilding @ http://localhost:4300/_next/static/chunks/ee53c_next_dist_client_e5d7a3._.js:13665
[ 3414059ms] [LOG] [Fast Refresh] rebuilding @ http://localhost:4300/_next/static/chunks/ee53c_next_dist_client_e5d7a3._.js:13665
[ 3414062ms] [LOG] [Fast Refresh] rebuilding @ http://localhost:4300/_next/static/chunks/ee53c_next_dist_client_e5d7a3._.js:13665
[ 3414062ms] [LOG] [Fast Refresh] rebuilding @ http://localhost:4300/_next/static/chunks/ee53c_next_dist_client_e5d7a3._.js:13665
[ 3414062ms] [LOG] [Fast Refresh] rebuilding @ http://localhost:4300/_next/static/chunks/ee53c_next_dist_client_e5d7a3._.js:13665
[ 3414062ms] [LOG] [Fast Refresh] rebuilding @ http://localhost:4300/_next/static/chunks/ee53c_next_dist_client_e5d7a3._.js:13665
[ 3414063ms] [LOG] [Fast Refresh] rebuilding @ http://localhost:4300/_next/static/chunks/ee53c_next_dist_client_e5d7a3._.js:13665
[ 3414091ms] [ERROR] Failed to load resource: the server responded with a status of 404 (Not Found) @ http://localhost:4300/sequences/trust/0007.webp:0
[ 3414092ms] [ERROR] Failed to load resource: the server responded with a status of 404 (Not Found) @ http://localhost:4300/sequences/trust/0011.webp:0
[ 3414093ms] [ERROR] Failed to load resource: the server responded with a status of 404 (Not Found) @ http://localhost:4300/sequences/trust/0019.webp:0
[ 3414094ms] [ERROR] Failed to load resource: the server responded with a status of 404 (Not Found) @ http://localhost:4300/sequences/trust/0015.webp:0
[ 3414098ms] [LOG] [Fast Refresh] rebuilding @ http://localhost:4300/_next/static/chunks/ee53c_next_dist_client_e5d7a3._.js:13665
[ 3414102ms] [LOG] [Fast Refresh] rebuilding @ http://localhost:4300/_next/static/chunks/ee53c_next_dist_client_e5d7a3._.js:13665
[ 3414105ms] [LOG] [Fast Refresh] rebuilding @ http://localhost:4300/_next/static/chunks/ee53c_next_dist_client_e5d7a3._.js:13665
[ 3414106ms] [LOG] [Fast Refresh] rebuilding @ http://localhost:4300/_next/static/chunks/ee53c_next_dist_client_e5d7a3._.js:13665
[ 3414107ms] [LOG] [Fast Refresh] rebuilding @ http://localhost:4300/_next/static/chunks/ee53c_next_dist_client_e5d7a3._.js:13665
[ 3414107ms] [LOG] [Fast Refresh] rebuilding @ http://localhost:4300/_next/static/chunks/ee53c_next_dist_client_e5d7a3._.js:13665
[ 3414124ms] [LOG] [Fast Refresh] rebuilding @ http://localhost:4300/_next/static/chunks/ee53c_next_dist_client_e5d7a3._.js:13665
[ 3414126ms] [LOG] [Fast Refresh] rebuilding @ http://localhost:4300/_next/static/chunks/ee53c_next_dist_client_e5d7a3._.js:13665
[ 3414127ms] [LOG] [Fast Refresh] rebuilding @ http://localhost:4300/_next/static/chunks/ee53c_next_dist_client_e5d7a3._.js:13665
[ 3414127ms] [LOG] [Fast Refresh] rebuilding @ http://localhost:4300/_next/static/chunks/ee53c_next_dist_client_e5d7a3._.js:13665
[ 3414136ms] [LOG] [Fast Refresh] rebuilding @ http://localhost:4300/_next/static/chunks/ee53c_next_dist_client_e5d7a3._.js:13665
[ 3422921ms] [ERROR] Failed to load resource: the server responded with a status of 404 (Not Found) @ http://localhost:4300/sequences/trust/0027.webp:0
[ 3422925ms] [ERROR] Failed to load resource: the server responded with a status of 404 (Not Found) @ http://localhost:4300/sequences/trust/0023.webp:0
[ 3432507ms] [ERROR] Failed to load resource: the server responded with a status of 404 (Not Found) @ http://localhost:4300/sequences/trust/0031.webp:0
[ 3432508ms] [ERROR] Failed to load resource: the server responded with a status of 404 (Not Found) @ http://localhost:4300/sequences/trust/0035.webp:0
[ 3432509ms] [ERROR] Failed to load resource: the server responded with a status of 404 (Not Found) @ http://localhost:4300/sequences/trust/0039.webp:0
[ 3433476ms] [LOG] [Fast Refresh] rebuilding @ http://localhost:4300/_next/static/chunks/ee53c_next_dist_client_e5d7a3._.js:13665
[ 3433480ms] [LOG] [Fast Refresh] rebuilding @ http://localhost:4300/_next/static/chunks/ee53c_next_dist_client_e5d7a3._.js:13665
[ 3433482ms] [LOG] [Fast Refresh] rebuilding @ http://localhost:4300/_next/static/chunks/ee53c_next_dist_client_e5d7a3._.js:13665
[ 3435017ms] [LOG] [Fast Refresh] rebuilding @ http://localhost:4300/_next/static/chunks/ee53c_next_dist_client_e5d7a3._.js:13665
[ 3435437ms] [LOG] [Fast Refresh] rebuilding @ http://localhost:4300/_next/static/chunks/ee53c_next_dist_client_e5d7a3._.js:13665
[ 3435469ms] [LOG] [Fast Refresh] rebuilding @ http://localhost:4300/_next/static/chunks/ee53c_next_dist_client_e5d7a3._.js:13665
[ 3435859ms] [ERROR] Failed to load resource: the server responded with a status of 404 (Not Found) @ http://localhost:4300/sequences/trust/0043.webp:0
[ 3438761ms] [ERROR] Failed to load resource: the server responded with a status of 404 (Not Found) @ http://localhost:4300/sequences/trust/0047.webp:0
[ 3441933ms] [ERROR] Failed to load resource: the server responded with a status of 404 (Not Found) @ http://localhost:4300/sequences/trust/0051.webp:0
[ 3441942ms] [LOG] [Fast Refresh] rebuilding @ http://localhost:4300/_next/static/chunks/ee53c_next_dist_client_e5d7a3._.js:13665
[ 3442908ms] [LOG] [Fast Refresh] rebuilding @ http://localhost:4300/_next/static/chunks/ee53c_next_dist_client_e5d7a3._.js:13665
[ 3442909ms] [LOG] [Fast Refresh] rebuilding @ http://localhost:4300/_next/static/chunks/ee53c_next_dist_client_e5d7a3._.js:13665
[ 3442909ms] [LOG] [Fast Refresh] rebuilding @ http://localhost:4300/_next/static/chunks/ee53c_next_dist_client_e5d7a3._.js:13665
[ 3442918ms] [LOG] [Fast Refresh] rebuilding @ http://localhost:4300/_next/static/chunks/ee53c_next_dist_client_e5d7a3._.js:13665
[ 3442919ms] [LOG] [Fast Refresh] rebuilding @ http://localhost:4300/_next/static/chunks/ee53c_next_dist_client_e5d7a3._.js:13665
[ 3442923ms] [LOG] [Fast Refresh] rebuilding @ http://localhost:4300/_next/static/chunks/ee53c_next_dist_client_e5d7a3._.js:13665
[ 3442925ms] [LOG] [Fast Refresh] rebuilding @ http://localhost:4300/_next/static/chunks/ee53c_next_dist_client_e5d7a3._.js:13665
[ 3442927ms] [LOG] [Fast Refresh] rebuilding @ http://localhost:4300/_next/static/chunks/ee53c_next_dist_client_e5d7a3._.js:13665
[ 3449774ms] [ERROR] Failed to load resource: the server responded with a status of 404 (Not Found) @ http://localhost:4300/sequences/trust/0055.webp:0
[ 3449775ms] [ERROR] Failed to load resource: the server responded with a status of 404 (Not Found) @ http://localhost:4300/sequences/trust/0059.webp:0
[ 3449779ms] [LOG] [Fast Refresh] rebuilding @ http://localhost:4300/_next/static/chunks/ee53c_next_dist_client_e5d7a3._.js:13665
[ 3449779ms] [LOG] [Fast Refresh] rebuilding @ http://localhost:4300/_next/static/chunks/ee53c_next_dist_client_e5d7a3._.js:13665
[ 3449780ms] [LOG] [Fast Refresh] rebuilding @ http://localhost:4300/_next/static/chunks/ee53c_next_dist_client_e5d7a3._.js:13665
[ 3449781ms] [LOG] [Fast Refresh] rebuilding @ http://localhost:4300/_next/static/chunks/ee53c_next_dist_client_e5d7a3._.js:13665
[ 3449781ms] [LOG] [Fast Refresh] rebuilding @ http://localhost:4300/_next/static/chunks/ee53c_next_dist_client_e5d7a3._.js:13665
[ 3449781ms] [LOG] [Fast Refresh] rebuilding @ http://localhost:4300/_next/static/chunks/ee53c_next_dist_client_e5d7a3._.js:13665
[ 3449782ms] [LOG] [Fast Refresh] rebuilding @ http://localhost:4300/_next/static/chunks/ee53c_next_dist_client_e5d7a3._.js:13665
[ 3449782ms] [LOG] [Fast Refresh] rebuilding @ http://localhost:4300/_next/static/chunks/ee53c_next_dist_client_e5d7a3._.js:13665
[ 3449782ms] [LOG] [Fast Refresh] rebuilding @ http://localhost:4300/_next/static/chunks/ee53c_next_dist_client_e5d7a3._.js:13665
[ 3449783ms] [LOG] [Fast Refresh] rebuilding @ http://localhost:4300/_next/static/chunks/ee53c_next_dist_client_e5d7a3._.js:13665
[ 3449783ms] [LOG] [Fast Refresh] rebuilding @ http://localhost:4300/_next/static/chunks/ee53c_next_dist_client_e5d7a3._.js:13665
[ 3449783ms] [LOG] [Fast Refresh] rebuilding @ http://localhost:4300/_next/static/chunks/ee53c_next_dist_client_e5d7a3._.js:13665
[ 3449784ms] [LOG] [Fast Refresh] rebuilding @ http://localhost:4300/_next/static/chunks/ee53c_next_dist_client_e5d7a3._.js:13665
[ 3449785ms] [LOG] [Fast Refresh] rebuilding @ http://localhost:4300/_next/static/chunks/ee53c_next_dist_client_e5d7a3._.js:13665
[ 3449785ms] [LOG] [Fast Refresh] rebuilding @ http://localhost:4300/_next/static/chunks/ee53c_next_dist_client_e5d7a3._.js:13665
[ 3449785ms] [LOG] [Fast Refresh] rebuilding @ http://localhost:4300/_next/static/chunks/ee53c_next_dist_client_e5d7a3._.js:13665
[ 3449785ms] [LOG] [Fast Refresh] rebuilding @ http://localhost:4300/_next/static/chunks/ee53c_next_dist_client_e5d7a3._.js:13665
[ 3449785ms] [LOG] [Fast Refresh] rebuilding @ http://localhost:4300/_next/static/chunks/ee53c_next_dist_client_e5d7a3._.js:13665
[ 3449787ms] [LOG] [Fast Refresh] rebuilding @ http://localhost:4300/_next/static/chunks/ee53c_next_dist_client_e5d7a3._.js:13665
[ 3449787ms] [LOG] [Fast Refresh] rebuilding @ http://localhost:4300/_next/static/chunks/ee53c_next_dist_client_e5d7a3._.js:13665
[ 3449787ms] [LOG] [Fast Refresh] rebuilding @ http://localhost:4300/_next/static/chunks/ee53c_next_dist_client_e5d7a3._.js:13665
[ 3449788ms] [LOG] [Fast Refresh] rebuilding @ http://localhost:4300/_next/static/chunks/ee53c_next_dist_client_e5d7a3._.js:13665
[ 3449788ms] [LOG] [Fast Refresh] rebuilding @ http://localhost:4300/_next/static/chunks/ee53c_next_dist_client_e5d7a3._.js:13665
[ 3449789ms] [LOG] [Fast Refresh] rebuilding @ http://localhost:4300/_next/static/chunks/ee53c_next_dist_client_e5d7a3._.js:13665
[ 3449791ms] [LOG] [Fast Refresh] rebuilding @ http://localhost:4300/_next/static/chunks/ee53c_next_dist_client_e5d7a3._.js:13665
[ 3449791ms] [LOG] [Fast Refresh] rebuilding @ http://localhost:4300/_next/static/chunks/ee53c_next_dist_client_e5d7a3._.js:13665
[ 3449791ms] [LOG] [Fast Refresh] rebuilding @ http://localhost:4300/_next/static/chunks/ee53c_next_dist_client_e5d7a3._.js:13665
[ 3449792ms] [LOG] [Fast Refresh] rebuilding @ http://localhost:4300/_next/static/chunks/ee53c_next_dist_client_e5d7a3._.js:13665
[ 3449792ms] [LOG] [Fast Refresh] rebuilding @ http://localhost:4300/_next/static/chunks/ee53c_next_dist_client_e5d7a3._.js:13665
[ 3449793ms] [LOG] [Fast Refresh] rebuilding @ http://localhost:4300/_next/static/chunks/ee53c_next_dist_client_e5d7a3._.js:13665
[ 3449793ms] [LOG] [Fast Refresh] rebuilding @ http://localhost:4300/_next/static/chunks/ee53c_next_dist_client_e5d7a3._.js:13665
[ 3449794ms] [LOG] [Fast Refresh] rebuilding @ http://localhost:4300/_next/static/chunks/ee53c_next_dist_client_e5d7a3._.js:13665
[ 3449794ms] [LOG] [Fast Refresh] rebuilding @ http://localhost:4300/_next/static/chunks/ee53c_next_dist_client_e5d7a3._.js:13665
[ 3449794ms] [LOG] [Fast Refresh] rebuilding @ http://localhost:4300/_next/static/chunks/ee53c_next_dist_client_e5d7a3._.js:13665
[ 3449795ms] [LOG] [Fast Refresh] rebuilding @ http://localhost:4300/_next/static/chunks/ee53c_next_dist_client_e5d7a3._.js:13665
[ 3449796ms] [LOG] [Fast Refresh] rebuilding @ http://localhost:4300/_next/static/chunks/ee53c_next_dist_client_e5d7a3._.js:13665
[ 3449796ms] [LOG] [Fast Refresh] rebuilding @ http://localhost:4300/_next/static/chunks/ee53c_next_dist_client_e5d7a3._.js:13665
[ 3449796ms] [LOG] [Fast Refresh] rebuilding @ http://localhost:4300/_next/static/chunks/ee53c_next_dist_client_e5d7a3._.js:13665
[ 3449796ms] [LOG] [Fast Refresh] rebuilding @ http://localhost:4300/_next/static/chunks/ee53c_next_dist_client_e5d7a3._.js:13665
[ 3450105ms] [ERROR] Failed to load resource: the server responded with a status of 404 (Not Found) @ http://localhost:4300/sequences/trust/0063.webp:0
[ 3464033ms] [ERROR] Failed to load resource: the server responded with a status of 404 (Not Found) @ http://localhost:4300/sequences/trust/0071.webp:0
[ 3468776ms] [ERROR] Failed to load resource: the server responded with a status of 404 (Not Found) @ http://localhost:4300/sequences/trust/0067.webp:0
[ 3468777ms] [ERROR] Failed to load resource: the server responded with a status of 404 (Not Found) @ http://localhost:4300/sequences/trust/0075.webp:0
[ 3468778ms] [ERROR] Failed to load resource: the server responded with a status of 404 (Not Found) @ http://localhost:4300/sequences/trust/0083.webp:0
[ 3468778ms] [ERROR] Failed to load resource: the server responded with a status of 404 (Not Found) @ http://localhost:4300/sequences/trust/0079.webp:0
[ 3468785ms] [LOG] [Fast Refresh] rebuilding @ http://localhost:4300/_next/static/chunks/ee53c_next_dist_client_e5d7a3._.js:13665
[ 3468785ms] [LOG] [Fast Refresh] rebuilding @ http://localhost:4300/_next/static/chunks/ee53c_next_dist_client_e5d7a3._.js:13665
[ 3468786ms] [LOG] [Fast Refresh] rebuilding @ http://localhost:4300/_next/static/chunks/ee53c_next_dist_client_e5d7a3._.js:13665
[ 3468786ms] [LOG] [Fast Refresh] rebuilding @ http://localhost:4300/_next/static/chunks/ee53c_next_dist_client_e5d7a3._.js:13665
[ 3468786ms] [LOG] [Fast Refresh] rebuilding @ http://localhost:4300/_next/static/chunks/ee53c_next_dist_client_e5d7a3._.js:13665
[ 3468786ms] [LOG] [Fast Refresh] rebuilding @ http://localhost:4300/_next/static/chunks/ee53c_next_dist_client_e5d7a3._.js:13665
[ 3468787ms] [LOG] [Fast Refresh] rebuilding @ http://localhost:4300/_next/static/chunks/ee53c_next_dist_client_e5d7a3._.js:13665
[ 3468788ms] [LOG] [Fast Refresh] rebuilding @ http://localhost:4300/_next/static/chunks/ee53c_next_dist_client_e5d7a3._.js:13665
[ 3468788ms] [LOG] [Fast Refresh] rebuilding @ http://localhost:4300/_next/static/chunks/ee53c_next_dist_client_e5d7a3._.js:13665
[ 3468789ms] [LOG] [Fast Refresh] rebuilding @ http://localhost:4300/_next/static/chunks/ee53c_next_dist_client_e5d7a3._.js:13665
[ 3468789ms] [LOG] [Fast Refresh] rebuilding @ http://localhost:4300/_next/static/chunks/ee53c_next_dist_client_e5d7a3._.js:13665
[ 3468789ms] [LOG] [Fast Refresh] rebuilding @ http://localhost:4300/_next/static/chunks/ee53c_next_dist_client_e5d7a3._.js:13665
[ 3468789ms] [LOG] [Fast Refresh] rebuilding @ http://localhost:4300/_next/static/chunks/ee53c_next_dist_client_e5d7a3._.js:13665
[ 3468790ms] [LOG] [Fast Refresh] rebuilding @ http://localhost:4300/_next/static/chunks/ee53c_next_dist_client_e5d7a3._.js:13665
[ 3468790ms] [LOG] [Fast Refresh] rebuilding @ http://localhost:4300/_next/static/chunks/ee53c_next_dist_client_e5d7a3._.js:13665
[ 3468790ms] [LOG] [Fast Refresh] rebuilding @ http://localhost:4300/_next/static/chunks/ee53c_next_dist_client_e5d7a3._.js:13665
[ 3468791ms] [LOG] [Fast Refresh] rebuilding @ http://localhost:4300/_next/static/chunks/ee53c_next_dist_client_e5d7a3._.js:13665
[ 3468793ms] [LOG] [Fast Refresh] rebuilding @ http://localhost:4300/_next/static/chunks/ee53c_next_dist_client_e5d7a3._.js:13665
[ 3468793ms] [LOG] [Fast Refresh] rebuilding @ http://localhost:4300/_next/static/chunks/ee53c_next_dist_client_e5d7a3._.js:13665
[ 3468793ms] [LOG] [Fast Refresh] rebuilding @ http://localhost:4300/_next/static/chunks/ee53c_next_dist_client_e5d7a3._.js:13665
[ 3468794ms] [LOG] [Fast Refresh] rebuilding @ http://localhost:4300/_next/static/chunks/ee53c_next_dist_client_e5d7a3._.js:13665
[ 3468794ms] [LOG] [Fast Refresh] rebuilding @ http://localhost:4300/_next/static/chunks/ee53c_next_dist_client_e5d7a3._.js:13665
[ 3468795ms] [LOG] [Fast Refresh] rebuilding @ http://localhost:4300/_next/static/chunks/ee53c_next_dist_client_e5d7a3._.js:13665
[ 3468795ms] [LOG] [Fast Refresh] rebuilding @ http://localhost:4300/_next/static/chunks/ee53c_next_dist_client_e5d7a3._.js:13665
[ 3468796ms] [LOG] [Fast Refresh] rebuilding @ http://localhost:4300/_next/static/chunks/ee53c_next_dist_client_e5d7a3._.js:13665
[ 3473531ms] [ERROR] Failed to load resource: net::ERR_CONNECTION_RESET @ http://localhost:4300/sequences/trust/0095.webp:0
[ 3473531ms] [ERROR] Failed to load resource: net::ERR_CONNECTION_RESET @ http://localhost:4300/sequences/trust/0099.webp:0
[ 3473531ms] [ERROR] Failed to load resource: net::ERR_CONNECTION_REFUSED @ http://localhost:4300/sequences/trust/0087.webp:0
[ 3473531ms] [ERROR] Failed to load resource: net::ERR_CONNECTION_RESET @ http://localhost:4300/sequences/trust/0103.webp:0
[ 3473532ms] [ERROR] Failed to load resource: net::ERR_CONNECTION_RESET @ http://localhost:4300/sequences/trust/0091.webp:0
[ 3473532ms] [ERROR] Failed to load resource: net::ERR_CONNECTION_RESET @ http://localhost:4300/sequences/trust/0107.webp:0
[ 3473618ms] [ERROR] Failed to load resource: net::ERR_CONNECTION_REFUSED @ http://localhost:4300/sequences/trust/0111.webp:0
[ 3473621ms] [ERROR] Failed to load resource: net::ERR_CONNECTION_REFUSED @ http://localhost:4300/sequences/trust/0115.webp:0
[ 3473622ms] [ERROR] Failed to load resource: net::ERR_CONNECTION_REFUSED @ http://localhost:4300/sequences/trust/0119.webp:0
[ 3473624ms] [ERROR] Failed to load resource: net::ERR_CONNECTION_REFUSED @ http://localhost:4300/sequences/trust/0123.webp:0
[ 3473625ms] [ERROR] Failed to load resource: net::ERR_CONNECTION_REFUSED @ http://localhost:4300/sequences/trust/0127.webp:0
[ 3473625ms] [ERROR] Failed to load resource: net::ERR_CONNECTION_REFUSED @ http://localhost:4300/sequences/trust/0131.webp:0
[ 3473872ms] [ERROR] Failed to load resource: net::ERR_CONNECTION_REFUSED @ http://localhost:4300/sequences/trust/0135.webp:0
[ 3473876ms] [ERROR] Failed to load resource: net::ERR_CONNECTION_REFUSED @ http://localhost:4300/sequences/trust/0139.webp:0
[ 3473878ms] [ERROR] Failed to load resource: net::ERR_CONNECTION_REFUSED @ http://localhost:4300/sequences/trust/0143.webp:0
[ 3473880ms] [ERROR] Failed to load resource: net::ERR_CONNECTION_REFUSED @ http://localhost:4300/sequences/trust/0147.webp:0
[ 3473883ms] [ERROR] Failed to load resource: net::ERR_CONNECTION_REFUSED @ http://localhost:4300/sequences/trust/0151.webp:0
[ 3480651ms] [ERROR] Failed to load resource: net::ERR_CONNECTION_REFUSED @ http://localhost:4300/sequences/trust/0155.webp:0
[ 3480651ms] [ERROR] Failed to load resource: net::ERR_CONNECTION_REFUSED @ http://localhost:4300/sequences/trust/0159.webp:0
[ 3480651ms] [ERROR] Failed to load resource: net::ERR_CONNECTION_REFUSED @ http://localhost:4300/sequences/trust/0002.webp:0
[ 3480651ms] [ERROR] Failed to load resource: net::ERR_CONNECTION_REFUSED @ http://localhost:4300/sequences/trust/0004.webp:0
[ 3480651ms] [ERROR] Failed to load resource: net::ERR_CONNECTION_REFUSED @ http://localhost:4300/sequences/trust/0006.webp:0
[ 3480651ms] [ERROR] Failed to load resource: net::ERR_CONNECTION_REFUSED @ http://localhost:4300/sequences/trust/0008.webp:0
[ 3480751ms] [ERROR] Failed to load resource: net::ERR_CONNECTION_REFUSED @ http://localhost:4300/sequences/trust/0010.webp:0
[ 3480752ms] [ERROR] Failed to load resource: net::ERR_CONNECTION_REFUSED @ http://localhost:4300/sequences/trust/0012.webp:0
[ 3480753ms] [ERROR] Failed to load resource: net::ERR_CONNECTION_REFUSED @ http://localhost:4300/sequences/trust/0014.webp:0
[ 3480753ms] [ERROR] Failed to load resource: net::ERR_CONNECTION_REFUSED @ http://localhost:4300/sequences/trust/0016.webp:0
[ 3480753ms] [ERROR] Failed to load resource: net::ERR_CONNECTION_REFUSED @ http://localhost:4300/sequences/trust/0018.webp:0
[ 3480753ms] [ERROR] Failed to load resource: net::ERR_CONNECTION_REFUSED @ http://localhost:4300/sequences/trust/0020.webp:0
[ 3480796ms] [ERROR] Failed to load resource: net::ERR_CONNECTION_REFUSED @ http://localhost:4300/sequences/trust/0022.webp:0
[ 3480797ms] [ERROR] Failed to load resource: net::ERR_CONNECTION_REFUSED @ http://localhost:4300/sequences/trust/0024.webp:0
[ 3480809ms] [ERROR] Failed to load resource: net::ERR_CONNECTION_REFUSED @ http://localhost:4300/sequences/trust/0026.webp:0
[ 3480810ms] [ERROR] Failed to load resource: net::ERR_CONNECTION_REFUSED @ http://localhost:4300/sequences/trust/0028.webp:0
[ 3480810ms] [ERROR] Failed to load resource: net::ERR_CONNECTION_REFUSED @ http://localhost:4300/sequences/trust/0030.webp:0
[ 3480810ms] [ERROR] Failed to load resource: net::ERR_CONNECTION_REFUSED @ http://localhost:4300/sequences/trust/0032.webp:0
[ 3480824ms] [ERROR] Failed to load resource: net::ERR_CONNECTION_REFUSED @ http://localhost:4300/sequences/trust/0034.webp:0
[ 3480825ms] [ERROR] Failed to load resource: net::ERR_CONNECTION_REFUSED @ http://localhost:4300/sequences/trust/0036.webp:0
[ 3480838ms] [ERROR] Failed to load resource: net::ERR_CONNECTION_REFUSED @ http://localhost:4300/sequences/trust/0038.webp:0
[ 3480839ms] [ERROR] Failed to load resource: net::ERR_CONNECTION_REFUSED @ http://localhost:4300/sequences/trust/0040.webp:0
[ 3480840ms] [ERROR] Failed to load resource: net::ERR_CONNECTION_REFUSED @ http://localhost:4300/sequences/trust/0042.webp:0
[ 3480840ms] [ERROR] Failed to load resource: net::ERR_CONNECTION_REFUSED @ http://localhost:4300/sequences/trust/0044.webp:0
[ 3480864ms] [ERROR] Failed to load resource: net::ERR_CONNECTION_REFUSED @ http://localhost:4300/sequences/trust/0046.webp:0
[ 3480865ms] [ERROR] Failed to load resource: net::ERR_CONNECTION_REFUSED @ http://localhost:4300/sequences/trust/0048.webp:0
[ 3480866ms] [ERROR] Failed to load resource: net::ERR_CONNECTION_REFUSED @ http://localhost:4300/sequences/trust/0050.webp:0
[ 3480867ms] [ERROR] Failed to load resource: net::ERR_CONNECTION_REFUSED @ http://localhost:4300/sequences/trust/0052.webp:0
[ 3480867ms] [ERROR] Failed to load resource: net::ERR_CONNECTION_REFUSED @ http://localhost:4300/sequences/trust/0054.webp:0
[ 3480867ms] [ERROR] Failed to load resource: net::ERR_CONNECTION_REFUSED @ http://localhost:4300/sequences/trust/0056.webp:0
[ 3480902ms] [ERROR] Failed to load resource: net::ERR_CONNECTION_REFUSED @ http://localhost:4300/sequences/trust/0058.webp:0
[ 3480904ms] [ERROR] Failed to load resource: net::ERR_CONNECTION_REFUSED @ http://localhost:4300/sequences/trust/0060.webp:0
[ 3480904ms] [ERROR] Failed to load resource: net::ERR_CONNECTION_REFUSED @ http://localhost:4300/sequences/trust/0062.webp:0
[ 3480904ms] [ERROR] Failed to load resource: net::ERR_CONNECTION_REFUSED @ http://localhost:4300/sequences/trust/0064.webp:0
[ 3480904ms] [ERROR] Failed to load resource: net::ERR_CONNECTION_REFUSED @ http://localhost:4300/sequences/trust/0066.webp:0
[ 3480904ms] [ERROR] Failed to load resource: net::ERR_CONNECTION_REFUSED @ http://localhost:4300/sequences/trust/0068.webp:0
[ 3480981ms] [ERROR] Failed to load resource: net::ERR_CONNECTION_REFUSED @ http://localhost:4300/sequences/trust/0070.webp:0
[ 3480983ms] [ERROR] Failed to load resource: net::ERR_CONNECTION_REFUSED @ http://localhost:4300/sequences/trust/0072.webp:0
[ 3480985ms] [ERROR] Failed to load resource: net::ERR_CONNECTION_REFUSED @ http://localhost:4300/sequences/trust/0074.webp:0
[ 3480986ms] [ERROR] Failed to load resource: net::ERR_CONNECTION_REFUSED @ http://localhost:4300/sequences/trust/0076.webp:0
[ 3480987ms] [ERROR] Failed to load resource: net::ERR_CONNECTION_REFUSED @ http://localhost:4300/sequences/trust/0078.webp:0
[ 3480988ms] [ERROR] Failed to load resource: net::ERR_CONNECTION_REFUSED @ http://localhost:4300/sequences/trust/0080.webp:0
[ 3481054ms] [ERROR] Failed to load resource: net::ERR_CONNECTION_REFUSED @ http://localhost:4300/sequences/trust/0082.webp:0
[ 3481056ms] [ERROR] Failed to load resource: net::ERR_CONNECTION_REFUSED @ http://localhost:4300/sequences/trust/0084.webp:0
[ 3481057ms] [ERROR] Failed to load resource: net::ERR_CONNECTION_REFUSED @ http://localhost:4300/sequences/trust/0086.webp:0
[ 3481057ms] [ERROR] Failed to load resource: net::ERR_CONNECTION_REFUSED @ http://localhost:4300/sequences/trust/0088.webp:0
[ 3481058ms] [ERROR] Failed to load resource: net::ERR_CONNECTION_REFUSED @ http://localhost:4300/sequences/trust/0090.webp:0
[ 3481058ms] [ERROR] Failed to load resource: net::ERR_CONNECTION_REFUSED @ http://localhost:4300/sequences/trust/0092.webp:0
[ 3483379ms] [ERROR] Failed to load resource: net::ERR_CONNECTION_REFUSED @ http://localhost:4300/sequences/trust/0094.webp:0
[ 3483379ms] [ERROR] Failed to load resource: net::ERR_CONNECTION_REFUSED @ http://localhost:4300/sequences/trust/0096.webp:0
[ 3483379ms] [ERROR] Failed to load resource: net::ERR_CONNECTION_REFUSED @ http://localhost:4300/sequences/trust/0098.webp:0
[ 3483379ms] [ERROR] Failed to load resource: net::ERR_CONNECTION_REFUSED @ http://localhost:4300/sequences/trust/0100.webp:0
[ 3483379ms] [ERROR] Failed to load resource: net::ERR_CONNECTION_REFUSED @ http://localhost:4300/sequences/trust/0102.webp:0
[ 3483379ms] [ERROR] Failed to load resource: net::ERR_CONNECTION_REFUSED @ http://localhost:4300/sequences/trust/0104.webp:0
[ 3490149ms] [ERROR] Failed to load resource: net::ERR_CONNECTION_REFUSED @ http://localhost:4300/sequences/trust/0106.webp:0
[ 3490152ms] [ERROR] Failed to load resource: net::ERR_CONNECTION_REFUSED @ http://localhost:4300/sequences/trust/0108.webp:0
[ 3490261ms] [ERROR] Failed to load resource: net::ERR_CONNECTION_REFUSED @ http://localhost:4300/sequences/trust/0110.webp:0
[ 3490263ms] [ERROR] Failed to load resource: net::ERR_CONNECTION_REFUSED @ http://localhost:4300/sequences/trust/0112.webp:0
[ 3490264ms] [ERROR] Failed to load resource: net::ERR_CONNECTION_REFUSED @ http://localhost:4300/sequences/trust/0114.webp:0
[ 3490265ms] [ERROR] Failed to load resource: net::ERR_CONNECTION_REFUSED @ http://localhost:4300/sequences/trust/0116.webp:0
[ 3490266ms] [ERROR] Failed to load resource: net::ERR_CONNECTION_REFUSED @ http://localhost:4300/sequences/trust/0118.webp:0
[ 3490271ms] [ERROR] Failed to load resource: net::ERR_CONNECTION_REFUSED @ http://localhost:4300/sequences/trust/0120.webp:0
[ 3490308ms] [ERROR] Failed to load resource: net::ERR_CONNECTION_REFUSED @ http://localhost:4300/sequences/trust/0122.webp:0
[ 3490312ms] [ERROR] Failed to load resource: net::ERR_CONNECTION_REFUSED @ http://localhost:4300/sequences/trust/0124.webp:0
[ 3490314ms] [ERROR] Failed to load resource: net::ERR_CONNECTION_REFUSED @ http://localhost:4300/sequences/trust/0126.webp:0
[ 3490315ms] [ERROR] Failed to load resource: net::ERR_CONNECTION_REFUSED @ http://localhost:4300/sequences/trust/0128.webp:0
[ 3490315ms] [ERROR] Failed to load resource: net::ERR_CONNECTION_REFUSED @ http://localhost:4300/sequences/trust/0130.webp:0
[ 3490316ms] [ERROR] Failed to load resource: net::ERR_CONNECTION_REFUSED @ http://localhost:4300/sequences/trust/0132.webp:0
[ 3490345ms] [ERROR] Failed to load resource: net::ERR_CONNECTION_REFUSED @ http://localhost:4300/sequences/trust/0134.webp:0
[ 3496091ms] [ERROR] Failed to load resource: net::ERR_CONNECTION_REFUSED @ http://localhost:4300/sequences/trust/0136.webp:0
[ 3496091ms] [ERROR] Failed to load resource: net::ERR_CONNECTION_REFUSED @ http://localhost:4300/sequences/trust/0138.webp:0
[ 3496091ms] [ERROR] Failed to load resource: net::ERR_CONNECTION_REFUSED @ http://localhost:4300/sequences/trust/0140.webp:0
[ 3496091ms] [ERROR] Failed to load resource: net::ERR_CONNECTION_REFUSED @ http://localhost:4300/sequences/trust/0142.webp:0
[ 3496091ms] [ERROR] Failed to load resource: net::ERR_CONNECTION_REFUSED @ http://localhost:4300/sequences/trust/0144.webp:0
[ 3496178ms] [ERROR] Failed to load resource: net::ERR_CONNECTION_REFUSED @ http://localhost:4300/sequences/trust/0146.webp:0
[ 3496180ms] [ERROR] Failed to load resource: net::ERR_CONNECTION_REFUSED @ http://localhost:4300/sequences/trust/0148.webp:0
[ 3496181ms] [ERROR] Failed to load resource: net::ERR_CONNECTION_REFUSED @ http://localhost:4300/sequences/trust/0150.webp:0
[ 3496181ms] [ERROR] Failed to load resource: net::ERR_CONNECTION_REFUSED @ http://localhost:4300/sequences/trust/0152.webp:0
[ 3496181ms] [ERROR] Failed to load resource: net::ERR_CONNECTION_REFUSED @ http://localhost:4300/sequences/trust/0154.webp:0
[ 3496181ms] [ERROR] Failed to load resource: net::ERR_CONNECTION_REFUSED @ http://localhost:4300/sequences/trust/0156.webp:0
[ 3496231ms] [ERROR] Failed to load resource: net::ERR_CONNECTION_REFUSED @ http://localhost:4300/sequences/trust/0158.webp:0
[ 3496296ms] [ERROR] Failed to load resource: net::ERR_CONNECTION_REFUSED @ http://localhost:4300/sequences/trust/0160.webp:0
